ISO-10303-21;
HEADER;
FILE_DESCRIPTION (( 'STEP AP203' ),
    '1' );
FILE_NAME ('×°ÅäÌå11.STEP',
    '2025-06-08T12:01:47',
    ( '' ),
    ( '' ),
    'SwSTEP 2.0',
    'SolidWorks 2024',
    '' );
FILE_SCHEMA (( 'CONFIG_CONTROL_DESIGN' ));
ENDSEC;

DATA;
#1 = CARTESIAN_POINT ( 'NONE',  ( 6.494314511675443491, -5.139339641752596499, 0.000000000000000000 ) ) ;
#2 = ADVANCED_FACE ( 'NONE', ( #2177 ), #1124, .T. ) ;
#3 = CARTESIAN_POINT ( 'NONE',  ( -6.993672153534657987, 4.594372933012287774, 0.000000000000000000 ) ) ;
#4 = CARTESIAN_POINT ( 'NONE',  ( 2.726939712873762911, -7.639521561486019685, 11.99999999999998934 ) ) ;
#5 = ORIENTED_EDGE ( 'NONE', *, *, #1423, .F. ) ;
#6 = CARTESIAN_POINT ( 'NONE',  ( -6.138228046494666579, -4.431347343853155429, 0.000000000000000000 ) ) ;
#7 = CARTESIAN_POINT ( 'NONE',  ( -5.859283812824874538, 4.307551783251092559, 12.00000000000000000 ) ) ;
#8 = ORIENTED_EDGE ( 'NONE', *, *, #851, .F. ) ;
#9 = CARTESIAN_POINT ( 'NONE',  ( -2.317659613296777277, -7.207161661007002174, 11.99999999999999112 ) ) ;
#10 = PERSON_AND_ORGANIZATION ( #2562, #934 ) ;
#11 = CARTESIAN_POINT ( 'NONE',  ( -2.726950651943745196, -7.639514351464529618, 11.99999999999998224 ) ) ;
#12 = DIRECTION ( 'NONE',  ( 1.000000000000000000, 0.000000000000000000, 0.000000000000000000 ) ) ;
#13 = CARTESIAN_POINT ( 'NONE',  ( 4.799971562413229975, -1.559605301985993009, 11.99999999999999467 ) ) ;
#14 = ORIENTED_EDGE ( 'NONE', *, *, #1608, .F. ) ;
#15 = CLOSED_SHELL ( 'NONE', ( #2132, #525, #395, #1175, #2012, #322, #1054, #1849, #1318, #2066, #1268, #879, #2, #1245, #96, #454, #2237, #2310, #1639, #1173 ) ) ;
#16 = ORIENTED_EDGE ( 'NONE', *, *, #855, .F. ) ;
#17 = ADVANCED_FACE ( 'NONE', ( #1328 ), #310, .T. ) ;
#18 = CARTESIAN_POINT ( 'NONE',  ( -6.111278549054364184, 4.468440144895414967, 0.000000000000000000 ) ) ;
#19 = AXIS2_PLACEMENT_3D ( 'NONE', #2017, #2473, #743 ) ;
#20 = CARTESIAN_POINT ( 'NONE',  ( -6.604370679972648261, 4.570562234860815032, 12.00000000000000000 ) ) ;
#21 = AXIS2_PLACEMENT_3D ( 'NONE', #2188, #2615, #291 ) ;
#22 = CARTESIAN_POINT ( 'NONE',  ( 6.138221854008094169, -4.431360712238817889, 0.000000000000000000 ) ) ;
#23 = LOCAL_TIME ( 20, 1, 47.00000000000000000, #1644 ) ;
#24 = DATE_TIME_ROLE ( 'creation_date' ) ;
#25 = LOCAL_TIME ( 20, 1, 47.00000000000000000, #690 ) ;
#26 = LINE ( 'NONE', #633, #1065 ) ;
#27 = DIRECTION ( 'NONE',  ( 0.000000000000000000, 0.000000000000000000, 1.000000000000000000 ) ) ;
#28 =( NAMED_UNIT ( * ) SI_UNIT ( $, .STERADIAN. ) SOLID_ANGLE_UNIT ( ) );
#29 = CARTESIAN_POINT ( 'NONE',  ( 9.441328775402123341, 1.488213670286784307, 12.00000000000000178 ) ) ;
#30 = ORIENTED_EDGE ( 'NONE', *, *, #2712, .T. ) ;
#31 = CARTESIAN_POINT ( 'NONE',  ( -6.714272332570422108, -5.697735100902645122, 12.00000000000000000 ) ) ;
#32 = CARTESIAN_POINT ( 'NONE',  ( -20.50632911392404623, 15.00000000000000000, -14.30379746835441956 ) ) ;
#33 = ORIENTED_EDGE ( 'NONE', *, *, #2466, .F. ) ;
#34 = APPLICATION_CONTEXT ( 'configuration controlled 3d designs of mechanical parts and assemblies' ) ;
#35 = EDGE_CURVE ( 'NONE', #1479, #915, #1342, .T. ) ;
#36 = CARTESIAN_POINT ( 'NONE',  ( 7.371191738586986730, -0.04693806964190243985, 12.00000000000000178 ) ) ;
#37 = CALENDAR_DATE ( 2025, 8, 6 ) ;
#38 = CARTESIAN_POINT ( 'NONE',  ( 8.781005085690726020, 0.6630142691165642477, 12.00000000000000000 ) ) ;
#39 = CARTESIAN_POINT ( 'NONE',  ( 7.570611421465317292, -0.02292461178216257528, 12.00000000000001421 ) ) ;
#40 = ORIENTED_EDGE ( 'NONE', *, *, #2407, .F. ) ;
#41 = CARTESIAN_POINT ( 'NONE',  ( 2.286106919626245570, 6.903616755970015006, 12.00000000000000000 ) ) ;
#42 = ORIENTED_EDGE ( 'NONE', *, *, #1588, .T. ) ;
#43 = VERTEX_POINT ( 'NONE', #1373 ) ;
#44 = EDGE_CURVE ( 'NONE', #2591, #298, #2362, .T. ) ;
#45 = CARTESIAN_POINT ( 'NONE',  ( 4.824518969025301196, -3.147041245337504289, 11.99999999999998579 ) ) ;
#46 = CARTESIAN_POINT ( 'NONE',  ( 2.322464273014722025, 6.995915274641618886, 0.000000000000000000 ) ) ;
#47 = PERSON_AND_ORGANIZATION_ROLE ( 'creator' ) ;
#48 = EDGE_CURVE ( 'NONE', #299, #2433, #341, .T. ) ;
#49 = CARTESIAN_POINT ( 'NONE',  ( -4.483872434540669083, 3.615900976672636435, 0.000000000000000000 ) ) ;
#50 = DIRECTION ( 'NONE',  ( 0.000000000000000000, 0.000000000000000000, 1.000000000000000000 ) ) ;
#51 = CARTESIAN_POINT ( 'NONE',  ( -20.50632911392404623, 15.00000000000000000, -14.30379746835441956 ) ) ;
#52 = CARTESIAN_POINT ( 'NONE',  ( 7.371191738586973408, -0.04693806964190170433, 12.00000000000000000 ) ) ;
#53 = ORIENTED_EDGE ( 'NONE', *, *, #2031, .T. ) ;
#54 = DIRECTION ( 'NONE',  ( 1.000000000000000000, 0.000000000000000000, -0.000000000000000000 ) ) ;
#55 = CARTESIAN_POINT ( 'NONE',  ( 2.726939712873757582, -7.639521561486008139, 0.000000000000000000 ) ) ;
#56 = CARTESIAN_POINT ( 'NONE',  ( -5.935829880206394904, 4.370651491784906639, 0.000000000000000000 ) ) ;
#57 = FACE_OUTER_BOUND ( 'NONE', #972, .T. ) ;
#58 = ORIENTED_EDGE ( 'NONE', *, *, #544, .F. ) ;
#59 = CARTESIAN_POINT ( 'NONE',  ( 7.848789467786630780, 0.08654109137163294718, 0.000000000000000000 ) ) ;
#60 = DIRECTION ( 'NONE',  ( 1.000000000000000000, 0.000000000000000000, 0.000000000000000000 ) ) ;
#61 = CIRCLE ( 'NONE', #330, 2.281000000000001027 ) ;
#62 = PERSON_AND_ORGANIZATION ( #2562, #934 ) ;
#63 = AXIS2_PLACEMENT_3D ( 'NONE', #1755, #470, #306 ) ;
#64 = CARTESIAN_POINT ( 'NONE',  ( -5.472734944175708272, 3.988905485927058958, -0.000000000000000000 ) ) ;
#65 = EDGE_CURVE ( 'NONE', #2736, #1693, #142, .T. ) ;
#66 = CARTESIAN_POINT ( 'NONE',  ( 7.993670886075939563, 13.50000000000000000, 10.69720253164557988 ) ) ;
#67 = SHAPE_REPRESENTATION_RELATIONSHIP ( 'NONE' , 'NONE' ,  #1417, #1750 ) ;
#68 = CARTESIAN_POINT ( 'NONE',  ( 5.484842658736844179, -3.972240646507680051, 0.000000000000000000 ) ) ;
#69 = CC_DESIGN_APPROVAL ( #2688, ( #1258 ) ) ;
#70 = ORIENTED_EDGE ( 'NONE', *, *, #1661, .F. ) ;
#71 = CARTESIAN_POINT ( 'NONE',  ( -6.138228046494671020, -4.431347343853168752, 0.000000000000000000 ) ) ;
#72 = CARTESIAN_POINT ( 'NONE',  ( 11.49367088607593956, 2.000000000000000000, 8.183694709364671027 ) ) ;
#73 = B_SPLINE_CURVE_WITH_KNOTS ( 'NONE', 3,
 ( #1505, #702, #1735, #2596 ),
 .UNSPECIFIED., .F., .F.,
 ( 4, 4 ),
 ( 0.000000000000000000, 1.170086868559664151 ),
 .UNSPECIFIED. ) ;
#74 = ORIENTED_EDGE ( 'NONE', *, *, #698, .T. ) ;
#75 = ORIENTED_EDGE ( 'NONE', *, *, #1934, .F. ) ;
#76 = CARTESIAN_POINT ( 'NONE',  ( -3.344043840211335272, -8.146349429696927658, 12.00000000000000000 ) ) ;
#77 = DIRECTION ( 'NONE',  ( 1.000000000000000000, 0.000000000000000000, 0.000000000000000000 ) ) ;
#78 = MECHANICAL_CONTEXT ( 'NONE', #2020, 'mechanical' ) ;
#79 = CARTESIAN_POINT ( 'NONE',  ( -2.233182758817004565, 7.975075403754633641, 0.000000000000000000 ) ) ;
#80 = DIRECTION ( 'NONE',  ( 1.000000000000000000, 0.000000000000000000, 0.000000000000000000 ) ) ;
#81 =( NAMED_UNIT ( * ) PLANE_ANGLE_UNIT ( ) SI_UNIT ( $, .RADIAN. ) );
#82 = ORIENTED_EDGE ( 'NONE', *, *, #1474, .T. ) ;
#83 = EDGE_CURVE ( 'NONE', #148, #1862, #1654, .T. ) ;
#84 = CARTESIAN_POINT ( 'NONE',  ( -6.696538678762625985, 4.577647825018108740, 12.00000000000000355 ) ) ;
#85 = FACE_OUTER_BOUND ( 'NONE', #2549, .T. ) ;
#86 = DIRECTION ( 'NONE',  ( 1.000000000000000000, 0.000000000000000000, 0.000000000000000000 ) ) ;
#87 = ORIENTED_EDGE ( 'NONE', *, *, #1419, .F. ) ;
#88 = CARTESIAN_POINT ( 'NONE',  ( 2.840609691912021617E-14, -5.046988775295464968, 11.99999999999996980 ) ) ;
#89 = CARTESIAN_POINT ( 'NONE',  ( 4.493670886075944892, 2.000000000000000000, -8.418175746015899463 ) ) ;
#90 = SHAPE_DEFINITION_REPRESENTATION ( #2500, #1417 ) ;
#91 = CARTESIAN_POINT ( 'NONE',  ( 7.993670886075939563, 2.000000000000000000, -14.30379746835441956 ) ) ;
#92 = DIRECTION ( 'NONE',  ( 1.000000000000000000, -1.508455196501569950E-16, 0.000000000000000000 ) ) ;
#93 = SECURITY_CLASSIFICATION_LEVEL ( 'unclassified' ) ;
#94 = EDGE_LOOP ( 'NONE', ( #1103, #1106, #163, #1672 ) ) ;
#95 = CARTESIAN_POINT ( 'NONE',  ( 2.957494971740015188, -7.827703132519475027, 11.99999999999999822 ) ) ;
#96 = ADVANCED_FACE ( 'NONE', ( #2664 ), #1760, .F. ) ;
#97 = CARTESIAN_POINT ( 'NONE',  ( -9.465876182014010709, 3.075649613638217428, 11.99999999999996625 ) ) ;
#98 = CARTESIAN_POINT ( 'NONE',  ( 5.484842658736844179, -3.972240646507680051, 0.000000000000000000 ) ) ;
#99 = VERTEX_POINT ( 'NONE', #1552 ) ;
#100 = CARTESIAN_POINT ( 'NONE',  ( -6.530671864760560830, -5.231638159654074194, 11.99999999999999822 ) ) ;
#101 = CIRCLE ( 'NONE', #327, 2.280999999999999250 ) ;
#102 = DIRECTION ( 'NONE',  ( 1.000000000000000000, 0.000000000000000000, 0.000000000000000000 ) ) ;
#103 = CARTESIAN_POINT ( 'NONE',  ( 2.233182759024218367, 7.975075402953396342, 12.00000000000000000 ) ) ;
#104 = ORIENTED_EDGE ( 'NONE', *, *, #768, .F. ) ;
#105 = AXIS2_PLACEMENT_3D ( 'NONE', #883, #1716, #1535 ) ;
#106 = UNCERTAINTY_MEASURE_WITH_UNIT (LENGTH_MEASURE( 1.000000000000000082E-05 ), #1940, 'distance_accuracy_value', 'NONE');
#107 = CARTESIAN_POINT ( 'NONE',  ( -2.208344767625415983, -6.928883210454961805, 0.000000000000000000 ) ) ;
#108 = CARTESIAN_POINT ( 'NONE',  ( 5.907343465574437680, -4.241403345711030504, 0.000000000000000000 ) ) ;
#109 = PRODUCT_DEFINITION_FORMATION_WITH_SPECIFIED_SOURCE ( 'ä»', '', #390, .NOT_KNOWN. ) ;
#110 = CARTESIAN_POINT ( 'NONE',  ( -7.837972830483471931, 0.08896987981745686780, 12.00000000000000000 ) ) ;
#111 = CC_DESIGN_DATE_AND_TIME_ASSIGNMENT ( #1532, #1322, ( #984 ) ) ;
#112 = SECURITY_CLASSIFICATION ( '', '', #2441 ) ;
#113 = CARTESIAN_POINT ( 'NONE',  ( 6.298954255771805677, -4.683395835600492774, 11.99999999999999822 ) ) ;
#114 = VERTEX_POINT ( 'NONE', #2234 ) ;
#115 = ORIENTED_EDGE ( 'NONE', *, *, #1332, .F. ) ;
#116 = EDGE_CURVE ( 'NONE', #2524, #2590, #1563, .T. ) ;
#117 = DIRECTION ( 'NONE',  ( 1.000000000000000000, 0.000000000000000000, 0.000000000000000000 ) ) ;
#118 = COORDINATED_UNIVERSAL_TIME_OFFSET ( 8, 0, .AHEAD. ) ;
#119 = CARTESIAN_POINT ( 'NONE',  ( -6.422946048514706519, -4.954215774865630806, 0.000000000000000000 ) ) ;
#120 = CARTESIAN_POINT ( 'NONE',  ( 2.053333403260019008, 5.381790948875003089, 11.99999999999999822 ) ) ;
#121 = MECHANICAL_CONTEXT ( 'NONE', #2543, 'mechanical' ) ;
#122 = CARTESIAN_POINT ( 'NONE',  ( 2.082915758131233641, 8.556114783037312321, 12.00000000000000000 ) ) ;
#123 = VERTEX_POINT ( 'NONE', #696 ) ;
#124 = APPLICATION_CONTEXT ( 'configuration controlled 3d designs of mechanical parts and assemblies' ) ;
#125 = CARTESIAN_POINT ( 'NONE',  ( -2.957494971681620122, -7.827703132471341085, 12.00000000000000178 ) ) ;
#126 = DIRECTION ( 'NONE',  ( 0.000000000000000000, 0.000000000000000000, 1.000000000000000000 ) ) ;
#127 = CARTESIAN_POINT ( 'NONE',  ( 1.366094737331735587E-14, 9.953011224704617632, 0.000000000000000000 ) ) ;
#128 = CARTESIAN_POINT ( 'NONE',  ( 5.484842658736839738, -3.972240646507677386, 12.00000000000000000 ) ) ;
#129 = ORIENTED_EDGE ( 'NONE', *, *, #167, .T. ) ;
#130 = CARTESIAN_POINT ( 'NONE',  ( -5.907343465571187835, -4.241403345709341188, 0.000000000000000000 ) ) ;
#131 = ADVANCED_FACE ( 'NONE', ( #2194 ), #1378, .T. ) ;
#132 = CARTESIAN_POINT ( 'NONE',  ( -5.752902267991392371, -0.2897712499215130411, 0.000000000000000000 ) ) ;
#133 = CARTESIAN_POINT ( 'NONE',  ( 6.400658039661260013, 4.543412586211410975, 11.99999999999998934 ) ) ;
#134 = CARTESIAN_POINT ( 'NONE',  ( -1.803797468354419564, 11.99367088607594312, -9.364647018396274447 ) ) ;
#135 = ORIENTED_EDGE ( 'NONE', *, *, #1677, .F. ) ;
#136 = CARTESIAN_POINT ( 'NONE',  ( -6.298936487484965596, -4.683415911144965804, 12.00000000000001776 ) ) ;
#137 = DESIGN_CONTEXT ( 'detailed design', #34, 'design' ) ;
#138 = CARTESIAN_POINT ( 'NONE',  ( -4.408389392193635459, 6.067627457812033498, 12.00000000000000000 ) ) ;
#139 = CARTESIAN_POINT ( 'NONE',  ( 2.306000219334031875, -7.306488824362877388, 0.000000000000000000 ) ) ;
#140 = CARTESIAN_POINT ( 'NONE',  ( -6.138228046494677237, -4.431347343853171417, 12.00000000000001066 ) ) ;
#141 = DIRECTION ( 'NONE',  ( 0.000000000000000000, 1.000000000000000000, 0.000000000000000000 ) ) ;
#142 = CIRCLE ( 'NONE', #1104, 2.281000000000001027 ) ;
#143 = PRODUCT_RELATED_PRODUCT_CATEGORY ( 'detail', '', ( #366 ) ) ;
#144 = CARTESIAN_POINT ( 'NONE',  ( -2.361237320893930125, 7.193002405491951023, 11.99999999999999645 ) ) ;
#145 = CARTESIAN_POINT ( 'NONE',  ( -6.938893903907228378E-15, 9.953011224704635396, 0.000000000000000000 ) ) ;
#146 = VECTOR ( 'NONE', #2246, 1000.000000000000000 ) ;
#147 = DIRECTION ( 'NONE',  ( -1.000000000000000222, -1.665334536937734811E-16, -8.003663640381234989E-17 ) ) ;
#148 = VERTEX_POINT ( 'NONE', #2388 ) ;
#149 = CARTESIAN_POINT ( 'NONE',  ( -2.507690216013505502, -7.437910395382286488, 0.000000000000000000 ) ) ;
#150 = EDGE_CURVE ( 'NONE', #1580, #114, #886, .T. ) ;
#151 = CIRCLE ( 'NONE', #1294, 2.281000000000001027 ) ;
#152 = DIRECTION ( 'NONE',  ( 1.000000000000000000, 0.000000000000000000, 0.000000000000000000 ) ) ;
#153 = DIRECTION ( 'NONE',  ( 0.000000000000000000, 0.000000000000000000, -1.000000000000000000 ) ) ;
#154 = CARTESIAN_POINT ( 'NONE',  ( -4.799971562413356985, -1.559605301985927950, 0.000000000000000000 ) ) ;
#155 = AXIS2_PLACEMENT_3D ( 'NONE', #239, #1733, #541 ) ;
#156 = CARTESIAN_POINT ( 'NONE',  ( -2.208344767700846756, -6.928883210746629828, 12.00000000000000000 ) ) ;
#157 = CARTESIAN_POINT ( 'NONE',  ( 2.966545570604290027, 4.083099689633559848, 12.00000000000002132 ) ) ;
#158 = APPROVAL_PERSON_ORGANIZATION ( #434, #2688, #1498 ) ;
#159 = CARTESIAN_POINT ( 'NONE',  ( 2.880948904180683279, -7.764603423839081309, 11.99999999999999822 ) ) ;
#160 = FACE_OUTER_BOUND ( 'NONE', #650, .T. ) ;
#161 = CARTESIAN_POINT ( 'NONE',  ( -6.696538678762609109, 4.577647825018108740, 0.000000000000000000 ) ) ;
#162 = COORDINATED_UNIVERSAL_TIME_OFFSET ( 8, 0, .AHEAD. ) ;
#163 = ORIENTED_EDGE ( 'NONE', *, *, #1945, .F. ) ;
#164 = DIRECTION ( 'NONE',  ( 1.000000000000000000, 0.000000000000000000, 0.000000000000000000 ) ) ;
#165 = CARTESIAN_POINT ( 'NONE',  ( -5.907343465571184282, -4.241403345709340300, 0.000000000000000000 ) ) ;
#166 = CARTESIAN_POINT ( 'NONE',  ( -7.848792042523773382, 0.08651440597800413856, 12.00000000000000355 ) ) ;
#167 = EDGE_CURVE ( 'NONE', #1718, #458, #1357, .T. ) ;
#168 = CARTESIAN_POINT ( 'NONE',  ( -6.993672185098409599, 4.594372934942809295, 12.00000000000000000 ) ) ;
#169 = EDGE_LOOP ( 'NONE', ( #2548, #2566, #2243, #1502, #2287, #2338, #2667, #994, #2595, #2604, #402, #1010, #877, #1749, #348, #473, #1223, #1565, #1375, #1819 ) ) ;
#170 = CALENDAR_DATE ( 2025, 8, 6 ) ;
#171 = CARTESIAN_POINT ( 'NONE',  ( 2.208344767702624001, -6.928883210751606292, 12.00000000000000000 ) ) ;
#172 = CARTESIAN_POINT ( 'NONE',  ( 6.422935811018229302, -4.954223950520262321, 0.000000000000000000 ) ) ;
#173 = CARTESIAN_POINT ( 'NONE',  ( -20.50632911392404623, 0.000000000000000000, -14.30379746835441956 ) ) ;
#174 = DATE_TIME_ROLE ( 'creation_date' ) ;
#175 = ORIENTED_EDGE ( 'NONE', *, *, #1758, .F. ) ;
#176 = CARTESIAN_POINT ( 'NONE',  ( -8.358504278852750602, 0.3938515699128810610, 0.000000000000000000 ) ) ;
#177 = CARTESIAN_POINT ( 'NONE',  ( 2.306000219334031875, -7.306488824362877388, 12.00000000000000000 ) ) ;
#178 = CARTESIAN_POINT ( 'NONE',  ( -5.991008890419749378, -4.294704099738194003, 11.99999999999999822 ) ) ;
#179 = ORIENTED_EDGE ( 'NONE', *, *, #896, .T. ) ;
#180 = CARTESIAN_POINT ( 'NONE',  ( 5.859283812619222154, 4.307551783081990493, 12.00000000000000355 ) ) ;
#181 = CC_DESIGN_PERSON_AND_ORGANIZATION_ASSIGNMENT ( #1590, #578, ( #2650 ) ) ;
#182 = APPROVAL_ROLE ( '' ) ;
#183 = CARTESIAN_POINT ( 'NONE',  ( -2.284244450223213097, 7.783358316048081704, 12.00000000000001243 ) ) ;
#184 = CARTESIAN_POINT ( 'NONE',  ( 2.322464273014720249, 6.995915274641615333, 12.00000000000000000 ) ) ;
#185 = CARTESIAN_POINT ( 'NONE',  ( 1.366094737331735587E-14, 9.953011224704617632, 0.000000000000000000 ) ) ;
#186 = CARTESIAN_POINT ( 'NONE',  ( 2.726939712873762911, -7.639521561486019685, 11.99999999999998934 ) ) ;
#187 = EDGE_CURVE ( 'NONE', #447, #517, #1467, .T. ) ;
#188 = CARTESIAN_POINT ( 'NONE',  ( -6.604370679972648261, 4.570562234860815032, 12.00000000000000000 ) ) ;
#189 = CARTESIAN_POINT ( 'NONE',  ( -2.082915758131141715, -6.443885216963101570, 12.00000000000000000 ) ) ;
#190 = CARTESIAN_POINT ( 'NONE',  ( -7.371191737761330742, -0.04693806959179987887, -0.000000000000000000 ) ) ;
#191 = APPLICATION_PROTOCOL_DEFINITION ( 'international standard', 'config_control_design', 1994, #1628 ) ;
#192 = CARTESIAN_POINT ( 'NONE',  ( 8.358504278852761260, 0.3938515699128857239, 12.00000000000000178 ) ) ;
#193 = CARTESIAN_POINT ( 'NONE',  ( -4.408389392193635459, 6.067627457812033498, 0.000000000000000000 ) ) ;
#194 = CARTESIAN_POINT ( 'NONE',  ( -9.441328775402109130, 1.488213670286769874, 0.000000000000000000 ) ) ;
#195 = VERTEX_POINT ( 'NONE', #2377 ) ;
#196 = AXIS2_PLACEMENT_3D ( 'NONE', #983, #1669, #955 ) ;
#197 = CIRCLE ( 'NONE', #1615, 10.00000000000000178 ) ;
#198 = CARTESIAN_POINT ( 'NONE',  ( -2.233182758816827818, -7.024924596245807784, 12.00000000000000000 ) ) ;
#199 = CARTESIAN_POINT ( 'NONE',  ( -3.006329113924055108, 13.50000000000000000, -1.803797468354420230 ) ) ;
#200 = LOCAL_TIME ( 20, 1, 47.00000000000000000, #1984 ) ;
#201 = ORIENTED_EDGE ( 'NONE', *, *, #1945, .T. ) ;
#202 = CARTESIAN_POINT ( 'NONE',  ( 6.494314511675443491, -5.139339641752596499, 0.000000000000000000 ) ) ;
#203 = APPLICATION_PROTOCOL_DEFINITION ( 'international standard', 'config_control_design', 1994, #2309 ) ;
#204 = EDGE_CURVE ( 'NONE', #148, #731, #923, .T. ) ;
#205 = CARTESIAN_POINT ( 'NONE',  ( 4.799971562413223758, -1.559605301985985903, 0.000000000000000000 ) ) ;
#206 = CARTESIAN_POINT ( 'NONE',  ( 11.99367088607593956, 14.00000000000000000, -11.80379746835441956 ) ) ;
#207 = DIRECTION ( 'NONE',  ( 1.000000000000000000, 0.000000000000000000, 0.000000000000000000 ) ) ;
#208 = ORIENTED_EDGE ( 'NONE', *, *, #544, .T. ) ;
#209 = CARTESIAN_POINT ( 'NONE',  ( -2.880948904819274681, -7.764603424365499329, 0.000000000000000000 ) ) ;
#210 = VERTEX_POINT ( 'NONE', #501 ) ;
#211 = CARTESIAN_POINT ( 'NONE',  ( 2.082915758131233641, 8.556114783037312321, 12.00000000000000000 ) ) ;
#212 = CARTESIAN_POINT ( 'NONE',  ( -8.274838854705517832, 0.3405508163308278435, 12.00000000000000000 ) ) ;
#213 = DIRECTION ( 'NONE',  ( -1.000000000000000000, 1.734723475976807094E-16, 1.778091562876227272E-15 ) ) ;
#214 = CARTESIAN_POINT ( 'NONE',  ( 3.344043840211337049, -8.146349429696927658, 0.000000000000000000 ) ) ;
#215 = CARTESIAN_POINT ( 'NONE',  ( -6.111278549054369513, 4.468440144895414967, 11.99999999999998579 ) ) ;
#216 = PERSON_AND_ORGANIZATION ( #2562, #934 ) ;
#217 = CARTESIAN_POINT ( 'NONE',  ( 9.441328775402119788, 1.488213670286772317, 0.000000000000000000 ) ) ;
#218 = CARTESIAN_POINT ( 'NONE',  ( 7.993670886075939563, 13.50000000000000000, 10.69720253164557988 ) ) ;
#219 = EDGE_CURVE ( 'NONE', #2746, #1180, #1341, .T. ) ;
#220 = FACE_OUTER_BOUND ( 'NONE', #2035, .T. ) ;
#221 = CARTESIAN_POINT ( 'NONE',  ( 8.274838854007532163, 0.3405508158861603740, 12.00000000000000000 ) ) ;
#222 = ORIENTED_EDGE ( 'NONE', *, *, #609, .T. ) ;
#223 = CARTESIAN_POINT ( 'NONE',  ( 5.907343465469376831, -4.241403345644100042, 11.99999999999999645 ) ) ;
#224 = CARTESIAN_POINT ( 'NONE',  ( 5.859283812646883582, 4.307551783104793586, 0.000000000000000000 ) ) ;
#225 = CARTESIAN_POINT ( 'NONE',  ( -2.208344767625415983, -6.928883210454963582, 0.000000000000000000 ) ) ;
#226 = ORIENTED_EDGE ( 'NONE', *, *, #2042, .F. ) ;
#227 = CARTESIAN_POINT ( 'NONE',  ( 5.850233213782773056, -8.052155225990537346, 11.99999999999999289 ) ) ;
#228 = B_SPLINE_CURVE_WITH_KNOTS ( 'NONE', 3,
 ( #1663, #2438, #615, #224 ),
 .UNSPECIFIED., .F., .F.,
 ( 4, 4 ),
 ( 0.000000000000000000, 1.170086868559664151 ),
 .UNSPECIFIED. ) ;
#229 = APPROVAL_DATE_TIME ( #2130, #1383 ) ;
#230 = CARTESIAN_POINT ( 'NONE',  ( -2.322464272711822542, 6.995915273871762707, 12.00000000000000178 ) ) ;
#231 = CARTESIAN_POINT ( 'NONE',  ( 8.358504278852747049, 0.3938515699128781189, 0.000000000000000000 ) ) ;
#232 = CARTESIAN_POINT ( 'NONE',  ( 2.507714799693546937, -7.437899700421633398, 12.00000000000000888 ) ) ;
#233 = ORIENTED_EDGE ( 'NONE', *, *, #2583, .F. ) ;
#234 = EDGE_CURVE ( 'NONE', #114, #2381, #1141, .T. ) ;
#235 = ORIENTED_EDGE ( 'NONE', *, *, #896, .F. ) ;
#236 = CIRCLE ( 'NONE', #805, 2.281000000000001027 ) ;
#237 = CARTESIAN_POINT ( 'NONE',  ( 6.763445381126885536, -6.753463966749109204, 12.00000000000000533 ) ) ;
#238 = VECTOR ( 'NONE', #1085, 1000.000000000000000 ) ;
#239 = CARTESIAN_POINT ( 'NONE',  ( -7.132923872213531524, 2.317627457812000191, 0.000000000000000000 ) ) ;
#240 = VERTEX_POINT ( 'NONE', #95 ) ;
#241 = CIRCLE ( 'NONE', #1299, 10.00000000000000178 ) ;
#242 = CARTESIAN_POINT ( 'NONE',  ( -2.656539040913415750, -7.579614208211572723, 0.000000000000000000 ) ) ;
#243 = LOCAL_TIME ( 20, 1, 47.00000000000000000, #2396 ) ;
#244 = PERSON_AND_ORGANIZATION ( #2562, #934 ) ;
#245 = ORGANIZATION ( 'NAUO-ORG3', 'UNSPECIFIED', 'UNSPECIFIED' ) ;
#246 = CARTESIAN_POINT ( 'NONE',  ( -7.132923872213531524, 2.317627457812000191, 12.00000000000000000 ) ) ;
#247 =( NAMED_UNIT ( * ) PLANE_ANGLE_UNIT ( ) SI_UNIT ( $, .RADIAN. ) );
#248 = ORIENTED_EDGE ( 'NONE', *, *, #1119, .T. ) ;
#249 = EDGE_CURVE ( 'NONE', #911, #1247, #1144, .T. ) ;
#250 = ORIENTED_EDGE ( 'NONE', *, *, #2203, .T. ) ;
#251 = CARTESIAN_POINT ( 'NONE',  ( -5.850233213782795261, -8.052155225990542675, 12.00000000000001776 ) ) ;
#252 = CARTESIAN_POINT ( 'NONE',  ( -6.763445381126885536, -6.753463966749097658, 0.000000000000000000 ) ) ;
#253 = CARTESIAN_POINT ( 'NONE',  ( -4.408389392193486245, -6.067627457811999747, 0.000000000000000000 ) ) ;
#254 = VERTEX_POINT ( 'NONE', #2217 ) ;
#255 = CARTESIAN_POINT ( 'NONE',  ( 5.752902267991030882, -0.2897712499213903614, 11.99999999999999822 ) ) ;
#256 = CARTESIAN_POINT ( 'NONE',  ( 2.343103861940804222, 7.491385036312879997, 0.000000000000000000 ) ) ;
#257 = CALENDAR_DATE ( 2025, 8, 6 ) ;
#258 = PLANE ( 'NONE',  #2230 ) ;
#259 = FACE_OUTER_BOUND ( 'NONE', #2718, .T. ) ;
#260 = CARTESIAN_POINT ( 'NONE',  ( 2.233182759024446629, -7.024924597046645403, 0.000000000000000000 ) ) ;
#261 = ORIENTED_EDGE ( 'NONE', *, *, #1930, .T. ) ;
#262 = CARTESIAN_POINT ( 'NONE',  ( -7.272175590892508090, -0.04088198261208852990, 0.000000000000000000 ) ) ;
#263 = CARTESIAN_POINT ( 'NONE',  ( 6.494314511675443491, -5.139339641752594723, 0.000000000000000000 ) ) ;
#264 = CARTESIAN_POINT ( 'NONE',  ( 2.208344767702412614, 8.071116789248383938, 12.00000000000000178 ) ) ;
#265 = ORIENTED_EDGE ( 'NONE', *, *, #1370, .T. ) ;
#266 = EDGE_CURVE ( 'NONE', #1718, #2308, #1327, .T. ) ;
#267 = CARTESIAN_POINT ( 'NONE',  ( 6.763445381126874878, -6.753463966749096770, 0.000000000000000000 ) ) ;
#268 = CARTESIAN_POINT ( 'NONE',  ( 6.494314511675442603, -5.139339641752593835, 12.00000000000000178 ) ) ;
#269 = B_SPLINE_CURVE_WITH_KNOTS ( 'NONE', 3,
 ( #2122, #1460, #1668, #231 ),
 .UNSPECIFIED., .F., .F.,
 ( 4, 4 ),
 ( 0.000000000000000000, 1.170086868559718551 ),
 .UNSPECIFIED. ) ;
#270 = APPLICATION_PROTOCOL_DEFINITION ( 'international standard', 'config_control_design', 1994, #2020 ) ;
#271 = CARTESIAN_POINT ( 'NONE',  ( 2.343103861940805110, 7.491385036312877332, 11.99999999999998934 ) ) ;
#272 = CARTESIAN_POINT ( 'NONE',  ( 7.132923872213531524, 2.317627457812000191, 0.000000000000000000 ) ) ;
#273 = CARTESIAN_POINT ( 'NONE',  ( 5.935829879567853240, 4.370651491258980670, 12.00000000000000178 ) ) ;
#274 = ORIENTED_EDGE ( 'NONE', *, *, #609, .F. ) ;
#275 = PLANE ( 'NONE',  #1833 ) ;
#276 = CARTESIAN_POINT ( 'NONE',  ( 6.387725773860205791, -4.868748366796374683, 12.00000000000000000 ) ) ;
#277 = CARTESIAN_POINT ( 'NONE',  ( -2.966545570604167903, 4.083099689633610474, 0.000000000000000000 ) ) ;
#278 = AXIS2_PLACEMENT_3D ( 'NONE', #2662, #1605, #164 ) ;
#279 = VERTEX_POINT ( 'NONE', #2176 ) ;
#280 = VECTOR ( 'NONE', #1239, 1000.000000000000000 ) ;
#281 = CARTESIAN_POINT ( 'NONE',  ( 5.484842658736842402, -3.972240646507679163, 0.000000000000000000 ) ) ;
#282 = DIRECTION ( 'NONE',  ( -0.000000000000000000, -0.000000000000000000, -1.000000000000000000 ) ) ;
#283 = CARTESIAN_POINT ( 'NONE',  ( 8.274838854007523281, 0.3405508158861541013, 12.00000000000000178 ) ) ;
#284 = EDGE_CURVE ( 'NONE', #1406, #613, #2699, .T. ) ;
#285 = CIRCLE ( 'NONE', #2467, 10.00000000000000000 ) ;
#286 = PERSON_AND_ORGANIZATION ( #2562, #934 ) ;
#287 = CIRCLE ( 'NONE', #1256, 2.281000000000001027 ) ;
#288 = CARTESIAN_POINT ( 'NONE',  ( 2.082915758131234973, 8.556114783037306992, 12.00000000000000000 ) ) ;
#289 = CARTESIAN_POINT ( 'NONE',  ( -2.208344767702428602, 8.071116789248321766, 0.000000000000000000 ) ) ;
#290 = ADVANCED_FACE ( 'NONE', ( #85 ), #275, .T. ) ;
#291 = DIRECTION ( 'NONE',  ( 1.000000000000000000, 0.000000000000000000, 0.000000000000000000 ) ) ;
#292 = CC_DESIGN_APPROVAL ( #588, ( #1736 ) ) ;
#293 = EDGE_LOOP ( 'NONE', ( #1125, #904, #687, #1944, #14, #1424 ) ) ;
#294 = DIRECTION ( 'NONE',  ( 1.000000000000000000, 0.000000000000000000, 0.000000000000000000 ) ) ;
#295 = VERTEX_POINT ( 'NONE', #1371 ) ;
#296 = CARTESIAN_POINT ( 'NONE',  ( 6.111289349561167761, 4.468430124432424044, 11.99999999999998579 ) ) ;
#297 = B_SPLINE_CURVE_WITH_KNOTS ( 'NONE', 1,
 ( #1806, #2232 ),
 .UNSPECIFIED., .F., .F.,
 ( 2, 2 ),
 ( 0.000000000000000000, 1.000000000000000000 ),
 .UNSPECIFIED. ) ;
#298 = VERTEX_POINT ( 'NONE', #1805 ) ;
#299 = VERTEX_POINT ( 'NONE', #1311 ) ;
#300 = CARTESIAN_POINT ( 'NONE',  ( 6.894656006666349590, 4.588316846032622465, 0.000000000000000000 ) ) ;
#301 = CARTESIAN_POINT ( 'NONE',  ( 2.233182759024218367, 7.975075402953396342, -0.000000000000000000 ) ) ;
#302 = DIRECTION ( 'NONE',  ( 0.000000000000000000, 1.000000000000000000, 0.000000000000000000 ) ) ;
#303 = PERSON_AND_ORGANIZATION ( #2562, #934 ) ;
#304 = PERSON ( 'NAUO-PER1', 'UNSPECIFIED', 'UNSPECIFIED', ('UNSPECIFIED'), ('UNSPECIFIED'), ('UNSPECIFIED') ) ;
#305 = CARTESIAN_POINT ( 'NONE',  ( -2.343130036895798352, 7.491379238793244966, 0.000000000000000000 ) ) ;
#306 = DIRECTION ( 'NONE',  ( 0.000000000000000000, 0.000000000000000000, 1.000000000000000000 ) ) ;
#307 = CARTESIAN_POINT ( 'NONE',  ( 6.494314511675443491, -5.139339641752594723, 0.000000000000000000 ) ) ;
#308 = VERTEX_POINT ( 'NONE', #107 ) ;
#309 = CARTESIAN_POINT ( 'NONE',  ( 2.284257538061051473, 7.783357719253970686, 0.000000000000000000 ) ) ;
#310 = PLANE ( 'NONE',  #1389 ) ;
#311 = CARTESIAN_POINT ( 'NONE',  ( 6.714272332570424773, -5.697735100902651340, -0.000000000000000000 ) ) ;
#312 = EDGE_LOOP ( 'NONE', ( #2257, #1632, #1783, #1855 ) ) ;
#313 = PLANE ( 'NONE',  #19 ) ;
#314 = APPROVAL_STATUS ( 'not_yet_approved' ) ;
#315 = CARTESIAN_POINT ( 'NONE',  ( -8.512945476436204473, 4.345483665702679410, 0.000000000000000000 ) ) ;
#316 = DIRECTION ( 'NONE',  ( -1.000000000000000000, -1.508455196501569950E-16, 0.000000000000000000 ) ) ;
#317 = DATE_AND_TIME ( #2256, #1211 ) ;
#318 = ORIENTED_EDGE ( 'NONE', *, *, #1208, .F. ) ;
#319 = CARTESIAN_POINT ( 'NONE',  ( -5.859283812647521295, 4.307551783104894838, 0.000000000000000000 ) ) ;
#320 = DIRECTION ( 'NONE',  ( -0.000000000000000000, -0.000000000000000000, -1.000000000000000000 ) ) ;
#321 = CARTESIAN_POINT ( 'NONE',  ( 0.000000000000000000, 7.500000000000000000, 12.00000000000000000 ) ) ;
#322 = ADVANCED_FACE ( 'NONE', ( #940 ), #1105, .F. ) ;
#323 = EDGE_CURVE ( 'NONE', #2363, #2746, #1444, .T. ) ;
#324 = ORIENTED_EDGE ( 'NONE', *, *, #2091, .F. ) ;
#325 = CARTESIAN_POINT ( 'NONE',  ( 2.286106919659029124, 6.903616756053240877, 0.000000000000000000 ) ) ;
#326 = COORDINATED_UNIVERSAL_TIME_OFFSET ( 8, 0, .AHEAD. ) ;
#327 = AXIS2_PLACEMENT_3D ( 'NONE', #1353, #1577, #667 ) ;
#328 = B_SPLINE_CURVE_WITH_KNOTS ( 'NONE', 3,
 ( #1512, #2663, #336, #653 ),
 .UNSPECIFIED., .F., .F.,
 ( 4, 4 ),
 ( 0.000000000000000000, 1.170086868559491178 ),
 .UNSPECIFIED. ) ;
#329 = CARTESIAN_POINT ( 'NONE',  ( -6.894656005840293922, 4.588316845982099323, 11.99999999999999822 ) ) ;
#330 = AXIS2_PLACEMENT_3D ( 'NONE', #1372, #320, #1145 ) ;
#331 = CARTESIAN_POINT ( 'NONE',  ( -2.322464272711823874, 6.995915273871765372, -0.000000000000000000 ) ) ;
#332 = PERSON_AND_ORGANIZATION ( #2562, #934 ) ;
#333 = CARTESIAN_POINT ( 'NONE',  ( 6.298954255771812782, -4.683395835600498103, 0.000000000000000000 ) ) ;
#334 = VERTEX_POINT ( 'NONE', #2706 ) ;
#335 = FACE_OUTER_BOUND ( 'NONE', #2761, .T. ) ;
#336 = CARTESIAN_POINT ( 'NONE',  ( -7.661477064454913055, -0.06469268076364427522, 12.00000000000000000 ) ) ;
#337 = CC_DESIGN_APPROVAL ( #2324, ( #109 ) ) ;
#338 = CARTESIAN_POINT ( 'NONE',  ( 0.000000000000000000, 7.500000000000000000, 0.000000000000000000 ) ) ;
#339 = B_SPLINE_CURVE_WITH_KNOTS ( 'NONE', 3,
 ( #1118, #1754, #869, #2156 ),
 .UNSPECIFIED., .F., .F.,
 ( 4, 4 ),
 ( 0.000000000000000000, 1.170086868559555127 ),
 .UNSPECIFIED. ) ;
#340 = EDGE_CURVE ( 'NONE', #1730, #2124, #2459, .T. ) ;
#341 = B_SPLINE_CURVE_WITH_KNOTS ( 'NONE', 3,
 ( #1771, #276, #2436, #903 ),
 .UNSPECIFIED., .F., .F.,
 ( 4, 4 ),
 ( 0.000000000000000000, 1.170086868559555127 ),
 .UNSPECIFIED. ) ;
#342 = ORIENTED_EDGE ( 'NONE', *, *, #768, .T. ) ;
#343 = DIRECTION ( 'NONE',  ( 1.000000000000000000, 0.000000000000000000, 0.000000000000000000 ) ) ;
#344 = CARTESIAN_POINT ( 'NONE',  ( -2.966545570604171456, 4.083099689633597151, 11.99999999999998757 ) ) ;
#345 = CARTESIAN_POINT ( 'NONE',  ( -2.322464272711821209, 6.995915273871760043, 12.00000000000000000 ) ) ;
#346 = CARTESIAN_POINT ( 'NONE',  ( 2.082915758131233641, 8.556114783037310545, 0.000000000000000000 ) ) ;
#347 = PERSON_AND_ORGANIZATION ( #2562, #934 ) ;
#348 = ORIENTED_EDGE ( 'NONE', *, *, #655, .F. ) ;
#349 = CARTESIAN_POINT ( 'NONE',  ( 8.029557193585688424, 0.1842891645098989895, 12.00000000000000000 ) ) ;
#350 = CARTESIAN_POINT ( 'NONE',  ( -2.208344767777715489, -6.928883211043858736, 12.00000000000000000 ) ) ;
#351 = CARTESIAN_POINT ( 'NONE',  ( -7.570614269378583394, -0.02291015667874390926, 0.000000000000000000 ) ) ;
#352 = CARTESIAN_POINT ( 'NONE',  ( 2.082915758131442363, -6.443885216962728535, -0.000000000000000000 ) ) ;
#353 = ORIENTED_EDGE ( 'NONE', *, *, #2446, .F. ) ;
#354 = CC_DESIGN_PERSON_AND_ORGANIZATION_ASSIGNMENT ( #2334, #2121, ( #390 ) ) ;
#355 = CARTESIAN_POINT ( 'NONE',  ( -2.429053010527122414, 7.266506548828019163, 12.00000000000000000 ) ) ;
#356 = CARTESIAN_POINT ( 'NONE',  ( -4.824518969025148429, -3.147041245337477200, 0.000000000000000000 ) ) ;
#357 = CARTESIAN_POINT ( 'NONE',  ( -6.894656005840285928, 4.588316845982098435, -0.000000000000000000 ) ) ;
#358 = APPROVAL_DATE_TIME ( #317, #2483 ) ;
#359 = B_SPLINE_CURVE_WITH_KNOTS ( 'NONE', 3,
 ( #2739, #177, #1414, #1831 ),
 .UNSPECIFIED., .F., .F.,
 ( 4, 4 ),
 ( 0.000000000000000000, 1.170086868559685245 ),
 .UNSPECIFIED. ) ;
#360 = ORIENTED_EDGE ( 'NONE', *, *, #1332, .T. ) ;
#361 = CARTESIAN_POINT ( 'NONE',  ( -4.332906349846334493, -8.519353938951391925, 0.000000000000000000 ) ) ;
#362 = DIRECTION ( 'NONE',  ( 0.000000000000000000, 1.000000000000000000, -1.508455196501569950E-16 ) ) ;
#363 = CARTESIAN_POINT ( 'NONE',  ( -20.50632911392404623, 15.00000000000000000, 10.69620253164558044 ) ) ;
#364 = CARTESIAN_POINT ( 'NONE',  ( -8.108283999563168365, 0.2327444237725095899, 0.000000000000000000 ) ) ;
#365 = CARTESIAN_POINT ( 'NONE',  ( 5.472734944175834393, 3.988905485927471961, 0.000000000000000000 ) ) ;
#366 = PRODUCT ( '\X2\57065f279f7f8f6e\X0\1', '\X2\57065f279f7f8f6e\X0\1', '', ( #78 ) ) ;
#367 = CARTESIAN_POINT ( 'NONE',  ( -2.506329113924055108, 2.000000000000000000, 8.183694709364671027 ) ) ;
#368 = B_SPLINE_CURVE_WITH_KNOTS ( 'NONE', 3,
 ( #2738, #1911, #1925, #859 ),
 .UNSPECIFIED., .F., .F.,
 ( 4, 4 ),
 ( 0.000000000000000000, 1.170086868559611526 ),
 .UNSPECIFIED. ) ;
#369 = CARTESIAN_POINT ( 'NONE',  ( -6.494314511372124343, -5.139339640982581336, -0.000000000000000000 ) ) ;
#370 = EDGE_CURVE ( 'NONE', #298, #2609, #634, .T. ) ;
#371 = CARTESIAN_POINT ( 'NONE',  ( -7.493692351462871493, 4.624955478445708756, 0.000000000000000000 ) ) ;
#372 =( NAMED_UNIT ( * ) PLANE_ANGLE_UNIT ( ) SI_UNIT ( $, .RADIAN. ) );
#373 = ORIENTED_EDGE ( 'NONE', *, *, #48, .T. ) ;
#374 = CARTESIAN_POINT ( 'NONE',  ( -4.824518969025145765, -3.147041245337467874, 11.99999999999998934 ) ) ;
#375 = CIRCLE ( 'NONE', #1922, 2.281000000000000139 ) ;
#376 = LINE ( 'NONE', #540, #1150 ) ;
#377 = CARTESIAN_POINT ( 'NONE',  ( -2.306000219333572243, -7.306488824363275292, 12.00000000000000000 ) ) ;
#378 = CARTESIAN_POINT ( 'NONE',  ( -4.824518969025146653, -3.147041245337471871, 0.000000000000000000 ) ) ;
#379 = AXIS2_PLACEMENT_3D ( 'NONE', #882, #909, #80 ) ;
#380 = DIRECTION ( 'NONE',  ( -0.000000000000000000, -0.000000000000000000, -1.000000000000000000 ) ) ;
#381 = LOCAL_TIME ( 20, 1, 47.00000000000000000, #444 ) ;
#382 = COORDINATED_UNIVERSAL_TIME_OFFSET ( 8, 0, .AHEAD. ) ;
#383 = CARTESIAN_POINT ( 'NONE',  ( 4.483872434540852936, 3.615900976672863365, 0.000000000000000000 ) ) ;
#384 = LOCAL_TIME ( 20, 1, 47.00000000000000000, #118 ) ;
#385 = LINE ( 'NONE', #800, #2190 ) ;
#386 = CARTESIAN_POINT ( 'NONE',  ( 8.274838854007532163, 0.3405508158861603740, -0.000000000000000000 ) ) ;
#387 = CARTESIAN_POINT ( 'NONE',  ( 8.781005085690726020, 0.6630142691165642477, 12.00000000000000000 ) ) ;
#388 = CALENDAR_DATE ( 2025, 8, 6 ) ;
#389 = VERTEX_POINT ( 'NONE', #1856 ) ;
#390 = PRODUCT ( '\X2\57065f279f7f8f6e\X0\2', '\X2\57065f279f7f8f6e\X0\2', '', ( #1041 ) ) ;
#391 = CARTESIAN_POINT ( 'NONE',  ( -9.441328775402105578, 1.488213670286778534, 11.99999999999998934 ) ) ;
#392 = CYLINDRICAL_SURFACE ( 'NONE', #1023, 10.00000000000000000 ) ;
#393 = CARTESIAN_POINT ( 'NONE',  ( -2.306000219333798729, 7.693511175637147481, 0.000000000000000000 ) ) ;
#394 = CARTESIAN_POINT ( 'NONE',  ( -2.082915758131141271, -6.443885216963099793, 12.00000000000000000 ) ) ;
#395 = ADVANCED_FACE ( 'NONE', ( #2231 ), #392, .F. ) ;
#396 = CARTESIAN_POINT ( 'NONE',  ( 2.102506451816423372, 6.437519814721498257, -0.000000000000000000 ) ) ;
#397 = CARTESIAN_POINT ( 'NONE',  ( 9.441328775402119788, 1.488213670286772317, 0.000000000000000000 ) ) ;
#398 = SHAPE_REPRESENTATION ( '\X2\6cf558f34f53\X0\', ( #21 ), #555 ) ;
#399 = CARTESIAN_POINT ( 'NONE',  ( 1.502155732314630399, 9.439120569711015207, 0.000000000000000000 ) ) ;
#400 = B_SPLINE_CURVE_WITH_KNOTS ( 'NONE', 3,
 ( #739, #875, #20, #2137 ),
 .UNSPECIFIED., .F., .F.,
 ( 4, 4 ),
 ( 0.000000000000000000, 1.170086868559845339 ),
 .UNSPECIFIED. ) ;
#401 = DIRECTION ( 'NONE',  ( 0.000000000000000000, 0.000000000000000000, 1.000000000000000000 ) ) ;
#402 = ORIENTED_EDGE ( 'NONE', *, *, #1000, .F. ) ;
#403 = CARTESIAN_POINT ( 'NONE',  ( -6.422946048514702966, -4.954215774865634359, 11.99999999999998757 ) ) ;
#404 = CARTESIAN_POINT ( 'NONE',  ( -2.361237320893930125, 7.193002405491951023, 11.99999999999999645 ) ) ;
#405 = ADVANCED_BREP_SHAPE_REPRESENTATION ( '', ( #1259, #21 ), #677 ) ;
#406 = APPROVAL_STATUS ( 'not_yet_approved' ) ;
#407 = CARTESIAN_POINT ( 'NONE',  ( 4.483872434540852936, 3.615900976672863365, 0.000000000000000000 ) ) ;
#408 = CARTESIAN_POINT ( 'NONE',  ( -1.502155732314621517, -5.560879430289261904, 0.000000000000000000 ) ) ;
#409 = CARTESIAN_POINT ( 'NONE',  ( 7.132923872213810412, -2.317627457812008185, 12.00000000000000000 ) ) ;
#410 = CC_DESIGN_DATE_AND_TIME_ASSIGNMENT ( #918, #2410, ( #1350 ) ) ;
#411 = CARTESIAN_POINT ( 'NONE',  ( -5.484842658736538645, -3.972240646507759987, -0.000000000000000000 ) ) ;
#412 = ORIENTED_EDGE ( 'NONE', *, *, #1516, .T. ) ;
#413 = CARTESIAN_POINT ( 'NONE',  ( -2.233182758817004565, 7.975075403754635417, 12.00000000000000000 ) ) ;
#414 =( REPRESENTATION_RELATIONSHIP ('NONE','NONE', #943, #1417 ) REPRESENTATION_RELATIONSHIP_WITH_TRANSFORMATION ( #2640 )SHAPE_REPRESENTATION_RELATIONSHIP( ) );
#415 = CARTESIAN_POINT ( 'NONE',  ( 2.957494971739786038, -7.827703132519289397, 0.000000000000000000 ) ) ;
#416 = CARTESIAN_POINT ( 'NONE',  ( 2.840609691912021617E-14, -5.046988775295464968, 11.99999999999996980 ) ) ;
#417 = COORDINATED_UNIVERSAL_TIME_OFFSET ( 8, 0, .AHEAD. ) ;
#418 = CARTESIAN_POINT ( 'NONE',  ( -2.284244450223213097, 7.783358316048081704, 12.00000000000001243 ) ) ;
#419 = CARTESIAN_POINT ( 'NONE',  ( -4.799971562413369419, -1.559605301985937054, 12.00000000000001776 ) ) ;
#420 = CARTESIAN_POINT ( 'NONE',  ( 6.530671864658125436, -5.231638159394021770, 0.000000000000000000 ) ) ;
#421 = AXIS2_PLACEMENT_3D ( 'NONE', #338, #1567, #1168 ) ;
#422 = CARTESIAN_POINT ( 'NONE',  ( 7.848789467786627227, 0.08654109137163387699, 11.99999999999998224 ) ) ;
#423 = VERTEX_POINT ( 'NONE', #2078 ) ;
#424 = VECTOR ( 'NONE', #2097, 1000.000000000000000 ) ;
#425 = AXIS2_PLACEMENT_3D ( 'NONE', #441, #2328, #1005 ) ;
#426 = VERTEX_POINT ( 'NONE', #995 ) ;
#427 = EDGE_CURVE ( 'NONE', #1942, #1492, #2193, .T. ) ;
#428 = CIRCLE ( 'NONE', #1069, 2.281000000000000139 ) ;
#429 = CARTESIAN_POINT ( 'NONE',  ( 2.208344767702428602, 8.071116789248321766, 0.000000000000000000 ) ) ;
#430 = CARTESIAN_POINT ( 'NONE',  ( -6.160239743473717056, 4.555640707412454304, 12.00000000000000000 ) ) ;
#431 = APPROVAL_PERSON_ORGANIZATION ( #286, #1383, #1560 ) ;
#432 = EDGE_LOOP ( 'NONE', ( #2205, #274, #762, #1110 ) ) ;
#433 = CARTESIAN_POINT ( 'NONE',  ( 2.880948904180684167, -7.764603423839084861, -0.000000000000000000 ) ) ;
#434 = PERSON_AND_ORGANIZATION ( #2562, #934 ) ;
#435 = CARTESIAN_POINT ( 'NONE',  ( 0.9936708860759440043, 13.50000000000000000, -14.30379746835441956 ) ) ;
#436 = CARTESIAN_POINT ( 'NONE',  ( -2.233182758816828706, -7.024924596245811337, -0.000000000000000000 ) ) ;
#437 = EDGE_LOOP ( 'NONE', ( #2229, #2387, #1142, #5, #1478, #1164 ) ) ;
#438 = ORIENTED_EDGE ( 'NONE', *, *, #1817, .T. ) ;
#439 = B_SPLINE_CURVE_WITH_KNOTS ( 'NONE', 3,
 ( #289, #1950, #1120, #2431 ),
 .UNSPECIFIED., .F., .F.,
 ( 4, 4 ),
 ( 0.000000000000000000, 1.170086868559755855 ),
 .UNSPECIFIED. ) ;
#440 = CARTESIAN_POINT ( 'NONE',  ( -9.441328775402109130, 1.488213670286769874, 0.000000000000000000 ) ) ;
#441 = CARTESIAN_POINT ( 'NONE',  ( 2.337451422113772992, 7.481848339826695948, 0.000000000000000000 ) ) ;
#442 = CARTESIAN_POINT ( 'NONE',  ( 5.752902267991014007, -0.2897712499213973558, 0.000000000000000000 ) ) ;
#443 = EDGE_CURVE ( 'NONE', #532, #1538, #2185, .T. ) ;
#444 = COORDINATED_UNIVERSAL_TIME_OFFSET ( 8, 0, .AHEAD. ) ;
#445 = CARTESIAN_POINT ( 'NONE',  ( -5.907343465571184282, -4.241403345709340300, 0.000000000000000000 ) ) ;
#446 = CARTESIAN_POINT ( 'NONE',  ( 5.484842658736842402, -3.972240646507677386, 12.00000000000000000 ) ) ;
#447 = VERTEX_POINT ( 'NONE', #176 ) ;
#448 = CARTESIAN_POINT ( 'NONE',  ( -4.799971562413358761, -1.559605301985932613, 0.000000000000000000 ) ) ;
#449 = VERTEX_POINT ( 'NONE', #738 ) ;
#450 = CARTESIAN_POINT ( 'NONE',  ( -2.880948904819277345, -7.764603424365501994, 12.00000000000000000 ) ) ;
#451 = DIRECTION ( 'NONE',  ( 1.000000000000000000, 0.000000000000000000, 0.000000000000000000 ) ) ;
#452 = CARTESIAN_POINT ( 'NONE',  ( 5.484842658736839738, -3.972240646507677386, 12.00000000000000000 ) ) ;
#453 = PERSON_AND_ORGANIZATION_ROLE ( 'design_owner' ) ;
#454 = ADVANCED_FACE ( 'NONE', ( #335 ), #2045, .F. ) ;
#455 = CARTESIAN_POINT ( 'NONE',  ( 0.9936708860759440043, 13.50000000000000000, 10.69720253164557988 ) ) ;
#456 = CYLINDRICAL_SURFACE ( 'NONE', #2107, 10.00000000000000000 ) ;
#457 = CARTESIAN_POINT ( 'NONE',  ( -2.880948904819274681, -7.764603424365499329, 0.000000000000000000 ) ) ;
#458 = VERTEX_POINT ( 'NONE', #2720 ) ;
#459 = EDGE_CURVE ( 'NONE', #254, #2322, #1834, .T. ) ;
#460 = AXIS2_PLACEMENT_3D ( 'NONE', #488, #2619, #1387 ) ;
#461 = ORIENTED_EDGE ( 'NONE', *, *, #1604, .F. ) ;
#462 = VECTOR ( 'NONE', #513, 1000.000000000000000 ) ;
#463 = CIRCLE ( 'NONE', #1883, 2.280999999999999250 ) ;
#464 = DIRECTION ( 'NONE',  ( 0.000000000000000000, 0.000000000000000000, 1.000000000000000000 ) ) ;
#465 = CARTESIAN_POINT ( 'NONE',  ( 29.49367088607594667, 15.00000000000000000, 10.69620253164558044 ) ) ;
#466 = SECURITY_CLASSIFICATION ( '', '', #1868 ) ;
#467 = APPROVAL_DATE_TIME ( #1514, #1263 ) ;
#468 = LOCAL_TIME ( 20, 1, 47.00000000000000000, #2223 ) ;
#469 = DIRECTION ( 'NONE',  ( 1.000000000000000000, 0.000000000000000000, 0.000000000000000000 ) ) ;
#470 = DIRECTION ( 'NONE',  ( 0.000000000000000000, 1.000000000000000000, 0.000000000000000000 ) ) ;
#471 = CARTESIAN_POINT ( 'NONE',  ( 6.494314511675443491, -5.139339641752596499, 12.00000000000000000 ) ) ;
#472 = APPROVAL ( #823, 'æœª' ) ;
#473 = ORIENTED_EDGE ( 'NONE', *, *, #1084, .F. ) ;
#474 = CARTESIAN_POINT ( 'NONE',  ( -7.837972830483471931, 0.08896987981745686780, 12.00000000000000000 ) ) ;
#475 = EDGE_CURVE ( 'NONE', #2381, #1524, #236, .T. ) ;
#476 = CARTESIAN_POINT ( 'NONE',  ( -6.138228046494677237, -4.431347343853171417, 12.00000000000001066 ) ) ;
#477 = CARTESIAN_POINT ( 'NONE',  ( 2.429053010526672551, 7.266506548827921463, 12.00000000000000000 ) ) ;
#478 = VERTEX_POINT ( 'NONE', #1634 ) ;
#479 = CARTESIAN_POINT ( 'NONE',  ( -4.332906349846329164, -8.519353938951391925, 12.00000000000001776 ) ) ;
#480 = CARTESIAN_POINT ( 'NONE',  ( 6.714272332570423885, -5.697735100902648675, 12.00000000000000000 ) ) ;
#481 = DATE_AND_TIME ( #2170, #2281 ) ;
#482 = CARTESIAN_POINT ( 'NONE',  ( -1.502155732314625958, 9.439120569711024089, 0.000000000000000000 ) ) ;
#483 = PLANE ( 'NONE',  #853 ) ;
#484 =( LENGTH_UNIT ( ) NAMED_UNIT ( * ) SI_UNIT ( .MILLI., .METRE. ) );
#485 = ORIENTED_EDGE ( 'NONE', *, *, #234, .T. ) ;
#486 = CARTESIAN_POINT ( 'NONE',  ( -6.696538678762608221, 4.577647825018110517, 11.99999999999999467 ) ) ;
#487 = PRODUCT_RELATED_PRODUCT_CATEGORY ( 'detail', '', ( #390 ) ) ;
#488 = CARTESIAN_POINT ( 'NONE',  ( -2.506329113924055108, 13.50000000000000000, 0.6962025316455769941 ) ) ;
#489 = CARTESIAN_POINT ( 'NONE',  ( -7.848792042523773382, 0.08651440597800413856, 12.00000000000000355 ) ) ;
#490 = EDGE_CURVE ( 'NONE', #458, #1744, #1698, .T. ) ;
#491 = ORIENTED_EDGE ( 'NONE', *, *, #459, .F. ) ;
#492 = CARTESIAN_POINT ( 'NONE',  ( 5.850233213782773056, -8.052155225990537346, 11.99999999999999289 ) ) ;
#493 = CARTESIAN_POINT ( 'NONE',  ( 2.102506451816423372, 6.437519814721498257, -0.000000000000000000 ) ) ;
#494 = CALENDAR_DATE ( 2025, 8, 6 ) ;
#495 = CARTESIAN_POINT ( 'NONE',  ( 8.512945476436200920, 4.345483665702679410, 11.99999999999998046 ) ) ;
#496 = DIRECTION ( 'NONE',  ( 1.000000000000000000, 0.000000000000000000, 0.000000000000000000 ) ) ;
#497 = CARTESIAN_POINT ( 'NONE',  ( 4.493670886075944892, 14.00000000000000000, 4.810580809307060335 ) ) ;
#498 = CARTESIAN_POINT ( 'NONE',  ( 6.894656006666354031, 4.588316846032623353, 12.00000000000000178 ) ) ;
#499 = ORIENTED_EDGE ( 'NONE', *, *, #733, .T. ) ;
#500 = CARTESIAN_POINT ( 'NONE',  ( -4.483872434540645990, 3.615900976672636435, 12.00000000000000000 ) ) ;
#501 = CARTESIAN_POINT ( 'NONE',  ( -3.006329113924055108, 14.00000000000000000, 8.196202531645580436 ) ) ;
#502 = DIRECTION ( 'NONE',  ( 0.000000000000000000, 0.000000000000000000, 1.000000000000000000 ) ) ;
#503 = CARTESIAN_POINT ( 'NONE',  ( 9.441328775402123341, 1.488213670286784307, 12.00000000000000178 ) ) ;
#504 = AXIS2_PLACEMENT_3D ( 'NONE', #2161, #2191, #1551 ) ;
#505 = ORIENTED_EDGE ( 'NONE', *, *, #1722, .T. ) ;
#506 = EDGE_LOOP ( 'NONE', ( #1611, #2635, #265, #1135 ) ) ;
#507 = CIRCLE ( 'NONE', #850, 2.281000000000001027 ) ;
#508 = CARTESIAN_POINT ( 'NONE',  ( 8.512945476436225789, 4.345483665702673193, 0.000000000000000000 ) ) ;
#509 = DIRECTION ( 'NONE',  ( 0.000000000000000000, 0.000000000000000000, 1.000000000000000000 ) ) ;
#510 = AXIS2_PLACEMENT_3D ( 'NONE', #1720, #464, #2580 ) ;
#511 = APPROVAL_ROLE ( '' ) ;
#512 = AXIS2_PLACEMENT_3D ( 'NONE', #1354, #50, #496 ) ;
#513 = DIRECTION ( 'NONE',  ( 1.131341397376179805E-16, -1.000000000000000000, 0.000000000000000000 ) ) ;
#514 = FACE_BOUND ( 'NONE', #432, .T. ) ;
#515 = CARTESIAN_POINT ( 'NONE',  ( 6.714272332570424773, -5.697735100902651340, -0.000000000000000000 ) ) ;
#516 = LOCAL_TIME ( 20, 1, 47.00000000000000000, #417 ) ;
#517 = VERTEX_POINT ( 'NONE', #1830 ) ;
#518 = CARTESIAN_POINT ( 'NONE',  ( -6.111278549054369513, 4.468440144895414967, 11.99999999999998579 ) ) ;
#519 = CARTESIAN_POINT ( 'NONE',  ( 2.082915758131235417, 8.556114783037306992, 0.000000000000000000 ) ) ;
#520 = CARTESIAN_POINT ( 'NONE',  ( -20.50632911392404623, 15.00000000000000000, -14.30379746835441956 ) ) ;
#521 = ORIENTED_EDGE ( 'NONE', *, *, #2539, .F. ) ;
#522 = DIRECTION ( 'NONE',  ( -0.000000000000000000, -0.000000000000000000, -1.000000000000000000 ) ) ;
#523 = PERSON_AND_ORGANIZATION_ROLE ( 'classification_officer' ) ;
#524 = CARTESIAN_POINT ( 'NONE',  ( 2.082915758131233641, 8.556114783037310545, 0.000000000000000000 ) ) ;
#525 = ADVANCED_FACE ( 'NONE', ( #982 ), #595, .F. ) ;
#526 = CARTESIAN_POINT ( 'NONE',  ( 0.9936708860759440043, 13.50000000000000000, 10.69720253164557988 ) ) ;
#527 = ORIENTED_EDGE ( 'NONE', *, *, #459, .T. ) ;
#528 = DIRECTION ( 'NONE',  ( 0.000000000000000000, 0.000000000000000000, 1.000000000000000000 ) ) ;
#529 = CARTESIAN_POINT ( 'NONE',  ( 5.907343465566889051, -4.241403345706220129, 12.00000000000000000 ) ) ;
#530 = DIRECTION ( 'NONE',  ( -0.000000000000000000, 1.000000000000000000, 0.000000000000000000 ) ) ;
#531 = CARTESIAN_POINT ( 'NONE',  ( 6.696543290711870711, 4.577635562164167560, 11.99999999999998934 ) ) ;
#532 = VERTEX_POINT ( 'NONE', #2269 ) ;
#533 = ORIENTED_EDGE ( 'NONE', *, *, #1722, .F. ) ;
#534 = CARTESIAN_POINT ( 'NONE',  ( -2.286106919624629974, 6.903616755965064300, 12.00000000000000355 ) ) ;
#535 = CONTEXT_DEPENDENT_SHAPE_REPRESENTATION ( #2250, #1884 ) ;
#536 = CARTESIAN_POINT ( 'NONE',  ( -5.484842658736543086, -3.972240646507761319, -0.000000000000000000 ) ) ;
#537 = CARTESIAN_POINT ( 'NONE',  ( -2.233182758817004565, 7.975075403754633641, 0.000000000000000000 ) ) ;
#538 = ORIENTED_EDGE ( 'NONE', *, *, #1445, .F. ) ;
#539 = EDGE_CURVE ( 'NONE', #2060, #1081, #376, .T. ) ;
#540 = CARTESIAN_POINT ( 'NONE',  ( 29.49367088607594667, 15.00000000000000000, -14.30379746835441956 ) ) ;
#541 = DIRECTION ( 'NONE',  ( 1.000000000000000000, 0.000000000000000000, 0.000000000000000000 ) ) ;
#542 = ORIENTED_EDGE ( 'NONE', *, *, #1474, .F. ) ;
#543 = CARTESIAN_POINT ( 'NONE',  ( 5.752902267991007790, -0.2897712499213934700, 11.99999999999999645 ) ) ;
#544 = EDGE_CURVE ( 'NONE', #1172, #334, #1402, .T. ) ;
#545 = CARTESIAN_POINT ( 'NONE',  ( 5.935829879567855016, 4.370651491258982446, -0.000000000000000000 ) ) ;
#546 = ORIENTED_EDGE ( 'NONE', *, *, #949, .T. ) ;
#547 = VERTEX_POINT ( 'NONE', #125 ) ;
#548 = DIRECTION ( 'NONE',  ( 0.000000000000000000, 1.000000000000000000, 0.000000000000000000 ) ) ;
#549 = CALENDAR_DATE ( 2025, 8, 6 ) ;
#550 = CARTESIAN_POINT ( 'NONE',  ( -2.233182758816828262, -7.024924596245810449, -0.000000000000000000 ) ) ;
#551 = VECTOR ( 'NONE', #117, 1000.000000000000000 ) ;
#552 = CARTESIAN_POINT ( 'NONE',  ( 1.502155732314629066, 9.439120569711013431, 12.00000000000000355 ) ) ;
#553 = PERSON_AND_ORGANIZATION ( #2562, #934 ) ;
#554 = ORIENTED_EDGE ( 'NONE', *, *, #1208, .T. ) ;
#555 =( GEOMETRIC_REPRESENTATION_CONTEXT ( 3 ) GLOBAL_UNCERTAINTY_ASSIGNED_CONTEXT ( ( #1316 ) ) GLOBAL_UNIT_ASSIGNED_CONTEXT ( ( #484, #2371, #2158 ) ) REPRESENTATION_CONTEXT ( 'NONE', 'WORKASPACE' ) );
#556 = CARTESIAN_POINT ( 'NONE',  ( 7.661477064454585317, -0.06469268076317491456, 12.00000000000000000 ) ) ;
#557 = CARTESIAN_POINT ( 'NONE',  ( -20.50632911392404623, 15.00000000000000000, 10.69620253164558044 ) ) ;
#558 = APPROVAL_PERSON_ORGANIZATION ( #332, #2483, #2023 ) ;
#559 = CARTESIAN_POINT ( 'NONE',  ( -2.233182758817002789, 7.975075403754638970, 0.000000000000000000 ) ) ;
#560 = CARTESIAN_POINT ( 'NONE',  ( 6.494314511675443491, -5.139339641752596499, 12.00000000000000000 ) ) ;
#561 = EDGE_CURVE ( 'NONE', #2433, #2014, #2103, .T. ) ;
#562 = ORIENTED_EDGE ( 'NONE', *, *, #187, .T. ) ;
#563 = ORIENTED_EDGE ( 'NONE', *, *, #1132, .T. ) ;
#564 = CARTESIAN_POINT ( 'NONE',  ( 29.49367088607594667, 0.000000000000000000, -14.30379746835441956 ) ) ;
#565 = CARTESIAN_POINT ( 'NONE',  ( -8.108283999563159483, 0.2327444237725053711, 0.000000000000000000 ) ) ;
#566 = DIRECTION ( 'NONE',  ( 0.000000000000000000, 1.000000000000000000, 0.000000000000000000 ) ) ;
#567 = B_SPLINE_CURVE_WITH_KNOTS ( 'NONE', 3,
 ( #1574, #932, #355, #534 ),
 .UNSPECIFIED., .F., .F.,
 ( 4, 4 ),
 ( 0.000000000000000000, 1.170086868559755855 ),
 .UNSPECIFIED. ) ;
#568 = ORIENTED_EDGE ( 'NONE', *, *, #749, .F. ) ;
#569 = CARTESIAN_POINT ( 'NONE',  ( -2.082915758131141271, -6.443885216963099793, 0.000000000000000000 ) ) ;
#570 = DIRECTION ( 'NONE',  ( -0.000000000000000000, -0.000000000000000000, -1.000000000000000000 ) ) ;
#571 = CARTESIAN_POINT ( 'NONE',  ( 2.208344767702384193, -6.928883210750677257, 0.000000000000000000 ) ) ;
#572 = CARTESIAN_POINT ( 'NONE',  ( -7.493692351462883039, 4.624955478445709645, 0.000000000000000000 ) ) ;
#573 = CARTESIAN_POINT ( 'NONE',  ( 5.472734944175829952, 3.988905485927467520, 12.00000000000000000 ) ) ;
#574 = EDGE_CURVE ( 'NONE', #1775, #1580, #1359, .T. ) ;
#575 = PLANE ( 'NONE',  #2597 ) ;
#576 = CARTESIAN_POINT ( 'NONE',  ( -2.966545570604168347, 4.083099689633600704, 12.00000000000000355 ) ) ;
#577 = CARTESIAN_POINT ( 'NONE',  ( 2.966545570604281590, 4.083099689633546525, 11.99999999999999289 ) ) ;
#578 = PERSON_AND_ORGANIZATION_ROLE ( 'creator' ) ;
#579 = ORIENTED_EDGE ( 'NONE', *, *, #35, .T. ) ;
#580 = CARTESIAN_POINT ( 'NONE',  ( -7.848792042523786705, 0.08651440597800345855, 11.99999999999997158 ) ) ;
#581 = DIRECTION ( 'NONE',  ( -1.734723475976804876E-16, -1.000000000000000000, 1.762569815175820090E-31 ) ) ;
#582 = CARTESIAN_POINT ( 'NONE',  ( 11.99367088607593956, 14.00000000000000000, -1.803797468354420230 ) ) ;
#583 = CARTESIAN_POINT ( 'NONE',  ( -7.570614269378592276, -0.02291015667874163678, 11.99999999999999822 ) ) ;
#584 = CARTESIAN_POINT ( 'NONE',  ( 2.966545570604278925, 4.083099689633556295, 0.000000000000000000 ) ) ;
#585 = PRODUCT ( '\X2\6cf558f34f53\X0\', '\X2\6cf558f34f53\X0\', '', ( #1909 ) ) ;
#586 = CARTESIAN_POINT ( 'NONE',  ( 8.512945476436204473, 4.345483665702682963, 0.000000000000000000 ) ) ;
#587 = CARTESIAN_POINT ( 'NONE',  ( -2.957494971647745885, -7.827703132443417644, 0.000000000000000000 ) ) ;
#588 = APPROVAL ( #406, 'æœª' ) ;
#589 = CARTESIAN_POINT ( 'NONE',  ( -2.284244450223209544, 7.783358316048087922, 11.99999999999999289 ) ) ;
#590 = CARTESIAN_POINT ( 'NONE',  ( -4.483872434540669083, 3.615900976672636435, 0.000000000000000000 ) ) ;
#591 = EDGE_CURVE ( 'NONE', #1313, #953, #269, .T. ) ;
#592 = SHAPE_DEFINITION_REPRESENTATION ( #1425, #943 ) ;
#593 = ORIENTED_EDGE ( 'NONE', *, *, #2620, .T. ) ;
#594 = AXIS2_PLACEMENT_3D ( 'NONE', #1836, #2698, #1136 ) ;
#595 = CYLINDRICAL_SURFACE ( 'NONE', #2508, 10.00000000000000000 ) ;
#596 = CARTESIAN_POINT ( 'NONE',  ( 6.993672153459121965, 4.594372933007668358, 12.00000000000000178 ) ) ;
#597 = CARTESIAN_POINT ( 'NONE',  ( -2.507690216013500617, -7.437910395382268725, 11.99999999999999645 ) ) ;
#598 = AXIS2_PLACEMENT_3D ( 'NONE', #2187, #920, #1780 ) ;
#599 = CARTESIAN_POINT ( 'NONE',  ( 8.108287476342528777, 0.2327317920795215767, 12.00000000000000355 ) ) ;
#600 = CALENDAR_DATE ( 2025, 8, 6 ) ;
#601 = CARTESIAN_POINT ( 'NONE',  ( 2.102506451816423816, 6.437519814721499145, 12.00000000000000000 ) ) ;
#602 = ORGANIZATION ( 'NAUO-ORG2', 'UNSPECIFIED', 'UNSPECIFIED' ) ;
#603 = CARTESIAN_POINT ( 'NONE',  ( 7.272175590818146240, -0.04088198260716124910, 0.000000000000000000 ) ) ;
#604 = PRODUCT_DEFINITION ( 'æœ', '', #1970, #137 ) ;
#605 = CARTESIAN_POINT ( 'NONE',  ( 1.502155732314765624, -5.560879430288991898, 0.000000000000000000 ) ) ;
#606 = CARTESIAN_POINT ( 'NONE',  ( -2.343130036895801460, 7.491379238793245854, 12.00000000000000711 ) ) ;
#607 = DATE_AND_TIME ( #2764, #2373 ) ;
#608 = CARTESIAN_POINT ( 'NONE',  ( 3.344043840211337049, -8.146349429696927658, 0.000000000000000000 ) ) ;
#609 = EDGE_CURVE ( 'NONE', #1247, #777, #750, .T. ) ;
#610 = CARTESIAN_POINT ( 'NONE',  ( 5.907343465574443009, -4.241403345711033168, 0.000000000000000000 ) ) ;
#611 = FACE_BOUND ( 'NONE', #2221, .T. ) ;
#612 = CARTESIAN_POINT ( 'NONE',  ( -8.781005085690727796, 0.6630142691165661351, -0.000000000000000000 ) ) ;
#613 = VERTEX_POINT ( 'NONE', #3 ) ;
#614 = EDGE_CURVE ( 'NONE', #1442, #195, #1483, .T. ) ;
#615 = CARTESIAN_POINT ( 'NONE',  ( 6.160239743473693075, 4.555640707412949908, 0.000000000000000000 ) ) ;
#616 = CARTESIAN_POINT ( 'NONE',  ( 7.493692351462872381, 4.624955478445709645, -0.000000000000000000 ) ) ;
#617 = CARTESIAN_POINT ( 'NONE',  ( -8.781005085690724243, 0.6630142691165636926, 12.00000000000000000 ) ) ;
#618 = CARTESIAN_POINT ( 'NONE',  ( 8.029557193585688424, 0.1842891645098989895, 0.000000000000000000 ) ) ;
#619 = VERTEX_POINT ( 'NONE', #2546 ) ;
#620 = CARTESIAN_POINT ( 'NONE',  ( 3.344043840211333052, -8.146349429696924105, 12.00000000000000000 ) ) ;
#621 = COORDINATED_UNIVERSAL_TIME_OFFSET ( 8, 0, .AHEAD. ) ;
#622 = CARTESIAN_POINT ( 'NONE',  ( 8.512945476436204473, 4.345483665702682963, 0.000000000000000000 ) ) ;
#623 = CARTESIAN_POINT ( 'NONE',  ( -2.317659613296775500, -7.207161661006985298, 0.000000000000000000 ) ) ;
#624 = CARTESIAN_POINT ( 'NONE',  ( -8.358504278852759484, 0.3938515699128868341, 12.00000000000000000 ) ) ;
#625 = EDGE_CURVE ( 'NONE', #2622, #2591, #2274, .T. ) ;
#626 = ORIENTED_EDGE ( 'NONE', *, *, #2599, .F. ) ;
#627 = CARTESIAN_POINT ( 'NONE',  ( 2.343103861940804222, 7.491385036312877332, 12.00000000000000355 ) ) ;
#628 = CARTESIAN_POINT ( 'NONE',  ( 6.993672153534657987, 4.594372933012287774, 0.000000000000000000 ) ) ;
#629 = CARTESIAN_POINT ( 'NONE',  ( 6.714272332570425661, -5.697735100902652228, -0.000000000000000000 ) ) ;
#630 = DATE_AND_TIME ( #1675, #1443 ) ;
#631 = CARTESIAN_POINT ( 'NONE',  ( 9.465876182014035578, 3.075649613638225865, 0.000000000000000000 ) ) ;
#632 = CARTESIAN_POINT ( 'NONE',  ( -6.993672153534667757, 4.594372933012287774, 12.00000000000000000 ) ) ;
#633 = CARTESIAN_POINT ( 'NONE',  ( 7.993670886075939563, 2.000000000000000000, -10.96894885826609922 ) ) ;
#634 = CIRCLE ( 'NONE', #278, 2.281000000000000139 ) ;
#635 = CARTESIAN_POINT ( 'NONE',  ( 2.726939712873757582, -7.639521561486008139, 0.000000000000000000 ) ) ;
#636 = ORIENTED_EDGE ( 'NONE', *, *, #539, .T. ) ;
#637 = APPROVAL ( #657, 'æœª' ) ;
#638 = AXIS2_PLACEMENT_3D ( 'NONE', #582, #2320, #27 ) ;
#639 = CARTESIAN_POINT ( 'NONE',  ( -5.472734944175701166, 3.988905485927053185, -0.000000000000000000 ) ) ;
#640 = CIRCLE ( 'NONE', #2515, 2.281000000000000139 ) ;
#641 = EDGE_CURVE ( 'NONE', #123, #1730, #1527, .T. ) ;
#642 = CARTESIAN_POINT ( 'NONE',  ( 11.99367088607593956, 2.000000000000000000, 8.196202531645580436 ) ) ;
#643 = CC_DESIGN_APPROVAL ( #637, ( #984 ) ) ;
#644 = CARTESIAN_POINT ( 'NONE',  ( 6.298954255771816335, -4.683395835600494550, 0.000000000000000000 ) ) ;
#645 = CARTESIAN_POINT ( 'NONE',  ( 2.284257538061051473, 7.783357719253970686, 0.000000000000000000 ) ) ;
#646 = COORDINATED_UNIVERSAL_TIME_OFFSET ( 8, 0, .AHEAD. ) ;
#647 = CARTESIAN_POINT ( 'NONE',  ( 6.298954255771816335, -4.683395835600494550, 0.000000000000000000 ) ) ;
#648 = CARTESIAN_POINT ( 'NONE',  ( -7.132923872213531524, 2.317627457812000191, 12.00000000000000000 ) ) ;
#649 = CARTESIAN_POINT ( 'NONE',  ( 9.465876182014024920, 3.075649613638232083, 12.00000000000000000 ) ) ;
#650 = EDGE_LOOP ( 'NONE', ( #2676, #1286, #1536, #353 ) ) ;
#651 = CARTESIAN_POINT ( 'NONE',  ( -6.772155392964800846, -0.01029943717862169192, 0.000000000000000000 ) ) ;
#652 = CARTESIAN_POINT ( 'NONE',  ( -8.108283999563168365, 0.2327444237725095899, 0.000000000000000000 ) ) ;
#653 = CARTESIAN_POINT ( 'NONE',  ( -7.272175590768164000, -0.04088198260448330790, 11.99999999999999645 ) ) ;
#654 = ORIENTED_EDGE ( 'NONE', *, *, #490, .T. ) ;
#655 = EDGE_CURVE ( 'NONE', #1368, #1596, #1499, .T. ) ;
#656 = CARTESIAN_POINT ( 'NONE',  ( 6.763445381126874878, -6.753463966749096770, 0.000000000000000000 ) ) ;
#657 = APPROVAL_STATUS ( 'not_yet_approved' ) ;
#658 = PERSON ( 'NAUO-PER3', 'UNSPECIFIED', 'UNSPECIFIED', ('UNSPECIFIED'), ('UNSPECIFIED'), ('UNSPECIFIED') ) ;
#659 = LINE ( 'NONE', #218, #2553 ) ;
#660 = ORIENTED_EDGE ( 'NONE', *, *, #1281, .F. ) ;
#661 = ORIENTED_EDGE ( 'NONE', *, *, #1188, .T. ) ;
#662 = CARTESIAN_POINT ( 'NONE',  ( -3.344043840211337937, -8.146349429696927658, -0.000000000000000000 ) ) ;
#663 = CARTESIAN_POINT ( 'NONE',  ( -6.530671864760560830, -5.231638159654074194, 11.99999999999999822 ) ) ;
#664 = CARTESIAN_POINT ( 'NONE',  ( 5.991008889722122532, -4.294704099293354282, 12.00000000000000178 ) ) ;
#665 = EDGE_CURVE ( 'NONE', #2374, #1731, #1082, .T. ) ;
#666 = PERSON_AND_ORGANIZATION ( #2562, #934 ) ;
#667 = DIRECTION ( 'NONE',  ( 1.000000000000000000, 0.000000000000000000, 0.000000000000000000 ) ) ;
#668 = EDGE_CURVE ( 'NONE', #1538, #2503, #368, .T. ) ;
#669 = DIRECTION ( 'NONE',  ( 0.000000000000000000, 0.000000000000000000, 1.000000000000000000 ) ) ;
#670 = CARTESIAN_POINT ( 'NONE',  ( 2.082915758131442363, -6.443885216962728535, -0.000000000000000000 ) ) ;
#671 = ORIENTED_EDGE ( 'NONE', *, *, #625, .F. ) ;
#672 = DIRECTION ( 'NONE',  ( 0.000000000000000000, 1.000000000000000000, 0.000000000000000000 ) ) ;
#673 = ORIENTED_EDGE ( 'NONE', *, *, #1882, .T. ) ;
#674 = VECTOR ( 'NONE', #729, 1000.000000000000000 ) ;
#675 = DIRECTION ( 'NONE',  ( 1.000000000000000000, 0.000000000000000000, 0.000000000000000000 ) ) ;
#676 = ORIENTED_EDGE ( 'NONE', *, *, #2085, .T. ) ;
#677 =( GEOMETRIC_REPRESENTATION_CONTEXT ( 3 ) GLOBAL_UNCERTAINTY_ASSIGNED_CONTEXT ( ( #106 ) ) GLOBAL_UNIT_ASSIGNED_CONTEXT ( ( #1940, #81, #1519 ) ) REPRESENTATION_CONTEXT ( 'NONE', 'WORKASPACE' ) );
#678 = CARTESIAN_POINT ( 'NONE',  ( 6.772155392964380738, -0.01029943717830844249, 12.00000000000000000 ) ) ;
#679 = CC_DESIGN_SECURITY_CLASSIFICATION ( #466, ( #2518 ) ) ;
#680 = SHAPE_DEFINITION_REPRESENTATION ( #2003, #1218 ) ;
#681 = CC_DESIGN_PERSON_AND_ORGANIZATION_ASSIGNMENT ( #1997, #2086, ( #112 ) ) ;
#682 = CARTESIAN_POINT ( 'NONE',  ( -2.284244450223212208, 7.783358316048074599, 0.000000000000000000 ) ) ;
#683 = CARTESIAN_POINT ( 'NONE',  ( 2.306000219334031875, -7.306488824362877388, 0.000000000000000000 ) ) ;
#684 = VERTEX_POINT ( 'NONE', #1689 ) ;
#685 = EDGE_CURVE ( 'NONE', #1721, #1775, #714, .T. ) ;
#686 = DIRECTION ( 'NONE',  ( 0.000000000000000000, 1.000000000000000000, 0.000000000000000000 ) ) ;
#687 = ORIENTED_EDGE ( 'NONE', *, *, #1445, .T. ) ;
#688 = CARTESIAN_POINT ( 'NONE',  ( 9.441328775402133999, 1.488213670286786972, 0.000000000000000000 ) ) ;
#689 = CARTESIAN_POINT ( 'NONE',  ( 6.894656006666349590, 4.588316846032622465, 0.000000000000000000 ) ) ;
#690 = COORDINATED_UNIVERSAL_TIME_OFFSET ( 8, 0, .AHEAD. ) ;
#691 = CARTESIAN_POINT ( 'NONE',  ( 2.233182759024220143, 7.975075402953391013, 11.99999999999999822 ) ) ;
#692 = DIRECTION ( 'NONE',  ( 0.000000000000000000, 1.000000000000000000, 0.000000000000000000 ) ) ;
#693 = CARTESIAN_POINT ( 'NONE',  ( 2.429053010526672551, 7.266506548827921463, 0.000000000000000000 ) ) ;
#694 = ORIENTED_EDGE ( 'NONE', *, *, #2638, .T. ) ;
#695 = CARTESIAN_POINT ( 'NONE',  ( -6.993672185098409599, 4.594372934942809295, 12.00000000000000000 ) ) ;
#696 = CARTESIAN_POINT ( 'NONE',  ( 6.530671864658125436, -5.231638159394021770, 0.000000000000000000 ) ) ;
#697 = CARTESIAN_POINT ( 'NONE',  ( 6.422935811018229302, -4.954223950520253439, 0.000000000000000000 ) ) ;
#698 = EDGE_CURVE ( 'NONE', #1862, #1981, #26, .T. ) ;
#699 = ORIENTED_EDGE ( 'NONE', *, *, #655, .T. ) ;
#700 = ORIENTED_EDGE ( 'NONE', *, *, #1229, .T. ) ;
#701 = CARTESIAN_POINT ( 'NONE',  ( 2.317644985622998366, -7.207163419353229905, 12.00000000000000178 ) ) ;
#702 = CARTESIAN_POINT ( 'NONE',  ( 6.604370679972711322, 4.570562234860818585, 0.000000000000000000 ) ) ;
#703 = APPROVAL_ROLE ( '' ) ;
#704 = DIRECTION ( 'NONE',  ( 1.000000000000000000, 0.000000000000000000, 0.000000000000000000 ) ) ;
#705 = CARTESIAN_POINT ( 'NONE',  ( 2.208344767702384193, -6.928883210750679922, 0.000000000000000000 ) ) ;
#706 = SHAPE_REPRESENTATION_RELATIONSHIP ( 'NONE' , 'NONE' ,  #1218, #405 ) ;
#707 = CARTESIAN_POINT ( 'NONE',  ( 7.493692351462880374, 4.624955478445709645, 12.00000000000000000 ) ) ;
#708 = ORIENTED_EDGE ( 'NONE', *, *, #1864, .F. ) ;
#709 = CARTESIAN_POINT ( 'NONE',  ( 2.233182759024220143, 7.975075402953394565, -0.000000000000000000 ) ) ;
#710 = DIRECTION ( 'NONE',  ( 0.000000000000000000, 1.000000000000000000, 0.000000000000000000 ) ) ;
#711 = CARTESIAN_POINT ( 'NONE',  ( 6.298954255771812782, -4.683395835600498103, 0.000000000000000000 ) ) ;
#712 = APPROVAL ( #1019, 'UNKNOWN' ) ;
#713 = LINE ( 'NONE', #520, #1489 ) ;
#714 = CIRCLE ( 'NONE', #2641, 2.281000000000001027 ) ;
#715 = ORIENTED_EDGE ( 'NONE', *, *, #716, .T. ) ;
#716 = EDGE_CURVE ( 'NONE', #1981, #478, #659, .T. ) ;
#717 = CIRCLE ( 'NONE', #2643, 2.281000000000001027 ) ;
#718 = CARTESIAN_POINT ( 'NONE',  ( 6.138221854008094169, -4.431360712238817889, 0.000000000000000000 ) ) ;
#719 = FACE_OUTER_BOUND ( 'NONE', #2329, .T. ) ;
#720 = VECTOR ( 'NONE', #1325, 1000.000000000000000 ) ;
#721 = APPROVAL_ROLE ( '' ) ;
#722 = EDGE_CURVE ( 'NONE', #1862, #911, #1055, .T. ) ;
#723 = LOCAL_TIME ( 20, 1, 47.00000000000000000, #162 ) ;
#724 = CARTESIAN_POINT ( 'NONE',  ( 6.111289349561179307, 4.468430124432423156, 12.00000000000000355 ) ) ;
#725 = DIRECTION ( 'NONE',  ( 0.000000000000000000, 0.000000000000000000, 1.000000000000000000 ) ) ;
#726 = SECURITY_CLASSIFICATION ( '', '', #2201 ) ;
#727 = ORIENTED_EDGE ( 'NONE', *, *, #1604, .T. ) ;
#728 = CARTESIAN_POINT ( 'NONE',  ( 2.322464273014722025, 6.995915274641618886, 0.000000000000000000 ) ) ;
#729 = DIRECTION ( 'NONE',  ( 0.000000000000000000, 0.000000000000000000, -1.000000000000000000 ) ) ;
#730 = ORIENTED_EDGE ( 'NONE', *, *, #2347, .T. ) ;
#731 = VERTEX_POINT ( 'NONE', #206 ) ;
#732 = CARTESIAN_POINT ( 'NONE',  ( -2.429053010527122414, 7.266506548828019163, 12.00000000000000000 ) ) ;
#733 = EDGE_CURVE ( 'NONE', #2148, #808, #1518, .T. ) ;
#734 = CARTESIAN_POINT ( 'NONE',  ( -2.317659613296775500, -7.207161661006985298, 0.000000000000000000 ) ) ;
#735 = CARTESIAN_POINT ( 'NONE',  ( -20.50632911392404623, 0.000000000000000000, -14.30379746835441956 ) ) ;
#736 = DATE_AND_TIME ( #1602, #1157 ) ;
#737 = ORIENTED_EDGE ( 'NONE', *, *, #2203, .F. ) ;
#738 = CARTESIAN_POINT ( 'NONE',  ( -6.993672153534657099, 4.594372933012287774, 0.000000000000000000 ) ) ;
#739 = CARTESIAN_POINT ( 'NONE',  ( -5.859283812646951972, 4.307551783104424103, 11.99999999999999822 ) ) ;
#740 = ORIENTED_EDGE ( 'NONE', *, *, #1959, .T. ) ;
#741 = ORIENTED_EDGE ( 'NONE', *, *, #2344, .T. ) ;
#742 = ORIENTED_EDGE ( 'NONE', *, *, #1641, .T. ) ;
#743 = DIRECTION ( 'NONE',  ( 1.000000000000000000, 0.000000000000000000, -1.239088197126289831E-16 ) ) ;
#744 = DATE_AND_TIME ( #549, #468 ) ;
#745 = CC_DESIGN_PERSON_AND_ORGANIZATION_ASSIGNMENT ( #2384, #1973, ( #2233 ) ) ;
#746 = CARTESIAN_POINT ( 'NONE',  ( -2.880948904819276901, -7.764603424365501994, 0.000000000000000000 ) ) ;
#747 = CARTESIAN_POINT ( 'NONE',  ( 2.233182759024220143, 7.975075402953391013, 11.99999999999999822 ) ) ;
#748 = EDGE_LOOP ( 'NONE', ( #542, #1241, #438, #1774, #2015, #1549, #1070, #2449, #546, #2452, #30, #2445, #1824, #1965, #235, #8, #1980, #2606, #1151, #2477, #2004, #2655 ) ) ;
#749 = EDGE_CURVE ( 'NONE', #2308, #1791, #1714, .T. ) ;
#750 = LINE ( 'NONE', #2304, #1655 ) ;
#751 = CARTESIAN_POINT ( 'NONE',  ( 11.49367088607593956, 13.50000000000000000, 10.69620253164558044 ) ) ;
#752 = DIRECTION ( 'NONE',  ( 0.000000000000000000, 0.000000000000000000, 1.000000000000000000 ) ) ;
#753 = VERTEX_POINT ( 'NONE', #2574 ) ;
#754 = CARTESIAN_POINT ( 'NONE',  ( -8.358504278852759484, 0.3938515699128868341, 12.00000000000000000 ) ) ;
#755 = VECTOR ( 'NONE', #294, 1000.000000000000000 ) ;
#756 = CARTESIAN_POINT ( 'NONE',  ( -2.208344767700846756, -6.928883210746629828, 12.00000000000000000 ) ) ;
#757 = CARTESIAN_POINT ( 'NONE',  ( -2.082915758131141271, -6.443885216963099793, 0.000000000000000000 ) ) ;
#758 = AXIS2_PLACEMENT_3D ( 'NONE', #363, #153, #2271 ) ;
#759 = DIRECTION ( 'NONE',  ( 0.000000000000000000, 0.000000000000000000, 1.000000000000000000 ) ) ;
#760 = DIRECTION ( 'NONE',  ( -2.074120866879040308E-16, 1.032830195092313909E-15, 0.9999999999999998890 ) ) ;
#761 = CC_DESIGN_PERSON_AND_ORGANIZATION_ASSIGNMENT ( #303, #2747, ( #1970 ) ) ;
#762 = ORIENTED_EDGE ( 'NONE', *, *, #249, .F. ) ;
#763 = VECTOR ( 'NONE', #2323, 1000.000000000000000 ) ;
#764 = CARTESIAN_POINT ( 'NONE',  ( 6.993672153459121965, 4.594372933007668358, 12.00000000000000178 ) ) ;
#765 = CARTESIAN_POINT ( 'NONE',  ( 7.272175591122630678, -0.04088198262578426195, 12.00000000000000178 ) ) ;
#766 = APPROVAL_PERSON_ORGANIZATION ( #1586, #2282, #721 ) ;
#767 = CARTESIAN_POINT ( 'NONE',  ( -4.799971562413360537, -1.559605301985931058, 11.99999999999999645 ) ) ;
#768 = EDGE_CURVE ( 'NONE', #1903, #1971, #947, .T. ) ;
#769 = CARTESIAN_POINT ( 'NONE',  ( -1.502155732314623293, -5.560879430289271674, 0.000000000000000000 ) ) ;
#770 = ORIENTED_EDGE ( 'NONE', *, *, #1930, .F. ) ;
#771 = CARTESIAN_POINT ( 'NONE',  ( -8.108283999563168365, 0.2327444237725066478, 11.99999999999999822 ) ) ;
#772 = LINE ( 'NONE', #1597, #2333 ) ;
#773 = LINE ( 'NONE', #1418, #810 ) ;
#774 = CARTESIAN_POINT ( 'NONE',  ( -5.472734944175701166, 3.988905485927054073, 12.00000000000000000 ) ) ;
#775 = CARTESIAN_POINT ( 'NONE',  ( -5.472734944175708272, 3.988905485927058958, -0.000000000000000000 ) ) ;
#776 = APPROVAL_DATE_TIME ( #2703, #2568 ) ;
#777 = VERTEX_POINT ( 'NONE', #435 ) ;
#778 = CARTESIAN_POINT ( 'NONE',  ( 2.082915758131441919, -6.443885216962726759, -0.000000000000000000 ) ) ;
#779 = DIRECTION ( 'NONE',  ( -0.000000000000000000, -0.000000000000000000, -1.000000000000000000 ) ) ;
#780 = DIRECTION ( 'NONE',  ( 1.000000000000000000, 0.000000000000000000, 0.000000000000000000 ) ) ;
#781 = CARTESIAN_POINT ( 'NONE',  ( 2.082915758131441475, -6.443885216962724982, 12.00000000000000000 ) ) ;
#782 = CARTESIAN_POINT ( 'NONE',  ( 2.361250188460726651, 7.192995230092972037, 0.000000000000000000 ) ) ;
#783 = ORIENTED_EDGE ( 'NONE', *, *, #2498, .T. ) ;
#784 = CARTESIAN_POINT ( 'NONE',  ( 6.696543290711860053, 4.577635562164165783, 0.000000000000000000 ) ) ;
#785 = B_SPLINE_CURVE_WITH_KNOTS ( 'NONE', 1,
 ( #1275, #1287 ),
 .UNSPECIFIED., .F., .F.,
 ( 2, 2 ),
 ( 0.000000000000000000, 1.000000000000000000 ),
 .UNSPECIFIED. ) ;
#786 = EDGE_CURVE ( 'NONE', #619, #777, #1508, .T. ) ;
#787 = CARTESIAN_POINT ( 'NONE',  ( 2.286106919659029124, 6.903616756053240877, 0.000000000000000000 ) ) ;
#788 = CARTESIAN_POINT ( 'NONE',  ( 1.502155732314629066, 9.439120569711013431, 12.00000000000000355 ) ) ;
#789 = CARTESIAN_POINT ( 'NONE',  ( 6.696543290711865382, 4.577635562164167560, 12.00000000000000355 ) ) ;
#790 = APPROVAL_DATE_TIME ( #1899, #588 ) ;
#791 = ORIENTED_EDGE ( 'NONE', *, *, #1773, .F. ) ;
#792 = CARTESIAN_POINT ( 'NONE',  ( -2.880948904819276901, -7.764603424365501994, 0.000000000000000000 ) ) ;
#793 = CARTESIAN_POINT ( 'NONE',  ( 7.132923872213810412, -2.317627457812008185, 0.000000000000000000 ) ) ;
#794 = CARTESIAN_POINT ( 'NONE',  ( 7.272175590864936368, -0.04088198261002309181, 12.00000000000000000 ) ) ;
#795 = CARTESIAN_POINT ( 'NONE',  ( -6.298936487484955826, -4.683415911144956034, 11.99999999999998934 ) ) ;
#796 = CARTESIAN_POINT ( 'NONE',  ( 7.371191738586986730, -0.04693806964190243985, 12.00000000000000178 ) ) ;
#797 = ORIENTED_EDGE ( 'NONE', *, *, #443, .T. ) ;
#798 = DATE_TIME_ROLE ( 'classification_date' ) ;
#799 = CARTESIAN_POINT ( 'NONE',  ( 8.274838854007523281, 0.3405508158861555446, -0.000000000000000000 ) ) ;
#800 = CARTESIAN_POINT ( 'NONE',  ( 29.49367088607594667, 0.000000000000000000, -14.30379746835441956 ) ) ;
#801 = EDGE_CURVE ( 'NONE', #517, #1903, #1343, .T. ) ;
#802 = VECTOR ( 'NONE', #902, 1000.000000000000000 ) ;
#803 = CARTESIAN_POINT ( 'NONE',  ( 7.371191738586973408, -0.04693806964190170433, 0.000000000000000000 ) ) ;
#804 = CARTESIAN_POINT ( 'NONE',  ( -2.233182758817003233, 7.975075403754638970, 12.00000000000000000 ) ) ;
#805 = AXIS2_PLACEMENT_3D ( 'NONE', #1843, #779, #1166 ) ;
#806 = PERSON_AND_ORGANIZATION ( #2562, #934 ) ;
#807 = CARTESIAN_POINT ( 'NONE',  ( 6.111289349561179307, 4.468430124432425821, 0.000000000000000000 ) ) ;
#808 = VERTEX_POINT ( 'NONE', #624 ) ;
#809 = CARTESIAN_POINT ( 'NONE',  ( 2.726939712873770461, -7.639521561486020573, 0.000000000000000000 ) ) ;
#810 = VECTOR ( 'NONE', #990, 1000.000000000000000 ) ;
#811 = CARTESIAN_POINT ( 'NONE',  ( -7.661477064454913055, -0.06469268076364427522, 0.000000000000000000 ) ) ;
#812 = CARTESIAN_POINT ( 'NONE',  ( 2.429053010526672551, 7.266506548827921463, 12.00000000000000000 ) ) ;
#813 = CARTESIAN_POINT ( 'NONE',  ( -8.108283999563168365, 0.2327444237725066478, 11.99999999999999822 ) ) ;
#814 = ORIENTED_EDGE ( 'NONE', *, *, #370, .T. ) ;
#815 = DIRECTION ( 'NONE',  ( 1.000000000000000000, 0.000000000000000000, 0.000000000000000000 ) ) ;
#816 = LOCAL_TIME ( 20, 1, 47.00000000000000000, #2368 ) ;
#817 = APPROVAL_DATE_TIME ( #2455, #712 ) ;
#818 = CARTESIAN_POINT ( 'NONE',  ( 4.799971562413226422, -1.559605301985975245, 0.000000000000000000 ) ) ;
#819 = CC_DESIGN_SECURITY_CLASSIFICATION ( #2018, ( #2767 ) ) ;
#820 = CARTESIAN_POINT ( 'NONE',  ( -9.465876182014010709, 3.075649613638217428, 11.99999999999996625 ) ) ;
#821 = LINE ( 'NONE', #2378, #2140 ) ;
#822 = CARTESIAN_POINT ( 'NONE',  ( -6.138228046494662138, -4.431347343853152765, 11.99999999999998757 ) ) ;
#823 = APPROVAL_STATUS ( 'not_yet_approved' ) ;
#824 = CARTESIAN_POINT ( 'NONE',  ( 6.894656006666345149, 4.588316846032622465, 0.000000000000000000 ) ) ;
#825 = CARTESIAN_POINT ( 'NONE',  ( -7.132923872213805083, -2.317627457812386105, 0.000000000000000000 ) ) ;
#826 = CARTESIAN_POINT ( 'NONE',  ( -6.422946048514704742, -4.954215774865637023, 12.00000000000001066 ) ) ;
#827 = ORIENTED_EDGE ( 'NONE', *, *, #219, .T. ) ;
#828 = CARTESIAN_POINT ( 'NONE',  ( 4.824518969025299420, -3.147041245337514059, 0.000000000000000000 ) ) ;
#829 = CARTESIAN_POINT ( 'NONE',  ( 7.848789467786623675, 0.08654109137163430721, 0.000000000000000000 ) ) ;
#830 = CARTESIAN_POINT ( 'NONE',  ( 2.306000219333810275, 7.693511175637102184, 0.000000000000000000 ) ) ;
#831 = ORIENTED_EDGE ( 'NONE', *, *, #2727, .F. ) ;
#832 = CARTESIAN_POINT ( 'NONE',  ( 6.772155392964375409, -0.01029943717830813024, -0.000000000000000000 ) ) ;
#833 = APPLICATION_PROTOCOL_DEFINITION ( 'international standard', 'config_control_design', 1994, #1880 ) ;
#834 = CARTESIAN_POINT ( 'NONE',  ( -2.053333403260143797, 5.381790948875208258, 11.99999999999999822 ) ) ;
#835 = CARTESIAN_POINT ( 'NONE',  ( 7.493692351462880374, 4.624955478445709645, -0.000000000000000000 ) ) ;
#836 = CARTESIAN_POINT ( 'NONE',  ( -8.358504278852752378, 0.3938515699128833369, 0.000000000000000000 ) ) ;
#837 = CARTESIAN_POINT ( 'NONE',  ( -4.332906349846330052, -8.519353938951388372, 0.000000000000000000 ) ) ;
#838 = ORIENTED_EDGE ( 'NONE', *, *, #427, .F. ) ;
#839 = EDGE_CURVE ( 'NONE', #423, #99, #151, .T. ) ;
#840 = CONTEXT_DEPENDENT_SHAPE_REPRESENTATION ( #1915, #1152 ) ;
#841 = CARTESIAN_POINT ( 'NONE',  ( -2.343130036895797907, 7.491379238793241413, 11.99999999999997513 ) ) ;
#842 = CARTESIAN_POINT ( 'NONE',  ( -2.053333403260148682, 5.381790948875196712, 0.000000000000000000 ) ) ;
#843 = CARTESIAN_POINT ( 'NONE',  ( -6.387725773860197798, -4.868748366796358695, 0.000000000000000000 ) ) ;
#844 = CARTESIAN_POINT ( 'NONE',  ( -1.502155732314622405, -5.560879430289272563, 12.00000000000002132 ) ) ;
#845 = APPROVAL_STATUS ( 'not_yet_approved' ) ;
#846 = CARTESIAN_POINT ( 'NONE',  ( 5.752902267991014007, -0.2897712499213973558, 0.000000000000000000 ) ) ;
#847 = DIRECTION ( 'NONE',  ( 0.000000000000000000, 0.000000000000000000, 1.000000000000000000 ) ) ;
#848 = LINE ( 'NONE', #1939, #2412 ) ;
#849 = ORIENTED_EDGE ( 'NONE', *, *, #204, .F. ) ;
#850 = AXIS2_PLACEMENT_3D ( 'NONE', #2359, #1487, #207 ) ;
#851 = EDGE_CURVE ( 'NONE', #1361, #1952, #101, .T. ) ;
#852 = AXIS2_PLACEMENT_3D ( 'NONE', #1017, #380, #815 ) ;
#853 = AXIS2_PLACEMENT_3D ( 'NONE', #1324, #898, #2172 ) ;
#854 = CARTESIAN_POINT ( 'NONE',  ( -3.006329113924055108, 2.000000000000000000, -1.803797468354420230 ) ) ;
#855 = EDGE_CURVE ( 'NONE', #1681, #334, #1767, .T. ) ;
#856 = APPROVAL_PERSON_ORGANIZATION ( #62, #2324, #1937 ) ;
#857 = CARTESIAN_POINT ( 'NONE',  ( 4.824518969025303861, -3.147041245337514948, 0.000000000000000000 ) ) ;
#858 = CALENDAR_DATE ( 2025, 8, 6 ) ;
#859 = CARTESIAN_POINT ( 'NONE',  ( -6.530671864687544570, -5.231638159468708693, 12.00000000000000000 ) ) ;
#860 = DIRECTION ( 'NONE',  ( 0.000000000000000000, -1.000000000000000000, 0.000000000000000000 ) ) ;
#861 = CARTESIAN_POINT ( 'NONE',  ( 6.298954255771809230, -4.683395835600490109, 11.99999999999999289 ) ) ;
#862 = ORIENTED_EDGE ( 'NONE', *, *, #427, .T. ) ;
#863 = ORIENTED_EDGE ( 'NONE', *, *, #1992, .T. ) ;
#864 = CC_DESIGN_DATE_AND_TIME_ASSIGNMENT ( #2758, #174, ( #1736 ) ) ;
#865 = CARTESIAN_POINT ( 'NONE',  ( -6.236290550841554925, -4.450965751114441815, 12.00000000000000000 ) ) ;
#866 = ORIENTED_EDGE ( 'NONE', *, *, #574, .T. ) ;
#867 = DIRECTION ( 'NONE',  ( 0.000000000000000000, 0.000000000000000000, 1.000000000000000000 ) ) ;
#868 = PERSON_AND_ORGANIZATION ( #2562, #934 ) ;
#869 = CARTESIAN_POINT ( 'NONE',  ( 6.236290550841929736, -4.450965751114215330, 12.00000000000000000 ) ) ;
#870 = CARTESIAN_POINT ( 'NONE',  ( 7.272175590864936368, -0.04088198261002309181, 12.00000000000000000 ) ) ;
#871 = CARTESIAN_POINT ( 'NONE',  ( 6.138221854008102163, -4.431360712238826771, 12.00000000000000888 ) ) ;
#872 = ORIENTED_EDGE ( 'NONE', *, *, #2252, .T. ) ;
#873 = B_SPLINE_CURVE_WITH_KNOTS ( 'NONE', 3,
 ( #794, #2247, #2038, #2678 ),
 .UNSPECIFIED., .F., .F.,
 ( 4, 4 ),
 ( 0.000000000000000000, 1.170086868559718551 ),
 .UNSPECIFIED. ) ;
#874 = CARTESIAN_POINT ( 'NONE',  ( -2.102506451816740451, 6.437519814721700762, 0.000000000000000000 ) ) ;
#875 = CARTESIAN_POINT ( 'NONE',  ( -6.160239743473717056, 4.555640707412454304, 12.00000000000000000 ) ) ;
#876 = CC_DESIGN_PERSON_AND_ORGANIZATION_ASSIGNMENT ( #1063, #1923, ( #1970 ) ) ;
#877 = ORIENTED_EDGE ( 'NONE', *, *, #1388, .F. ) ;
#878 = CARTESIAN_POINT ( 'NONE',  ( 8.358504305523094757, 0.3938515869037635952, 12.00000000000000178 ) ) ;
#879 = ADVANCED_FACE ( 'NONE', ( #1561 ), #258, .F. ) ;
#880 = APPROVAL_STATUS ( 'not_yet_approved' ) ;
#881 = CARTESIAN_POINT ( 'NONE',  ( 2.208344759784729217, 8.071116819863787484, 0.000000000000000000 ) ) ;
#882 = CARTESIAN_POINT ( 'NONE',  ( 7.132923872213810412, -2.317627457812008185, 0.000000000000000000 ) ) ;
#883 = CARTESIAN_POINT ( 'NONE',  ( 2.337451422113772992, 7.481848339826695948, 0.000000000000000000 ) ) ;
#884 = ORIENTED_EDGE ( 'NONE', *, *, #83, .F. ) ;
#885 = CARTESIAN_POINT ( 'NONE',  ( -2.102506451816739119, 6.437519814721698097, 12.00000000000000000 ) ) ;
#886 = CIRCLE ( 'NONE', #504, 2.281000000000000139 ) ;
#887 = CARTESIAN_POINT ( 'NONE',  ( -3.006329113924055108, 2.000000000000000000, -1.803797468354420230 ) ) ;
#888 = CARTESIAN_POINT ( 'NONE',  ( -3.344043840211338381, -8.146349429696929434, 12.00000000000000000 ) ) ;
#889 = AXIS2_PLACEMENT_3D ( 'NONE', #2030, #522, #1795 ) ;
#890 = ORIENTED_EDGE ( 'NONE', *, *, #2586, .T. ) ;
#891 = CIRCLE ( 'NONE', #2013, 2.281000000000000139 ) ;
#892 = CARTESIAN_POINT ( 'NONE',  ( -2.507690216013501949, -7.437910395382269613, 12.00000000000001421 ) ) ;
#893 = CARTESIAN_POINT ( 'NONE',  ( 2.966545570604278925, 4.083099689633556295, 0.000000000000000000 ) ) ;
#894 = AXIS2_PLACEMENT_3D ( 'NONE', #2629, #1987, #2432 ) ;
#895 = COORDINATED_UNIVERSAL_TIME_OFFSET ( 8, 0, .AHEAD. ) ;
#896 = EDGE_CURVE ( 'NONE', #1952, #1721, #339, .T. ) ;
#897 = CARTESIAN_POINT ( 'NONE',  ( -6.894656005840285928, 4.588316845982098435, -0.000000000000000000 ) ) ;
#898 = DIRECTION ( 'NONE',  ( 0.000000000000000000, 0.000000000000000000, -1.000000000000000000 ) ) ;
#899 = CARTESIAN_POINT ( 'NONE',  ( 2.208344767702428602, 8.071116789248321766, 0.000000000000000000 ) ) ;
#900 = ORIENTED_EDGE ( 'NONE', *, *, #44, .T. ) ;
#901 = CARTESIAN_POINT ( 'NONE',  ( -6.111278549054357967, 4.468440144895409638, 12.00000000000000888 ) ) ;
#902 = DIRECTION ( 'NONE',  ( -1.000000000000000000, 0.000000000000000000, 0.000000000000000000 ) ) ;
#903 = CARTESIAN_POINT ( 'NONE',  ( 5.907343465469376831, -4.241403345644100042, 11.99999999999999645 ) ) ;
#904 = ORIENTED_EDGE ( 'NONE', *, *, #2502, .F. ) ;
#905 = CARTESIAN_POINT ( 'NONE',  ( 7.371191738586973408, -0.04693806964190170433, 0.000000000000000000 ) ) ;
#906 = CARTESIAN_POINT ( 'NONE',  ( -2.306000219333572243, -7.306488824363275292, 0.000000000000000000 ) ) ;
#907 = CALENDAR_DATE ( 2025, 8, 6 ) ;
#908 = CARTESIAN_POINT ( 'NONE',  ( -2.322464272711823874, 6.995915273871765372, -0.000000000000000000 ) ) ;
#909 = DIRECTION ( 'NONE',  ( -0.000000000000000000, -0.000000000000000000, -1.000000000000000000 ) ) ;
#910 = CC_DESIGN_PERSON_AND_ORGANIZATION_ASSIGNMENT ( #1814, #1128, ( #1350 ) ) ;
#911 = VERTEX_POINT ( 'NONE', #91 ) ;
#912 = DIRECTION ( 'NONE',  ( 0.000000000000000000, 1.000000000000000000, 0.000000000000000000 ) ) ;
#913 = CARTESIAN_POINT ( 'NONE',  ( -8.029557193585752373, 0.1842891645099402342, 12.00000000000000000 ) ) ;
#914 = ADVANCED_FACE ( 'NONE', ( #1129 ), #2680, .T. ) ;
#915 = VERTEX_POINT ( 'NONE', #1513 ) ;
#916 = CARTESIAN_POINT ( 'NONE',  ( 9.465876182014008933, 3.075649613638228086, 0.000000000000000000 ) ) ;
#917 = CARTESIAN_POINT ( 'NONE',  ( 2.284257538061051473, 7.783357719253976903, 0.000000000000000000 ) ) ;
#918 = DATE_AND_TIME ( #948, #200 ) ;
#919 = CARTESIAN_POINT ( 'NONE',  ( -2.082915758131234973, 8.556114783037308769, -0.000000000000000000 ) ) ;
#920 = DIRECTION ( 'NONE',  ( 0.000000000000000000, 1.000000000000000000, 0.000000000000000000 ) ) ;
#921 = PERSON_AND_ORGANIZATION ( #2562, #934 ) ;
#922 = EDGE_LOOP ( 'NONE', ( #1279, #82, #2393, #2578, #2267, #533, #1205, #1603, #135, #2538, #2076, #2025, #1230, #2704, #1340, #53, #1001, #1620, #699, #1935, #1260, #742 ) ) ;
#923 = LINE ( 'NONE', #1759, #1920 ) ;
#924 = CARTESIAN_POINT ( 'NONE',  ( -2.208344767702430822, 8.071116789248312884, 12.00000000000000000 ) ) ;
#925 = ORIENTED_EDGE ( 'NONE', *, *, #475, .T. ) ;
#926 = CARTESIAN_POINT ( 'NONE',  ( 5.472734944175829952, 3.988905485927467520, 12.00000000000000000 ) ) ;
#927 = EDGE_CURVE ( 'NONE', #2681, #2112, #1972, .T. ) ;
#928 = AXIS2_PLACEMENT_3D ( 'NONE', #138, #968, #152 ) ;
#929 = VERTEX_POINT ( 'NONE', #465 ) ;
#930 = AXIS2_PLACEMENT_3D ( 'NONE', #2611, #509, #77 ) ;
#931 = EDGE_CURVE ( 'NONE', #1596, #1131, #2005, .T. ) ;
#932 = CARTESIAN_POINT ( 'NONE',  ( -2.306000219333798729, 7.693511175637147481, 12.00000000000000000 ) ) ;
#933 = CIRCLE ( 'NONE', #379, 2.281000000000001027 ) ;
#934 = ORGANIZATION ( 'æœª', 'æœª', '' ) ;
#935 = CARTESIAN_POINT ( 'NONE',  ( -6.763445381126884648, -6.753463966749085223, 0.000000000000000000 ) ) ;
#936 = DIRECTION ( 'NONE',  ( 0.000000000000000000, 1.000000000000000000, 0.000000000000000000 ) ) ;
#937 = CARTESIAN_POINT ( 'NONE',  ( -1.338312056661794536E-15, 14.99999999999999289, -7.364647018396275335 ) ) ;
#938 = ORIENTED_EDGE ( 'NONE', *, *, #698, .F. ) ;
#939 = CARTESIAN_POINT ( 'NONE',  ( -4.824518969025148429, -3.147041245337477200, 0.000000000000000000 ) ) ;
#940 = FACE_OUTER_BOUND ( 'NONE', #437, .T. ) ;
#941 = CARTESIAN_POINT ( 'NONE',  ( -2.286106919624192546, 6.903616755963952301, 0.000000000000000000 ) ) ;
#942 = CARTESIAN_POINT ( 'NONE',  ( 11.99367088607593956, 2.000000000000000000, -1.803797468354420230 ) ) ;
#943 = SHAPE_REPRESENTATION ( '\X2\88c5914d4f53\X0\11', ( #894, #1031, #1396, #1072 ), #1748 ) ;
#944 = ORIENTED_EDGE ( 'NONE', *, *, #2120, .F. ) ;
#945 = CC_DESIGN_PERSON_AND_ORGANIZATION_ASSIGNMENT ( #1484, #1888, ( #2518 ) ) ;
#946 = CARTESIAN_POINT ( 'NONE',  ( -2.957494971740012080, -7.827703132519475027, 12.00000000000000000 ) ) ;
#947 = B_SPLINE_CURVE_WITH_KNOTS ( 'NONE', 3,
 ( #445, #1284, #2319, #1871 ),
 .UNSPECIFIED., .F., .F.,
 ( 4, 4 ),
 ( 0.000000000000000000, 1.170086868559611526 ),
 .UNSPECIFIED. ) ;
#948 = CALENDAR_DATE ( 2025, 8, 6 ) ;
#949 = EDGE_CURVE ( 'NONE', #2044, #423, #73, .T. ) ;
#950 = CARTESIAN_POINT ( 'NONE',  ( -8.512945476436211578, 4.345483665702677634, 11.99999999999999822 ) ) ;
#951 = CARTESIAN_POINT ( 'NONE',  ( 2.102506451816425148, 6.437519814721502698, 12.00000000000000000 ) ) ;
#952 = PERSON_AND_ORGANIZATION_ROLE ( 'creator' ) ;
#953 = VERTEX_POINT ( 'NONE', #1075 ) ;
#954 = DIRECTION ( 'NONE',  ( 0.000000000000000000, 1.000000000000000000, 0.000000000000000000 ) ) ;
#955 = DIRECTION ( 'NONE',  ( 1.000000000000000000, 0.000000000000000000, 0.000000000000000000 ) ) ;
#956 = CARTESIAN_POINT ( 'NONE',  ( -1.502155732314616632, 9.439120569711041853, 0.000000000000000000 ) ) ;
#957 = ORIENTED_EDGE ( 'NONE', *, *, #1882, .F. ) ;
#958 = ORIENTED_EDGE ( 'NONE', *, *, #1464, .F. ) ;
#959 = DIRECTION ( 'NONE',  ( 0.000000000000000000, 1.000000000000000000, 0.000000000000000000 ) ) ;
#960 = LINE ( 'NONE', #1627, #1028 ) ;
#961 = CC_DESIGN_DATE_AND_TIME_ASSIGNMENT ( #1336, #2184, ( #604 ) ) ;
#962 = CARTESIAN_POINT ( 'NONE',  ( -2.082915758131233641, 8.556114783037314098, 12.00000000000000000 ) ) ;
#963 = EDGE_CURVE ( 'NONE', #1121, #1787, #1391, .T. ) ;
#964 = CARTESIAN_POINT ( 'NONE',  ( -2.102506451816742228, 6.437519814721706091, 0.000000000000000000 ) ) ;
#965 = DIRECTION ( 'NONE',  ( -0.8367095803557945688, -0.5476468553190370070, 3.920825284074963572E-16 ) ) ;
#966 = ORIENTED_EDGE ( 'NONE', *, *, #1959, .F. ) ;
#967 = CARTESIAN_POINT ( 'NONE',  ( 2.880948904180684167, -7.764603423839084861, -0.000000000000000000 ) ) ;
#968 = DIRECTION ( 'NONE',  ( -0.000000000000000000, -0.000000000000000000, -1.000000000000000000 ) ) ;
#969 = CARTESIAN_POINT ( 'NONE',  ( 2.208344767702428602, 8.071116789248321766, 0.000000000000000000 ) ) ;
#970 = CARTESIAN_POINT ( 'NONE',  ( -6.400671641935985257, 4.543389483881957958, 0.000000000000000000 ) ) ;
#971 = B_SPLINE_CURVE_WITH_KNOTS ( 'NONE', 3,
 ( #705, #683, #2614, #1963 ),
 .UNSPECIFIED., .F., .F.,
 ( 4, 4 ),
 ( 0.000000000000000000, 1.170086868559685245 ),
 .UNSPECIFIED. ) ;
#972 = EDGE_LOOP ( 'NONE', ( #872, #741, #1057, #1792, #1555 ) ) ;
#973 = DIRECTION ( 'NONE',  ( 0.000000000000000000, 0.000000000000000000, 1.000000000000000000 ) ) ;
#974 = AXIS2_PLACEMENT_3D ( 'NONE', #2526, #2133, #847 ) ;
#975 = CARTESIAN_POINT ( 'NONE',  ( -8.781005085690726020, 0.6630142691165658020, 12.00000000000000000 ) ) ;
#976 = AXIS2_PLACEMENT_3D ( 'NONE', #1825, #2054, #973 ) ;
#977 = CARTESIAN_POINT ( 'NONE',  ( -2.361237320893932345, 7.193002405491961682, 0.000000000000000000 ) ) ;
#978 = CALENDAR_DATE ( 2025, 8, 6 ) ;
#979 = ORIENTED_EDGE ( 'NONE', *, *, #641, .F. ) ;
#980 = PRODUCT_RELATED_PRODUCT_CATEGORY ( 'detail', '', ( #1193 ) ) ;
#981 = AXIS2_PLACEMENT_3D ( 'NONE', #2576, #2414, #669 ) ;
#982 = FACE_OUTER_BOUND ( 'NONE', #293, .T. ) ;
#983 = CARTESIAN_POINT ( 'NONE',  ( -4.408389392193635459, 6.067627457812033498, 0.000000000000000000 ) ) ;
#984 = SECURITY_CLASSIFICATION ( '', '', #1738 ) ;
#985 = CARTESIAN_POINT ( 'NONE',  ( -6.714272332570422108, -5.697735100902645122, 12.00000000000000000 ) ) ;
#986 = DIRECTION ( 'NONE',  ( 0.000000000000000000, 0.000000000000000000, 1.000000000000000000 ) ) ;
#987 = CARTESIAN_POINT ( 'NONE',  ( 2.053333403260016343, 5.381790948874987102, 11.99999999999998401 ) ) ;
#988 = CARTESIAN_POINT ( 'NONE',  ( 5.752902267991022889, -0.2897712499213898063, 0.000000000000000000 ) ) ;
#989 = CARTESIAN_POINT ( 'NONE',  ( -6.714272332570423885, -5.697735100902650451, 0.000000000000000000 ) ) ;
#990 = DIRECTION ( 'NONE',  ( 0.000000000000000000, -1.000000000000000000, 0.000000000000000000 ) ) ;
#991 = CARTESIAN_POINT ( 'NONE',  ( -7.848792042523786705, 0.08651440597800345855, 11.99999999999997158 ) ) ;
#992 = CARTESIAN_POINT ( 'NONE',  ( -9.465876182014024920, 3.075649613638222313, 0.000000000000000000 ) ) ;
#993 = DATE_AND_TIME ( #2315, #516 ) ;
#994 = ORIENTED_EDGE ( 'NONE', *, *, #1022, .F. ) ;
#995 = CARTESIAN_POINT ( 'NONE',  ( 8.358504278852747049, 0.3938515699128781189, 0.000000000000000000 ) ) ;
#996 = CARTESIAN_POINT ( 'NONE',  ( 7.132923872213531524, 2.317627457812000191, 0.000000000000000000 ) ) ;
#997 = CARTESIAN_POINT ( 'NONE',  ( -2.343130036895803681, 7.491379238793243189, 0.000000000000000000 ) ) ;
#998 = CARTESIAN_POINT ( 'NONE',  ( 4.799971562413229975, -1.559605301985993009, 11.99999999999999467 ) ) ;
#999 = CARTESIAN_POINT ( 'NONE',  ( 8.358504305523094757, 0.3938515869037635952, 12.00000000000000178 ) ) ;
#1000 = EDGE_CURVE ( 'NONE', #684, #1384, #1690, .T. ) ;
#1001 = ORIENTED_EDGE ( 'NONE', *, *, #284, .T. ) ;
#1002 = APPROVAL_ROLE ( '' ) ;
#1003 = CARTESIAN_POINT ( 'NONE',  ( 2.966545570604290027, 4.083099689633559848, 12.00000000000002132 ) ) ;
#1004 = CARTESIAN_POINT ( 'NONE',  ( -2.317659613296777277, -7.207161661007003062, 12.00000000000000888 ) ) ;
#1005 = DIRECTION ( 'NONE',  ( -1.000000000000000000, 0.000000000000000000, -0.000000000000000000 ) ) ;
#1006 = LINE ( 'NONE', #1133, #720 ) ;
#1007 = CARTESIAN_POINT ( 'NONE',  ( -2.233182758816828262, -7.024924596245809560, 12.00000000000000000 ) ) ;
#1008 = CARTESIAN_POINT ( 'NONE',  ( 7.493692351462871493, 4.624955478445708756, 12.00000000000000000 ) ) ;
#1009 = DATE_AND_TIME ( #388, #23 ) ;
#1010 = ORIENTED_EDGE ( 'NONE', *, *, #1641, .F. ) ;
#1011 = CARTESIAN_POINT ( 'NONE',  ( -6.772155392964793741, -0.01029943717862135885, 12.00000000000000000 ) ) ;
#1012 = DIRECTION ( 'NONE',  ( -0.000000000000000000, -0.000000000000000000, -1.000000000000000000 ) ) ;
#1013 = DIRECTION ( 'NONE',  ( 0.000000000000000000, 0.000000000000000000, 1.000000000000000000 ) ) ;
#1014 = CARTESIAN_POINT ( 'NONE',  ( -5.752902267991392371, -0.2897712499215197579, 0.000000000000000000 ) ) ;
#1015 = CARTESIAN_POINT ( 'NONE',  ( 6.138221854008102163, -4.431360712238826771, 12.00000000000000888 ) ) ;
#1016 = VERTEX_POINT ( 'NONE', #1765 ) ;
#1017 = CARTESIAN_POINT ( 'NONE',  ( 2.452482661396970798E-13, -7.500000000000117240, 0.000000000000000000 ) ) ;
#1018 = ORIENTED_EDGE ( 'NONE', *, *, #249, .T. ) ;
#1019 = APPROVAL_STATUS ( 'not_yet_approved' ) ;
#1020 = CARTESIAN_POINT ( 'NONE',  ( 6.772155392964383402, -0.01029943717830860729, -0.000000000000000000 ) ) ;
#1021 = CARTESIAN_POINT ( 'NONE',  ( 7.272175590818145352, -0.04088198260716122828, 0.000000000000000000 ) ) ;
#1022 = EDGE_CURVE ( 'NONE', #1473, #2374, #463, .T. ) ;
#1023 = AXIS2_PLACEMENT_3D ( 'NONE', #1182, #954, #1225 ) ;
#1024 = CARTESIAN_POINT ( 'NONE',  ( 2.726939712873770461, -7.639521561486020573, 0.000000000000000000 ) ) ;
#1025 = CARTESIAN_POINT ( 'NONE',  ( -2.322464272711821209, 6.995915273871760043, 12.00000000000000000 ) ) ;
#1026 = AXIS2_PLACEMENT_3D ( 'NONE', #1752, #1559, #1114 ) ;
#1027 = APPROVAL_ROLE ( '' ) ;
#1028 = VECTOR ( 'NONE', #343, 1000.000000000000000 ) ;
#1029 = DIRECTION ( 'NONE',  ( -1.508455196501569950E-16, 1.000000000000000000, 0.000000000000000000 ) ) ;
#1030 = CARTESIAN_POINT ( 'NONE',  ( -5.850233213782795261, -8.052155225990542675, 12.00000000000001776 ) ) ;
#1031 = AXIS2_PLACEMENT_3D ( 'NONE', #937, #1410, #2034 ) ;
#1032 = EDGE_LOOP ( 'NONE', ( #33, #730, #250, #1374, #2125, #2208, #1957, #676, #1977, #1296, #360, #2437, #2405, #491, #1594, #2512, #957, #1257, #838, #626, #1828, #1490 ) ) ;
#1033 = LINE ( 'NONE', #1893, #763 ) ;
#1034 = CC_DESIGN_APPROVAL ( #1263, ( #604 ) ) ;
#1035 = CARTESIAN_POINT ( 'NONE',  ( 1.502155732314622405, 9.439120569711020536, 12.00000000000000355 ) ) ;
#1036 = CARTESIAN_POINT ( 'NONE',  ( 4.483872434540835172, 3.615900976672861589, 11.99999999999998224 ) ) ;
#1037 = CARTESIAN_POINT ( 'NONE',  ( -1.502155732314624625, -5.560879430289272563, 12.00000000000000355 ) ) ;
#1038 = CARTESIAN_POINT ( 'NONE',  ( -6.236290550841554925, -4.450965751114441815, 0.000000000000000000 ) ) ;
#1039 = CC_DESIGN_DATE_AND_TIME_ASSIGNMENT ( #1713, #24, ( #2233 ) ) ;
#1040 = CARTESIAN_POINT ( 'NONE',  ( -5.850233213782773944, -8.052155225990533793, 11.99999999999998046 ) ) ;
#1041 = MECHANICAL_CONTEXT ( 'NONE', #2309, 'mechanical' ) ;
#1042 = CARTESIAN_POINT ( 'NONE',  ( 2.507714799693546048, -7.437899700421636062, 11.99999999999998934 ) ) ;
#1043 = DIRECTION ( 'NONE',  ( 0.000000000000000000, 0.000000000000000000, 1.000000000000000000 ) ) ;
#1044 = CARTESIAN_POINT ( 'NONE',  ( 2.317644985622997922, -7.207163419353229017, 0.000000000000000000 ) ) ;
#1045 = VERTEX_POINT ( 'NONE', #2625 ) ;
#1046 = CARTESIAN_POINT ( 'NONE',  ( -2.082915758131234085, 8.556114783037310545, 12.00000000000000000 ) ) ;
#1047 = CARTESIAN_POINT ( 'NONE',  ( -1.502155732314616632, 9.439120569711041853, 0.000000000000000000 ) ) ;
#1048 = CARTESIAN_POINT ( 'NONE',  ( -5.484842658736538645, -3.972240646507759987, -0.000000000000000000 ) ) ;
#1049 = CARTESIAN_POINT ( 'NONE',  ( -7.272175590768164000, -0.04088198260448330790, 11.99999999999999645 ) ) ;
#1050 = CARTESIAN_POINT ( 'NONE',  ( -6.714272332570423885, -5.697735100902648675, 12.00000000000000000 ) ) ;
#1051 = CARTESIAN_POINT ( 'NONE',  ( -6.894656005840284152, 4.588316845982099323, 12.00000000000000000 ) ) ;
#1052 = APPROVAL_DATE_TIME ( #607, #2688 ) ;
#1053 = CARTESIAN_POINT ( 'NONE',  ( 1.502155732314772951, -5.560879430289009662, 12.00000000000001954 ) ) ;
#1054 = ADVANCED_FACE ( 'NONE', ( #1723 ), #1321, .F. ) ;
#1055 = LINE ( 'NONE', #2337, #1433 ) ;
#1056 = CARTESIAN_POINT ( 'NONE',  ( 3.344043840211334828, -8.146349429696924105, 0.000000000000000000 ) ) ;
#1057 = ORIENTED_EDGE ( 'NONE', *, *, #786, .T. ) ;
#1058 = CARTESIAN_POINT ( 'NONE',  ( -2.053333403260152679, 5.381790948875194935, 11.99999999999999645 ) ) ;
#1059 = DATE_TIME_ROLE ( 'classification_date' ) ;
#1060 = CARTESIAN_POINT ( 'NONE',  ( -8.781005085690727796, 0.6630142691165661351, -0.000000000000000000 ) ) ;
#1061 = DIRECTION ( 'NONE',  ( 0.000000000000000000, -1.000000000000000000, 0.000000000000000000 ) ) ;
#1062 = CARTESIAN_POINT ( 'NONE',  ( -6.298936487484965596, -4.683415911144965804, 12.00000000000001776 ) ) ;
#1063 = PERSON_AND_ORGANIZATION ( #2562, #934 ) ;
#1064 = CARTESIAN_POINT ( 'NONE',  ( 5.907343465574437680, -4.241403345711030504, 0.000000000000000000 ) ) ;
#1065 = VECTOR ( 'NONE', #1500, 1000.000000000000000 ) ;
#1066 = CARTESIAN_POINT ( 'NONE',  ( 8.781005085690733125, 0.6630142691165690216, 12.00000000000000000 ) ) ;
#1067 = ORIENTED_EDGE ( 'NONE', *, *, #340, .F. ) ;
#1068 = AXIS2_PLACEMENT_3D ( 'NONE', #2127, #1865, #1906 ) ;
#1069 = AXIS2_PLACEMENT_3D ( 'NONE', #1827, #1601, #2444 ) ;
#1070 = ORIENTED_EDGE ( 'NONE', *, *, #591, .T. ) ;
#1071 = PERSON_AND_ORGANIZATION ( #658, #245 ) ;
#1072 = AXIS2_PLACEMENT_3D ( 'NONE', #134, #147, #2686 ) ;
#1073 = CARTESIAN_POINT ( 'NONE',  ( 2.208344767702384193, -6.928883210750679922, 0.000000000000000000 ) ) ;
#1074 = ORGANIZATION ( 'NAUO-ORG1', 'UNSPECIFIED', 'UNSPECIFIED' ) ;
#1075 = CARTESIAN_POINT ( 'NONE',  ( 8.358504278852747049, 0.3938515699128781189, 0.000000000000000000 ) ) ;
#1076 = CALENDAR_DATE ( 2025, 8, 6 ) ;
#1077 = CARTESIAN_POINT ( 'NONE',  ( -5.935829880206402009, 4.370651491784913745, 0.000000000000000000 ) ) ;
#1078 = DIRECTION ( 'NONE',  ( -0.000000000000000000, -0.000000000000000000, -1.000000000000000000 ) ) ;
#1079 = LINE ( 'NONE', #2399, #1347 ) ;
#1080 = CARTESIAN_POINT ( 'NONE',  ( 1.502155732314771175, -5.560879430289006997, 0.000000000000000000 ) ) ;
#1081 = VERTEX_POINT ( 'NONE', #564 ) ;
#1082 = B_SPLINE_CURVE_WITH_KNOTS ( 'NONE', 3,
 ( #1471, #1293, #1890, #1064 ),
 .UNSPECIFIED., .F., .F.,
 ( 4, 4 ),
 ( 0.000000000000000000, 1.170086868559555127 ),
 .UNSPECIFIED. ) ;
#1083 = DESIGN_CONTEXT ( 'detailed design', #2509, 'design' ) ;
#1084 = EDGE_CURVE ( 'NONE', #613, #1368, #1702, .T. ) ;
#1085 = DIRECTION ( 'NONE',  ( 0.000000000000000000, -1.000000000000000000, 0.000000000000000000 ) ) ;
#1086 = ORIENTED_EDGE ( 'NONE', *, *, #48, .F. ) ;
#1087 = CARTESIAN_POINT ( 'NONE',  ( 8.512945476436225789, 4.345483665702673193, 0.000000000000000000 ) ) ;
#1088 = CARTESIAN_POINT ( 'NONE',  ( -6.696538678762608221, 4.577647825018110517, 11.99999999999999467 ) ) ;
#1089 = APPROVAL_DATE_TIME ( #481, #637 ) ;
#1090 = CARTESIAN_POINT ( 'NONE',  ( -2.053333403260146905, 5.381790948875212699, 0.000000000000000000 ) ) ;
#1091 = PLANE ( 'NONE',  #2557 ) ;
#1092 = CARTESIAN_POINT ( 'NONE',  ( -6.422946048514709183, -4.954215774865640576, 0.000000000000000000 ) ) ;
#1093 = ORIENTED_EDGE ( 'NONE', *, *, #187, .F. ) ;
#1094 = CARTESIAN_POINT ( 'NONE',  ( -6.894656005840284152, 4.588316845982099323, 12.00000000000000000 ) ) ;
#1095 = CARTESIAN_POINT ( 'NONE',  ( -6.763445381126882872, -6.753463966749075453, 11.99999999999998046 ) ) ;
#1096 = CARTESIAN_POINT ( 'NONE',  ( -5.859283812646951972, 4.307551783104424103, 11.99999999999999822 ) ) ;
#1097 = ORIENTED_EDGE ( 'NONE', *, *, #1813, .T. ) ;
#1098 = EDGE_CURVE ( 'NONE', #1358, #210, #2656, .T. ) ;
#1099 = CARTESIAN_POINT ( 'NONE',  ( 6.138221854008105716, -4.431360712238824995, 11.99999999999999645 ) ) ;
#1100 = PERSON_AND_ORGANIZATION_ROLE ( 'classification_officer' ) ;
#1101 = CARTESIAN_POINT ( 'NONE',  ( -6.696538678762609109, 4.577647825018108740, 0.000000000000000000 ) ) ;
#1102 = DIRECTION ( 'NONE',  ( 1.000000000000000000, 0.000000000000000000, 0.000000000000000000 ) ) ;
#1103 = ORIENTED_EDGE ( 'NONE', *, *, #2327, .T. ) ;
#1104 = AXIS2_PLACEMENT_3D ( 'NONE', #321, #752, #1607 ) ;
#1105 = CYLINDRICAL_SURFACE ( 'NONE', #2325, 10.00000000000000000 ) ;
#1106 = ORIENTED_EDGE ( 'NONE', *, *, #1098, .F. ) ;
#1107 = AXIS2_PLACEMENT_3D ( 'NONE', #246, #1043, #1901 ) ;
#1108 = CARTESIAN_POINT ( 'NONE',  ( 8.512945476436215131, 4.345483665702673193, 12.00000000000000533 ) ) ;
#1109 = CIRCLE ( 'NONE', #638, 9.999999999999998224 ) ;
#1110 = ORIENTED_EDGE ( 'NONE', *, *, #1992, .F. ) ;
#1111 = AXIS2_PLACEMENT_3D ( 'NONE', #2486, #2058, #2458 ) ;
#1112 = CARTESIAN_POINT ( 'NONE',  ( 2.233182759024445740, -7.024924597046640962, 12.00000000000000000 ) ) ;
#1113 = DIRECTION ( 'NONE',  ( 1.000000000000000000, 0.000000000000000000, 0.000000000000000000 ) ) ;
#1114 = DIRECTION ( 'NONE',  ( 1.000000000000000000, 0.000000000000000000, 0.000000000000000000 ) ) ;
#1115 = CC_DESIGN_PERSON_AND_ORGANIZATION_ASSIGNMENT ( #553, #952, ( #1974 ) ) ;
#1116 = CC_DESIGN_APPROVAL ( #2282, ( #1350 ) ) ;
#1117 = APPROVAL_STATUS ( 'not_yet_approved' ) ;
#1118 = CARTESIAN_POINT ( 'NONE',  ( 6.530671864760535072, -5.231638159654002251, 12.00000000000000178 ) ) ;
#1119 = EDGE_CURVE ( 'NONE', #279, #43, #567, .T. ) ;
#1120 = CARTESIAN_POINT ( 'NONE',  ( -2.429053010527122414, 7.266506548828019163, 0.000000000000000000 ) ) ;
#1121 = VERTEX_POINT ( 'NONE', #100 ) ;
#1122 = CARTESIAN_POINT ( 'NONE',  ( -6.422946048514706519, -4.954215774865630806, 0.000000000000000000 ) ) ;
#1123 = CARTESIAN_POINT ( 'NONE',  ( -6.993672153534657987, 4.594372933012287774, 0.000000000000000000 ) ) ;
#1124 = PLANE ( 'NONE',  #2100 ) ;
#1125 = ORIENTED_EDGE ( 'NONE', *, *, #2216, .T. ) ;
#1126 = CARTESIAN_POINT ( 'NONE',  ( 6.494314511675442603, -5.139339641752593835, 12.00000000000000178 ) ) ;
#1127 = CARTESIAN_POINT ( 'NONE',  ( 7.493692351462880374, 4.624955478445709645, -0.000000000000000000 ) ) ;
#1128 = PERSON_AND_ORGANIZATION_ROLE ( 'classification_officer' ) ;
#1129 = FACE_OUTER_BOUND ( 'NONE', #748, .T. ) ;
#1130 = DIRECTION ( 'NONE',  ( 0.000000000000000000, 0.000000000000000000, 1.000000000000000000 ) ) ;
#1131 = VERTEX_POINT ( 'NONE', #130 ) ;
#1132 = EDGE_CURVE ( 'NONE', #1693, #254, #1185, .T. ) ;
#1133 = CARTESIAN_POINT ( 'NONE',  ( 11.49367088607593956, 13.50000000000000000, 0.6962025316455769941 ) ) ;
#1134 = CARTESIAN_POINT ( 'NONE',  ( 7.493692351462880374, 4.624955478445709645, 12.00000000000000000 ) ) ;
#1135 = ORIENTED_EDGE ( 'NONE', *, *, #219, .F. ) ;
#1136 = DIRECTION ( 'NONE',  ( 1.000000000000000000, 0.000000000000000000, 0.000000000000000000 ) ) ;
#1137 = COORDINATED_UNIVERSAL_TIME_OFFSET ( 8, 0, .AHEAD. ) ;
#1138 = CARTESIAN_POINT ( 'NONE',  ( -5.935829880206394904, 4.370651491784906639, 11.99999999999999822 ) ) ;
#1139 = CARTESIAN_POINT ( 'NONE',  ( -3.006329113924055108, 14.00000000000000000, -1.803797468354420230 ) ) ;
#1140 = COORDINATED_UNIVERSAL_TIME_OFFSET ( 8, 0, .AHEAD. ) ;
#1141 = B_SPLINE_CURVE_WITH_KNOTS ( 'NONE', 3,
 ( #2631, #2206, #1953, #2648 ),
 .UNSPECIFIED., .F., .F.,
 ( 4, 4 ),
 ( 0.000000000000000000, 1.170086868559664151 ),
 .UNSPECIFIED. ) ;
#1142 = ORIENTED_EDGE ( 'NONE', *, *, #614, .F. ) ;
#1143 = CARTESIAN_POINT ( 'NONE',  ( -5.935829880206394904, 4.370651491784906639, 11.99999999999999822 ) ) ;
#1144 = LINE ( 'NONE', #1785, #802 ) ;
#1145 = DIRECTION ( 'NONE',  ( 1.000000000000000000, 0.000000000000000000, 0.000000000000000000 ) ) ;
#1146 = DIRECTION ( 'NONE',  ( 1.000000000000000000, 0.000000000000000000, -0.000000000000000000 ) ) ;
#1147 = CARTESIAN_POINT ( 'NONE',  ( 8.274838854007532163, 0.3405508158861603740, 12.00000000000000000 ) ) ;
#1148 = VECTOR ( 'NONE', #528, 1000.000000000000000 ) ;
#1149 = EDGE_CURVE ( 'NONE', #777, #478, #960, .T. ) ;
#1150 = VECTOR ( 'NONE', #1209, 1000.000000000000000 ) ;
#1151 = ORIENTED_EDGE ( 'NONE', *, *, #1798, .F. ) ;
#1152 = PRODUCT_DEFINITION_SHAPE ( 'NONE', 'NONE',  #2767 ) ;
#1153 = CIRCLE ( 'NONE', #2693, 9.999999999999998224 ) ;
#1154 = CARTESIAN_POINT ( 'NONE',  ( -2.957494971647745885, -7.827703132443417644, 0.000000000000000000 ) ) ;
#1155 = VECTOR ( 'NONE', #1102, 1000.000000000000000 ) ;
#1156 = APPROVAL_DATE_TIME ( #744, #2162 ) ;
#1157 = LOCAL_TIME ( 20, 1, 47.00000000000000000, #1140 ) ;
#1158 = CARTESIAN_POINT ( 'NONE',  ( -6.993672153534667757, 4.594372933012287774, 12.00000000000000000 ) ) ;
#1159 = CARTESIAN_POINT ( 'NONE',  ( 1.301042606982605321E-14, 9.953011224704617632, 11.99999999999998757 ) ) ;
#1160 = CARTESIAN_POINT ( 'NONE',  ( -2.966545570604164350, 4.083099689633590934, 0.000000000000000000 ) ) ;
#1161 = APPROVAL_STATUS ( 'not_yet_approved' ) ;
#1162 = LOCAL_TIME ( 20, 1, 47.00000000000000000, #2068 ) ;
#1163 = CARTESIAN_POINT ( 'NONE',  ( 8.781005085690727796, 0.6630142691165648028, 0.000000000000000000 ) ) ;
#1164 = ORIENTED_EDGE ( 'NONE', *, *, #927, .T. ) ;
#1165 = CARTESIAN_POINT ( 'NONE',  ( -5.484842658736543086, -3.972240646507761319, -0.000000000000000000 ) ) ;
#1166 = DIRECTION ( 'NONE',  ( 1.000000000000000000, 0.000000000000000000, 0.000000000000000000 ) ) ;
#1167 = CARTESIAN_POINT ( 'NONE',  ( 2.208344767702384193, -6.928883210750677257, 0.000000000000000000 ) ) ;
#1168 = DIRECTION ( 'NONE',  ( 1.000000000000000000, 0.000000000000000000, 0.000000000000000000 ) ) ;
#1169 = CC_DESIGN_DATE_AND_TIME_ASSIGNMENT ( #1377, #798, ( #726 ) ) ;
#1170 = CARTESIAN_POINT ( 'NONE',  ( 5.991008889722122532, -4.294704099293354282, 12.00000000000000178 ) ) ;
#1171 = ORIENTED_EDGE ( 'NONE', *, *, #370, .F. ) ;
#1172 = VERTEX_POINT ( 'NONE', #367 ) ;
#1173 = ADVANCED_FACE ( 'NONE', ( #1174 ), #575, .F. ) ;
#1174 = FACE_OUTER_BOUND ( 'NONE', #1931, .T. ) ;
#1175 = ADVANCED_FACE ( 'NONE', ( #719 ), #2683, .F. ) ;
#1176 = CARTESIAN_POINT ( 'NONE',  ( -4.408389392193486245, -6.067627457811999747, 12.00000000000000000 ) ) ;
#1177 = CARTESIAN_POINT ( 'NONE',  ( -9.465876182014046236, 3.075649613638201885, 12.00000000000000355 ) ) ;
#1178 = CARTESIAN_POINT ( 'NONE',  ( 6.894656006666346038, 4.588316846032622465, 12.00000000000000000 ) ) ;
#1179 = APPROVAL_ROLE ( '' ) ;
#1180 = VERTEX_POINT ( 'NONE', #2440 ) ;
#1181 = DESIGN_CONTEXT ( 'detailed design', #124, 'design' ) ;
#1182 = CARTESIAN_POINT ( 'NONE',  ( 11.99367088607593956, 2.000000000000000000, -1.803797468354420230 ) ) ;
#1183 = CARTESIAN_POINT ( 'NONE',  ( 2.208344767702432154, 8.071116789248307555, 12.00000000000000000 ) ) ;
#1184 = CARTESIAN_POINT ( 'NONE',  ( -4.483872434540642438, 3.615900976672627554, 0.000000000000000000 ) ) ;
#1185 = B_SPLINE_CURVE_WITH_KNOTS ( 'NONE', 3,
 ( #2427, #2240, #732, #1852 ),
 .UNSPECIFIED., .F., .F.,
 ( 4, 4 ),
 ( 0.000000000000000000, 1.170086868559755855 ),
 .UNSPECIFIED. ) ;
#1186 = CARTESIAN_POINT ( 'NONE',  ( 6.772155392964383402, -0.01029943717830860729, -0.000000000000000000 ) ) ;
#1187 = CARTESIAN_POINT ( 'NONE',  ( -2.656539040913415750, -7.579614208211572723, 0.000000000000000000 ) ) ;
#1188 = EDGE_CURVE ( 'NONE', #334, #2308, #2253, .T. ) ;
#1189 = CARTESIAN_POINT ( 'NONE',  ( -6.696538678762625985, 4.577647825018108740, 12.00000000000000355 ) ) ;
#1190 = CARTESIAN_POINT ( 'NONE',  ( 5.472734944175834393, 3.988905485927471961, 12.00000000000000000 ) ) ;
#1191 = COORDINATED_UNIVERSAL_TIME_OFFSET ( 8, 0, .AHEAD. ) ;
#1192 = VERTEX_POINT ( 'NONE', #325 ) ;
#1193 = PRODUCT ( '\X2\88c5914d4f53\X0\11', '\X2\88c5914d4f53\X0\11', '', ( #121 ) ) ;
#1194 = CARTESIAN_POINT ( 'NONE',  ( 2.645453300864630819E-14, -5.046988775295481844, 0.000000000000000000 ) ) ;
#1195 = CARTESIAN_POINT ( 'NONE',  ( -7.132923872213805083, -2.317627457812386105, 12.00000000000000000 ) ) ;
#1196 = CARTESIAN_POINT ( 'NONE',  ( 11.99367088607593956, 2.000000000000000000, -1.803797468354420230 ) ) ;
#1197 = CARTESIAN_POINT ( 'NONE',  ( -6.772155392964795517, -0.01029943717862140222, 0.000000000000000000 ) ) ;
#1198 = CARTESIAN_POINT ( 'NONE',  ( 2.102506451816423816, 6.437519814721499145, 12.00000000000000000 ) ) ;
#1199 = DIRECTION ( 'NONE',  ( 0.000000000000000000, -0.000000000000000000, 1.000000000000000000 ) ) ;
#1200 = CIRCLE ( 'NONE', #1612, 10.00000000000000000 ) ;
#1201 = CARTESIAN_POINT ( 'NONE',  ( -2.343130036895801460, 7.491379238793245854, 12.00000000000000711 ) ) ;
#1202 = CIRCLE ( 'NONE', #512, 2.281000000000000139 ) ;
#1203 = CARTESIAN_POINT ( 'NONE',  ( 2.082915758131234973, 8.556114783037306992, 12.00000000000000000 ) ) ;
#1204 = COORDINATED_UNIVERSAL_TIME_OFFSET ( 8, 0, .AHEAD. ) ;
#1205 = ORIENTED_EDGE ( 'NONE', *, *, #1119, .F. ) ;
#1206 = LOCAL_TIME ( 20, 1, 47.00000000000000000, #895 ) ;
#1207 = CARTESIAN_POINT ( 'NONE',  ( -8.512945476436211578, 4.345483665702677634, 11.99999999999999822 ) ) ;
#1208 = EDGE_CURVE ( 'NONE', #1356, #308, #2589, .T. ) ;
#1209 = DIRECTION ( 'NONE',  ( 0.000000000000000000, -1.000000000000000000, 0.000000000000000000 ) ) ;
#1210 = CARTESIAN_POINT ( 'NONE',  ( -2.957494971740012080, -7.827703132519475027, 12.00000000000000000 ) ) ;
#1211 = LOCAL_TIME ( 20, 1, 47.00000000000000000, #1382 ) ;
#1212 = CARTESIAN_POINT ( 'NONE',  ( -7.371191737761327190, -0.04693806959179976090, 12.00000000000000000 ) ) ;
#1213 = EDGE_CURVE ( 'NONE', #1492, #1646, #2555, .T. ) ;
#1214 = CARTESIAN_POINT ( 'NONE',  ( 2.322464273014719804, 6.995915274641613557, 0.000000000000000000 ) ) ;
#1215 = ORIENTED_EDGE ( 'NONE', *, *, #1794, .T. ) ;
#1216 = CALENDAR_DATE ( 2025, 8, 6 ) ;
#1217 = CARTESIAN_POINT ( 'NONE',  ( 2.053333403260017676, 5.381790948875003089, 0.000000000000000000 ) ) ;
#1218 = SHAPE_REPRESENTATION ( '\X2\57065f279f7f8f6e\X0\2', ( #21 ), #677 ) ;
#1219 = CARTESIAN_POINT ( 'NONE',  ( -5.907343465571187835, -4.241403345709341188, 0.000000000000000000 ) ) ;
#1220 = CARTESIAN_POINT ( 'NONE',  ( 2.507714799693543828, -7.437899700421643168, 0.000000000000000000 ) ) ;
#1221 = DIRECTION ( 'NONE',  ( -1.508455196501569950E-16, 1.000000000000000000, 0.000000000000000000 ) ) ;
#1222 = APPROVAL_ROLE ( '' ) ;
#1223 = ORIENTED_EDGE ( 'NONE', *, *, #284, .F. ) ;
#1224 = CARTESIAN_POINT ( 'NONE',  ( -8.781005085690726020, 0.6630142691165658020, 12.00000000000000000 ) ) ;
#1225 = DIRECTION ( 'NONE',  ( 0.000000000000000000, 0.000000000000000000, 1.000000000000000000 ) ) ;
#1226 = FACE_OUTER_BOUND ( 'NONE', #1697, .T. ) ;
#1227 = CARTESIAN_POINT ( 'NONE',  ( 2.656539040913401539, -7.579614208211558513, 12.00000000000000000 ) ) ;
#1228 = CARTESIAN_POINT ( 'NONE',  ( -2.361237320893928793, 7.193002405491951023, 0.000000000000000000 ) ) ;
#1229 = EDGE_CURVE ( 'NONE', #1787, #2400, #2279, .T. ) ;
#1230 = ORIENTED_EDGE ( 'NONE', *, *, #1740, .F. ) ;
#1231 = CARTESIAN_POINT ( 'NONE',  ( 2.208344759784729217, 8.071116819863787484, 0.000000000000000000 ) ) ;
#1232 = SECURITY_CLASSIFICATION_LEVEL ( 'unclassified' ) ;
#1233 = CARTESIAN_POINT ( 'NONE',  ( -2.602085213965210642E-15, 9.953011224704631843, 12.00000000000000178 ) ) ;
#1234 = CARTESIAN_POINT ( 'NONE',  ( -7.493692351462872381, 4.624955478445708756, 12.00000000000000178 ) ) ;
#1235 = CARTESIAN_POINT ( 'NONE',  ( -5.859283812647521295, 4.307551783104894838, 0.000000000000000000 ) ) ;
#1236 = CARTESIAN_POINT ( 'NONE',  ( 5.991008889722119868, -4.294704099293352506, -0.000000000000000000 ) ) ;
#1237 = CARTESIAN_POINT ( 'NONE',  ( -2.082915758131233641, 8.556114783037314098, 12.00000000000000000 ) ) ;
#1238 = CALENDAR_DATE ( 2025, 8, 6 ) ;
#1239 = DIRECTION ( 'NONE',  ( -1.508455196501574881E-16, 1.000000000000000000, 0.000000000000000000 ) ) ;
#1240 = CARTESIAN_POINT ( 'NONE',  ( 2.233182759024445740, -7.024924597046640962, 12.00000000000000000 ) ) ;
#1241 = ORIENTED_EDGE ( 'NONE', *, *, #2389, .T. ) ;
#1242 = APPROVAL ( #1854, 'æœª' ) ;
#1243 = MANIFOLD_SOLID_BREP ( 'Í¹Ì¨-À­Éì1', #15 ) ;
#1244 = CARTESIAN_POINT ( 'NONE',  ( -4.483872434540666418, 3.615900976672631995, 12.00000000000001066 ) ) ;
#1245 = ADVANCED_FACE ( 'NONE', ( #1614 ), #313, .F. ) ;
#1246 = CARTESIAN_POINT ( 'NONE',  ( -6.530671864760536849, -5.231638159654014686, 0.000000000000000000 ) ) ;
#1247 = VERTEX_POINT ( 'NONE', #1407 ) ;
#1248 = CARTESIAN_POINT ( 'NONE',  ( 2.317644985622998366, -7.207163419353229905, 12.00000000000000178 ) ) ;
#1249 = DATE_AND_TIME ( #1238, #1927 ) ;
#1250 = CARTESIAN_POINT ( 'NONE',  ( 6.400658039661268894, 4.543412586211411863, 0.000000000000000000 ) ) ;
#1251 = CARTESIAN_POINT ( 'NONE',  ( 2.726939712873765131, -7.639521561486025902, 12.00000000000001243 ) ) ;
#1252 = AXIS2_PLACEMENT_3D ( 'NONE', #253, #1317, #675 ) ;
#1253 = CARTESIAN_POINT ( 'NONE',  ( 6.387725773860205791, -4.868748366796374683, 0.000000000000000000 ) ) ;
#1254 = DIRECTION ( 'NONE',  ( -1.508455196501569950E-16, -1.000000000000000000, 0.000000000000000000 ) ) ;
#1255 = CARTESIAN_POINT ( 'NONE',  ( 5.991008889722118980, -4.294704099293352506, 12.00000000000000000 ) ) ;
#1256 = AXIS2_PLACEMENT_3D ( 'NONE', #193, #1078, #1727 ) ;
#1257 = ORIENTED_EDGE ( 'NONE', *, *, #1213, .F. ) ;
#1258 = SECURITY_CLASSIFICATION ( '', '', #93 ) ;
#1259 = MANIFOLD_SOLID_BREP ( '·ÅÑù1', #1781 ) ;
#1260 = ORIENTED_EDGE ( 'NONE', *, *, #1388, .T. ) ;
#1261 = CARTESIAN_POINT ( 'NONE',  ( 8.781005085690727796, 0.6630142691165648028, 0.000000000000000000 ) ) ;
#1262 = CARTESIAN_POINT ( 'NONE',  ( 7.570611421465317292, -0.02292461178216257528, 12.00000000000001421 ) ) ;
#1263 = APPROVAL ( #1725, 'æœª' ) ;
#1264 = CARTESIAN_POINT ( 'NONE',  ( -2.082915758131233197, 8.556114783037314098, -0.000000000000000000 ) ) ;
#1265 = CARTESIAN_POINT ( 'NONE',  ( -4.799971562413356985, -1.559605301985927950, 0.000000000000000000 ) ) ;
#1266 = DIRECTION ( 'NONE',  ( 1.000000000000000000, 0.000000000000000000, 0.000000000000000000 ) ) ;
#1267 = ORIENTED_EDGE ( 'NONE', *, *, #65, .T. ) ;
#1268 = ADVANCED_FACE ( 'NONE', ( #160 ), #2040, .T. ) ;
#1269 = CARTESIAN_POINT ( 'NONE',  ( -5.752902267991376384, -0.2897712499215156501, 11.99999999999997513 ) ) ;
#1270 = APPROVAL_DATE_TIME ( #630, #472 ) ;
#1271 = CARTESIAN_POINT ( 'NONE',  ( 5.850233213782781938, -8.052155225990524912, 0.000000000000000000 ) ) ;
#1272 = CARTESIAN_POINT ( 'NONE',  ( 6.236290550841929736, -4.450965751114215330, 0.000000000000000000 ) ) ;
#1273 = CARTESIAN_POINT ( 'NONE',  ( 8.108287476342537659, 0.2327317920795298201, 12.00000000000001066 ) ) ;
#1274 = ORIENTED_EDGE ( 'NONE', *, *, #2085, .F. ) ;
#1275 = CARTESIAN_POINT ( 'NONE',  ( -2.208344767625415983, -6.928883210454961805, 0.000000000000000000 ) ) ;
#1276 = EDGE_LOOP ( 'NONE', ( #694, #783, #40, #538, #1288 ) ) ;
#1277 = CARTESIAN_POINT ( 'NONE',  ( -4.332906349846330052, -8.519353938951379490, 11.99999999999999645 ) ) ;
#1278 = CARTESIAN_POINT ( 'NONE',  ( 0.9936708860759440043, 2.000000000000000000, -10.96894885826609922 ) ) ;
#1279 = ORIENTED_EDGE ( 'NONE', *, *, #1000, .T. ) ;
#1280 = CARTESIAN_POINT ( 'NONE',  ( 1.502155732314772951, -5.560879430289009662, 12.00000000000001954 ) ) ;
#1281 = EDGE_CURVE ( 'NONE', #1392, #1172, #773, .T. ) ;
#1282 = CALENDAR_DATE ( 2025, 8, 6 ) ;
#1283 = B_SPLINE_CURVE_WITH_KNOTS ( 'NONE', 3,
 ( #7, #430, #188, #1881 ),
 .UNSPECIFIED., .F., .F.,
 ( 4, 4 ),
 ( 0.000000000000000000, 1.170086868559845339 ),
 .UNSPECIFIED. ) ;
#1284 = CARTESIAN_POINT ( 'NONE',  ( -6.236290550841554925, -4.450965751114441815, 0.000000000000000000 ) ) ;
#1285 = CARTESIAN_POINT ( 'NONE',  ( 8.512945476436215131, 4.345483665702673193, 12.00000000000000533 ) ) ;
#1286 = ORIENTED_EDGE ( 'NONE', *, *, #2091, .T. ) ;
#1287 = CARTESIAN_POINT ( 'NONE',  ( 5.907343465469376831, -4.241403345644100042, 11.99999999999999645 ) ) ;
#1288 = ORIENTED_EDGE ( 'NONE', *, *, #490, .F. ) ;
#1289 = CARTESIAN_POINT ( 'NONE',  ( -7.848792042523779600, 0.08651440597800476306, 0.000000000000000000 ) ) ;
#1290 = PLANE ( 'NONE',  #2009 ) ;
#1291 = CARTESIAN_POINT ( 'NONE',  ( 4.799971562413225534, -1.559605301985973247, 12.00000000000000355 ) ) ;
#1292 = DATE_AND_TIME ( #858, #816 ) ;
#1293 = CARTESIAN_POINT ( 'NONE',  ( 6.387725773860205791, -4.868748366796374683, 0.000000000000000000 ) ) ;
#1294 = AXIS2_PLACEMENT_3D ( 'NONE', #2642, #2171, #469 ) ;
#1295 = CARTESIAN_POINT ( 'NONE',  ( 5.752902267991007790, -0.2897712499213934700, 11.99999999999999645 ) ) ;
#1296 = ORIENTED_EDGE ( 'NONE', *, *, #1330, .T. ) ;
#1297 = ADVANCED_FACE ( 'NONE', ( #1996 ), #2714, .T. ) ;
#1298 = CIRCLE ( 'NONE', #1657, 2.280999999999999250 ) ;
#1299 = AXIS2_PLACEMENT_3D ( 'NONE', #2073, #566, #759 ) ;
#1300 = ORIENTED_EDGE ( 'NONE', *, *, #722, .F. ) ;
#1301 = CARTESIAN_POINT ( 'NONE',  ( -8.512945476436200920, 4.345483665702665199, 0.000000000000000000 ) ) ;
#1302 = APPROVAL_PERSON_ORGANIZATION ( #216, #1242, #703 ) ;
#1303 = CARTESIAN_POINT ( 'NONE',  ( -7.272175590892507202, -0.04088198261208837725, 0.000000000000000000 ) ) ;
#1304 = APPROVAL_PERSON_ORGANIZATION ( #2429, #2669, #1002 ) ;
#1305 = CARTESIAN_POINT ( 'NONE',  ( 6.298954255771805677, -4.683395835600492774, 11.99999999999999822 ) ) ;
#1306 = APPROVAL_DATE_TIME ( #1292, #1242 ) ;
#1307 = DIRECTION ( 'NONE',  ( -0.000000000000000000, 1.000000000000000000, 0.000000000000000000 ) ) ;
#1308 = CARTESIAN_POINT ( 'NONE',  ( -3.006329113924055108, 2.000000000000000000, -1.803797468354420230 ) ) ;
#1309 = CARTESIAN_POINT ( 'NONE',  ( 2.775557561562891351E-14, -5.046988775295467633, 0.000000000000000000 ) ) ;
#1310 = VERTEX_POINT ( 'NONE', #628 ) ;
#1311 = CARTESIAN_POINT ( 'NONE',  ( 6.530671864760534184, -5.231638159654003140, 12.00000000000000000 ) ) ;
#1312 = EDGE_CURVE ( 'NONE', #2124, #426, #2730, .T. ) ;
#1313 = VERTEX_POINT ( 'NONE', #603 ) ;
#1314 = CARTESIAN_POINT ( 'NONE',  ( 7.848789467786627227, 0.08654109137163387699, 11.99999999999998224 ) ) ;
#1315 = CARTESIAN_POINT ( 'NONE',  ( -6.696538678762629537, 4.577647825018113181, 0.000000000000000000 ) ) ;
#1316 = UNCERTAINTY_MEASURE_WITH_UNIT (LENGTH_MEASURE( 1.000000000000000082E-05 ), #484, 'distance_accuracy_value', 'NONE');
#1317 = DIRECTION ( 'NONE',  ( 0.000000000000000000, 0.000000000000000000, 1.000000000000000000 ) ) ;
#1318 = ADVANCED_FACE ( 'NONE', ( #2517 ), #2298, .T. ) ;
#1319 = ORIENTED_EDGE ( 'NONE', *, *, #1351, .T. ) ;
#1320 = CARTESIAN_POINT ( 'NONE',  ( 6.422935811018229302, -4.954223950520262321, 0.000000000000000000 ) ) ;
#1321 = PLANE ( 'NONE',  #2276 ) ;
#1322 = DATE_TIME_ROLE ( 'classification_date' ) ;
#1323 = CARTESIAN_POINT ( 'NONE',  ( -6.400671641935991474, 4.543389483881962398, 0.000000000000000000 ) ) ;
#1324 = CARTESIAN_POINT ( 'NONE',  ( -20.50632911392404623, 15.00000000000000000, -14.30379746835441956 ) ) ;
#1325 = DIRECTION ( 'NONE',  ( 0.000000000000000000, 0.000000000000000000, 1.000000000000000000 ) ) ;
#1326 = VERTEX_POINT ( 'NONE', #171 ) ;
#1327 = LINE ( 'NONE', #1978, #1148 ) ;
#1328 = FACE_OUTER_BOUND ( 'NONE', #2364, .T. ) ;
#1329 = CARTESIAN_POINT ( 'NONE',  ( 6.763445381126877542, -6.753463966749102099, 0.000000000000000000 ) ) ;
#1330 = EDGE_CURVE ( 'NONE', #295, #1192, #1966, .T. ) ;
#1331 = ORIENTED_EDGE ( 'NONE', *, *, #1677, .T. ) ;
#1332 = EDGE_CURVE ( 'NONE', #1192, #1907, #2084, .T. ) ;
#1333 = CARTESIAN_POINT ( 'NONE',  ( -2.233182758816828262, -7.024924596245809560, 12.00000000000000000 ) ) ;
#1334 = CARTESIAN_POINT ( 'NONE',  ( 2.452482661396970798E-13, -7.500000000000117240, 12.00000000000000000 ) ) ;
#1335 = CARTESIAN_POINT ( 'NONE',  ( 2.361250188460726651, 7.192995230092972037, 0.000000000000000000 ) ) ;
#1336 = DATE_AND_TIME ( #494, #243 ) ;
#1337 = CARTESIAN_POINT ( 'NONE',  ( 8.358504305523094757, 0.3938515869037635952, 12.00000000000000178 ) ) ;
#1338 = LINE ( 'NONE', #1976, #1523 ) ;
#1339 = CLOSED_SHELL ( 'NONE', ( #131, #290, #1297, #2428 ) ) ;
#1340 = ORIENTED_EDGE ( 'NONE', *, *, #2289, .T. ) ;
#1341 = LINE ( 'NONE', #2605, #755 ) ;
#1342 = LINE ( 'NONE', #1969, #2270 ) ;
#1343 = CIRCLE ( 'NONE', #1784, 2.281000000000000139 ) ;
#1344 = CARTESIAN_POINT ( 'NONE',  ( 6.400658039661268894, 4.543412586211410975, 12.00000000000001066 ) ) ;
#1345 = AXIS2_PLACEMENT_3D ( 'NONE', #199, #2497, #213 ) ;
#1346 = ORIENTED_EDGE ( 'NONE', *, *, #266, .T. ) ;
#1347 = VECTOR ( 'NONE', #860, 1000.000000000000000 ) ;
#1348 = CARTESIAN_POINT ( 'NONE',  ( 6.763445381126884648, -6.753463966749099434, 12.00000000000000178 ) ) ;
#1349 = CARTESIAN_POINT ( 'NONE',  ( -2.208344767625415983, -6.928883210454963582, 0.000000000000000000 ) ) ;
#1350 = SECURITY_CLASSIFICATION ( '', '', #1797 ) ;
#1351 = EDGE_CURVE ( 'NONE', #915, #731, #1153, .T. ) ;
#1352 = CALENDAR_DATE ( 2025, 8, 6 ) ;
#1353 = CARTESIAN_POINT ( 'NONE',  ( 4.408389392193487133, -6.067627457811999747, 12.00000000000000000 ) ) ;
#1354 = CARTESIAN_POINT ( 'NONE',  ( 7.132923872213531524, 2.317627457812000191, 12.00000000000000000 ) ) ;
#1355 = CARTESIAN_POINT ( 'NONE',  ( -20.50632911392404623, 15.00000000000000000, 10.69620253164558044 ) ) ;
#1356 = VERTEX_POINT ( 'NONE', #587 ) ;
#1357 = LINE ( 'NONE', #72, #2000 ) ;
#1358 = VERTEX_POINT ( 'NONE', #2554 ) ;
#1359 = B_SPLINE_CURVE_WITH_KNOTS ( 'NONE', 3,
 ( #2463, #556, #349, #192 ),
 .UNSPECIFIED., .F., .F.,
 ( 4, 4 ),
 ( 0.000000000000000000, 1.170086868559718551 ),
 .UNSPECIFIED. ) ;
#1360 = ORIENTED_EDGE ( 'NONE', *, *, #1506, .T. ) ;
#1361 = VERTEX_POINT ( 'NONE', #1685 ) ;
#1362 = CARTESIAN_POINT ( 'NONE',  ( 4.493670886075942228, 14.00000000000000000, -1.803797468354420230 ) ) ;
#1363 = ITEM_DEFINED_TRANSFORMATION ( 'NONE', 'NONE', #1396,  #21 ) ;
#1364 = CARTESIAN_POINT ( 'NONE',  ( 6.696543290711865382, 4.577635562164167560, 12.00000000000000355 ) ) ;
#1365 = LINE ( 'NONE', #1355, #2055 ) ;
#1366 = PERSON_AND_ORGANIZATION ( #2562, #934 ) ;
#1367 = CARTESIAN_POINT ( 'NONE',  ( 6.696543290711870711, 4.577635562164167560, 11.99999999999998934 ) ) ;
#1368 = VERTEX_POINT ( 'NONE', #2313 ) ;
#1369 = CARTESIAN_POINT ( 'NONE',  ( -5.472734944175701166, 3.988905485927054073, 12.00000000000000000 ) ) ;
#1370 = EDGE_CURVE ( 'NONE', #1081, #1180, #385, .T. ) ;
#1371 = CARTESIAN_POINT ( 'NONE',  ( 5.859283812646883582, 4.307551783104793586, 0.000000000000000000 ) ) ;
#1372 = CARTESIAN_POINT ( 'NONE',  ( -4.408389392193635459, 6.067627457812033498, 12.00000000000000000 ) ) ;
#1373 = CARTESIAN_POINT ( 'NONE',  ( -2.286106919624629974, 6.903616755965064300, 12.00000000000000355 ) ) ;
#1374 = ORIENTED_EDGE ( 'NONE', *, *, #1758, .T. ) ;
#1375 = ORIENTED_EDGE ( 'NONE', *, *, #2289, .F. ) ;
#1376 = CARTESIAN_POINT ( 'NONE',  ( 11.49367088607593956, 2.000000000000000000, 10.69620253164558044 ) ) ;
#1377 = DATE_AND_TIME ( #2277, #1162 ) ;
#1378 = B_SPLINE_SURFACE_WITH_KNOTS ( 'NONE', 3, 1, ( 
 ( #2420, #2403 ),
 ( #519, #1991 ),
 ( #2207, #2028 ),
 ( #127, #97 ),
 ( #956, #1822 ),
 ( #1415, #2740 ),
 ( #559, #2722 ),
 ( #2248, #813 ),
 ( #997, #166 ),
 ( #1228, #583 ),
 ( #2491, #1212 ),
 ( #1624, #1671 ),
 ( #2528, #2039 ),
 ( #2081, #767 ),
 ( #1184, #1859 ),
 ( #1891, #1636 ),
 ( #1429, #178 ),
 ( #2760, #140 ),
 ( #970, #795 ),
 ( #1650, #826 ),
 ( #1832, #2065 ),
 ( #572, #985 ),
 ( #2098, #2273 ),
 ( #2507, #1030 ),
 ( #194, #2692 ),
 ( #612, #2481 ),
 ( #2260, #2465 ),
 ( #364, #1462 ),
 ( #1404, #597 ),
 ( #351, #2306 ),
 ( #1448, #2292 ),
 ( #1197, #394 ),
 ( #1014, #2047 ),
 ( #154, #1845 ),
 ( #378, #2709 ),
 ( #411, #781 ),
 ( #1873, #1240 ),
 ( #2321, #1941 ),
 ( #2134, #232 ),
 ( #1092, #4 ),
 ( #2537, #1717 ),
 ( #1510, #1951 ),
 ( #2159, #1902 ),
 ( #2577, #2350 ),
 ( #837, #1926 ),
 ( #2361, #2145 ),
 ( #457, #471 ),
 ( #1472, #2547 ),
 ( #1488, #861 ),
 ( #2111, #871 ),
 ( #436, #1255 ),
 ( #2588, #446 ),
 ( #1729, #1912 ),
 ( #1309, #13 ),
 ( #1080, #1295 ),
 ( #670, #2372 ),
 ( #260, #52 ),
 ( #1044, #39 ),
 ( #1679, #422 ),
 ( #635, #1273 ),
 ( #2123, #221 ),
 ( #1056, #1066 ),
 ( #1704, #29 ),
 ( #2565, #649 ),
 ( #1501, #1285 ),
 ( #515, #707 ),
 ( #307, #498 ),
 ( #1988, #1367 ),
 ( #333, #1801 ),
 ( #2174, #2024 ),
 ( #1743, #273 ),
 ( #68, #573 ),
 ( #828, #2069 ),
 ( #818, #157 ),
 ( #1682, #987 ),
 ( #1020, #1198 ),
 ( #2296, #2726 ),
 ( #2087, #1694 ),
 ( #2495, #627 ),
 ( #1475, #1850 ),
 ( #799, #2514 ),
 ( #1261, #211 ),
 ( #397, #1035 ),
 ( #1877, #1233 ),
 ( #586, #2114 ),
 ( #616, #1046 ),
 ( #2713, #413 ),
 ( #784, #183 ),
 ( #2261, #841 ),
 ( #2748, #1432 ),
 ( #1465, #2278 ),
 ( #365, #2530 ),
 ( #383, #1894 ),
 ( #2051, #2311 ),
 ( #1217, #1244 ),
 ( #2762, #1566 ),
 ( #728, #2418 ),
 ( #1537, #518 ),
 ( #2402, #1522 ),
 ( #309, #486 ),
 ( #709, #1094 ),
 ( #2618, #695 ) ),
 .UNSPECIFIED., .T., .F., .F.,
 ( 4, 1, 1, 1, 2, 1, 1, 1, 2, 1, 1, 1, 2, 1, 1, 1, 2, 1, 1, 1, 2, 1, 1, 1, 2, 1, 1, 1, 2, 1, 1, 1, 2, 1, 1, 1, 2, 1, 1, 1, 2, 1, 1, 1, 2, 1, 1, 1, 2, 1, 1, 1, 2, 1, 1, 1, 2, 1, 1, 1, 2, 1, 1, 1, 2, 1, 1, 1, 2, 1, 1, 1, 2, 1, 1, 1, 2, 1, 1, 1, 4 ),
 ( 2, 2 ),
 ( 0.000000000000000000, 0.02086768923310218168, 0.04173537846620436337, 0.06260306769930654158, 0.08347075693240872674, 0.08760306741796972108, 0.09173537790353071542, 0.09586768838909170976, 0.09999999887465270410, 0.1208676881077558607, 0.1417353773408590034, 0.1626030665739621461, 0.1834707558070652889, 0.1876030668552989000, 0.1917353779035325112, 0.1958676889517661501, 0.1999999999999997613, 0.2208676892331019326, 0.2417353784662041316, 0.2626030676993063029, 0.2834707569324084742, 0.2876030674179692603, 0.2917353779035299910, 0.2958676883890907217, 0.2999999988746515633, 0.3208676881077546783, 0.3417353773408577933, 0.3626030665739610193, 0.3834707558070641342, 0.3876030668552974401, 0.3917353779035308570, 0.3958676889517641628, 0.3999999999999974687, 0.4208676892330996400, 0.4417353784662018112, 0.4626030676993039825, 0.4834707569324061538, 0.4876030674179669955, 0.4917353779035279482, 0.4958676883890887899, 0.4999999988746497426, 0.5208676881077528575, 0.5417353773408559725, 0.5626030665739591985, 0.5834707558070623135, 0.5876030668552957303, 0.5917353779035293693, 0.5958676889517627862, 0.5999999999999963141, 0.6208676892330985408, 0.6417353784662007676, 0.6626030676993028834, 0.6834707569324051102, 0.6876030674179660629, 0.6917353779035269046, 0.6958676883890879683, 0.6999999988746489210, 0.7208676881077520360, 0.7417353773408550399, 0.7626030665739583769, 0.7834707558070614919, 0.7876030668552953529, 0.7917353779035292138, 0.7958676889517631858, 0.7999999999999970468, 0.8208676892330992736, 0.8417353784662013894, 0.8626030676993036161, 0.8834707569324058429, 0.8876030674179671287, 0.8917353779035284145, 0.8958676883890894782, 0.8999999988746509860, 0.9208676881077541010, 0.9417353773408572160, 0.9626030665739603309, 0.9834707558070634459, 0.9876030668552975289, 0.9917353779035318340, 0.9958676889517659170, 1.000000000000000000 ),
 ( 0.000000000000000000, 1.000000000000000000 ),
 .UNSPECIFIED. ) ;
#1379 = CARTESIAN_POINT ( 'NONE',  ( 2.233182759024446629, -7.024924597046645403, 0.000000000000000000 ) ) ;
#1380 = CARTESIAN_POINT ( 'NONE',  ( -9.465876182014024920, 3.075649613638222313, 0.000000000000000000 ) ) ;
#1381 = CARTESIAN_POINT ( 'NONE',  ( 6.111289349561179307, 4.468430124432423156, 12.00000000000000355 ) ) ;
#1382 = COORDINATED_UNIVERSAL_TIME_OFFSET ( 8, 0, .AHEAD. ) ;
#1383 = APPROVAL ( #1117, 'æœª' ) ;
#1384 = VERTEX_POINT ( 'NONE', #225 ) ;
#1385 = CARTESIAN_POINT ( 'NONE',  ( -2.506329113924055108, 2.000000000000000000, 0.6962025316455769941 ) ) ;
#1386 = CARTESIAN_POINT ( 'NONE',  ( 7.993670886075939563, 13.50000000000000000, 10.69720253164557988 ) ) ;
#1387 = DIRECTION ( 'NONE',  ( -1.131341397376179805E-16, 1.000000000000000000, 0.000000000000000000 ) ) ;
#1388 = EDGE_CURVE ( 'NONE', #1131, #2424, #2453, .T. ) ;
#1389 = AXIS2_PLACEMENT_3D ( 'NONE', #110, #2219, #1146 ) ;
#1390 = CARTESIAN_POINT ( 'NONE',  ( 5.472734944175829952, 3.988905485927467520, 0.000000000000000000 ) ) ;
#1391 = CIRCLE ( 'NONE', #930, 2.281000000000000139 ) ;
#1392 = VERTEX_POINT ( 'NONE', #1656 ) ;
#1393 = EDGE_LOOP ( 'NONE', ( #2099, #2451, #1874, #938, #884, #2352 ) ) ;
#1394 = CIRCLE ( 'NONE', #1521, 2.280999999999999250 ) ;
#1395 = DIRECTION ( 'NONE',  ( 0.000000000000000000, 0.000000000000000000, 1.000000000000000000 ) ) ;
#1396 = AXIS2_PLACEMENT_3D ( 'NONE', #1818, #760, #965 ) ;
#1397 = APPROVAL_DATE_TIME ( #1653, #2282 ) ;
#1398 = CC_DESIGN_APPROVAL ( #1383, ( #1970 ) ) ;
#1399 = CARTESIAN_POINT ( 'NONE',  ( -2.233182758817003233, 7.975075403754638970, 12.00000000000000000 ) ) ;
#1400 = CARTESIAN_POINT ( 'NONE',  ( 9.441328775402123341, 1.488213670286770096, 11.99999999999998224 ) ) ;
#1401 = ORIENTED_EDGE ( 'NONE', *, *, #2521, .T. ) ;
#1402 = LINE ( 'NONE', #1385, #146 ) ;
#1403 = CARTESIAN_POINT ( 'NONE',  ( 2.286106919626245570, 6.903616755970015006, 12.00000000000000000 ) ) ;
#1404 = CARTESIAN_POINT ( 'NONE',  ( -7.848792042523779600, 0.08651440597800476306, 0.000000000000000000 ) ) ;
#1405 = CARTESIAN_POINT ( 'NONE',  ( 4.824518969025301196, -3.147041245337504289, 11.99999999999998579 ) ) ;
#1406 = VERTEX_POINT ( 'NONE', #1235 ) ;
#1407 = CARTESIAN_POINT ( 'NONE',  ( 0.9936708860759460027, 2.000000000000000000, -14.30379746835441956 ) ) ;
#1408 = CARTESIAN_POINT ( 'NONE',  ( -7.848792042523779600, 0.08651440597800473531, 0.000000000000000000 ) ) ;
#1409 = CARTESIAN_POINT ( 'NONE',  ( 2.322464273014722469, 6.995915274641618886, 11.99999999999999822 ) ) ;
#1410 = DIRECTION ( 'NONE',  ( -4.555438237038848723E-16, -1.562057479693093561E-17, 1.000000000000000000 ) ) ;
#1411 = ORIENTED_EDGE ( 'NONE', *, *, #44, .F. ) ;
#1412 = CARTESIAN_POINT ( 'NONE',  ( -5.752902267991376384, -0.2897712499215156501, 11.99999999999997513 ) ) ;
#1413 = CARTESIAN_POINT ( 'NONE',  ( 6.160239743473693075, 4.555640707412949908, 12.00000000000000000 ) ) ;
#1414 = CARTESIAN_POINT ( 'NONE',  ( 2.656539040913401539, -7.579614208211558513, 12.00000000000000000 ) ) ;
#1415 = CARTESIAN_POINT ( 'NONE',  ( -2.082915758131233197, 8.556114783037314098, -0.000000000000000000 ) ) ;
#1416 = B_SPLINE_CURVE_WITH_KNOTS ( 'NONE', 3,
 ( #1919, #865, #2218, #663 ),
 .UNSPECIFIED., .F., .F.,
 ( 4, 4 ),
 ( 0.000000000000000000, 1.170086868559611526 ),
 .UNSPECIFIED. ) ;
#1417 = SHAPE_REPRESENTATION ( '\X2\57065f279f7f8f6e\X0\1', ( #21 ), #1790 ) ;
#1418 = CARTESIAN_POINT ( 'NONE',  ( -2.506329113924055108, 2.000000000000000000, 8.183694709364671027 ) ) ;
#1419 = EDGE_CURVE ( 'NONE', #929, #1180, #821, .T. ) ;
#1420 = CARTESIAN_POINT ( 'NONE',  ( -6.138228046494671020, -4.431347343853168752, 0.000000000000000000 ) ) ;
#1421 = CARTESIAN_POINT ( 'NONE',  ( -6.111278549054373954, 4.468440144895413191, 0.000000000000000000 ) ) ;
#1422 = PERSON_AND_ORGANIZATION ( #2562, #934 ) ;
#1423 = EDGE_CURVE ( 'NONE', #619, #1442, #1640, .T. ) ;
#1424 = ORIENTED_EDGE ( 'NONE', *, *, #1098, .T. ) ;
#1425 = PRODUCT_DEFINITION_SHAPE ( 'NONE', 'NONE',  #1974 ) ;
#1426 = CARTESIAN_POINT ( 'NONE',  ( -6.422946048514702966, -4.954215774865634359, 11.99999999999998757 ) ) ;
#1427 = DIRECTION ( 'NONE',  ( 0.000000000000000000, 0.000000000000000000, 1.000000000000000000 ) ) ;
#1428 = DIRECTION ( 'NONE',  ( 0.000000000000000000, 0.000000000000000000, 1.000000000000000000 ) ) ;
#1429 = CARTESIAN_POINT ( 'NONE',  ( -5.935829880206394904, 4.370651491784906639, 0.000000000000000000 ) ) ;
#1430 = FACE_OUTER_BOUND ( 'NONE', #1032, .T. ) ;
#1431 = ORIENTED_EDGE ( 'NONE', *, *, #2498, .F. ) ;
#1432 = CARTESIAN_POINT ( 'NONE',  ( -2.361237320893931013, 7.193002405491952800, 12.00000000000001599 ) ) ;
#1433 = VECTOR ( 'NONE', #2143, 1000.000000000000000 ) ;
#1434 = DIRECTION ( 'NONE',  ( 0.000000000000000000, 0.000000000000000000, 1.000000000000000000 ) ) ;
#1435 = AXIS2_PLACEMENT_3D ( 'NONE', #2668, #1395, #2454 ) ;
#1436 = CARTESIAN_POINT ( 'NONE',  ( -7.570614269378588723, -0.02291015667874116493, 0.000000000000000000 ) ) ;
#1437 = EDGE_CURVE ( 'NONE', #2322, #2622, #1283, .T. ) ;
#1438 = CIRCLE ( 'NONE', #598, 10.00000000000000000 ) ;
#1439 = CARTESIAN_POINT ( 'NONE',  ( -8.512945476436204473, 4.345483665702679410, 0.000000000000000000 ) ) ;
#1440 = PERSON_AND_ORGANIZATION_ROLE ( 'design_owner' ) ;
#1441 = CARTESIAN_POINT ( 'NONE',  ( -1.502155732314625736, 9.439120569711022313, 12.00000000000000533 ) ) ;
#1442 = VERTEX_POINT ( 'NONE', #2540 ) ;
#1443 = LOCAL_TIME ( 20, 1, 47.00000000000000000, #1204 ) ;
#1444 = LINE ( 'NONE', #1648, #1480 ) ;
#1445 = EDGE_CURVE ( 'NONE', #1744, #1392, #1745, .T. ) ;
#1446 = CARTESIAN_POINT ( 'NONE',  ( 2.208344767702614231, -6.928883210751566324, 12.00000000000000000 ) ) ;
#1447 = LOCAL_TIME ( 20, 1, 47.00000000000000000, #326 ) ;
#1448 = CARTESIAN_POINT ( 'NONE',  ( -7.371191737761322749, -0.04693806959179951804, -0.000000000000000000 ) ) ;
#1449 = CARTESIAN_POINT ( 'NONE',  ( 2.233182759024218367, 7.975075402953396342, -0.000000000000000000 ) ) ;
#1450 = DATE_AND_TIME ( #600, #1670 ) ;
#1451 = CARTESIAN_POINT ( 'NONE',  ( 7.371191738586982289, -0.04693806964190226638, 0.000000000000000000 ) ) ;
#1452 = CARTESIAN_POINT ( 'NONE',  ( 2.317644985622995257, -7.207163419353227241, 11.99999999999999289 ) ) ;
#1453 = CARTESIAN_POINT ( 'NONE',  ( 4.408389392193384992, 6.067627457812251102, 0.000000000000000000 ) ) ;
#1454 = CARTESIAN_POINT ( 'NONE',  ( -6.494314511372127896, -5.139339640982587554, 12.00000000000000000 ) ) ;
#1455 = CARTESIAN_POINT ( 'NONE',  ( -8.274838854705517832, 0.3405508163308269554, 0.000000000000000000 ) ) ;
#1456 = CALENDAR_DATE ( 2025, 8, 6 ) ;
#1457 = CARTESIAN_POINT ( 'NONE',  ( 5.472734944175834393, 3.988905485927471961, 0.000000000000000000 ) ) ;
#1458 = CC_DESIGN_PERSON_AND_ORGANIZATION_ASSIGNMENT ( #2501, #2074, ( #2518 ) ) ;
#1459 = CARTESIAN_POINT ( 'NONE',  ( -6.714272332570423885, -5.697735100902648675, 12.00000000000000000 ) ) ;
#1460 = CARTESIAN_POINT ( 'NONE',  ( 7.661477064454585317, -0.06469268076317491456, 0.000000000000000000 ) ) ;
#1461 = CARTESIAN_POINT ( 'NONE',  ( -2.957494971681620122, -7.827703132471341085, 12.00000000000000178 ) ) ;
#1462 = CARTESIAN_POINT ( 'NONE',  ( -2.726950651943752746, -7.639514351464538500, 11.99999999999999645 ) ) ;
#1463 = ORIENTED_EDGE ( 'NONE', *, *, #35, .F. ) ;
#1464 = EDGE_CURVE ( 'NONE', #753, #449, #2657, .T. ) ;
#1465 = CARTESIAN_POINT ( 'NONE',  ( 5.935829879567860345, 4.370651491258986887, -0.000000000000000000 ) ) ;
#1466 = DIRECTION ( 'NONE',  ( 0.000000000000000000, 1.000000000000000000, 0.000000000000000000 ) ) ;
#1467 = B_SPLINE_CURVE_WITH_KNOTS ( 'NONE', 3,
 ( #1990, #1581, #2434, #262 ),
 .UNSPECIFIED., .F., .F.,
 ( 4, 4 ),
 ( 0.000000000000000000, 1.170086868559491178 ),
 .UNSPECIFIED. ) ;
#1468 = CARTESIAN_POINT ( 'NONE',  ( -4.332906349846329164, -8.519353938951391925, 12.00000000000001776 ) ) ;
#1469 = PERSON_AND_ORGANIZATION_ROLE ( 'classification_officer' ) ;
#1470 = CARTESIAN_POINT ( 'NONE',  ( -6.763445381126884648, -6.753463966749085223, 0.000000000000000000 ) ) ;
#1471 = CARTESIAN_POINT ( 'NONE',  ( 6.530671864658125436, -5.231638159394020882, 0.000000000000000000 ) ) ;
#1472 = CARTESIAN_POINT ( 'NONE',  ( -2.726950651943749637, -7.639514351464526065, 0.000000000000000000 ) ) ;
#1473 = VERTEX_POINT ( 'NONE', #415 ) ;
#1474 = EDGE_CURVE ( 'NONE', #1384, #532, #1651, .T. ) ;
#1475 = CARTESIAN_POINT ( 'NONE',  ( 8.108287476342527000, 0.2327317920795229922, 0.000000000000000000 ) ) ;
#1476 = DIRECTION ( 'NONE',  ( 0.000000000000000000, 0.000000000000000000, 1.000000000000000000 ) ) ;
#1477 = CARTESIAN_POINT ( 'NONE',  ( -2.208344767625415983, -6.928883210454963582, 0.000000000000000000 ) ) ;
#1478 = ORIENTED_EDGE ( 'NONE', *, *, #2344, .F. ) ;
#1479 = VERTEX_POINT ( 'NONE', #642 ) ;
#1480 = VECTOR ( 'NONE', #2037, 1000.000000000000000 ) ;
#1481 = CARTESIAN_POINT ( 'NONE',  ( 4.332906349846320282, -8.519353938951388372, 12.00000000000000533 ) ) ;
#1482 = CARTESIAN_POINT ( 'NONE',  ( -6.400671641935998579, 4.543389483881958846, 12.00000000000001599 ) ) ;
#1483 = CIRCLE ( 'NONE', #974, 10.00000000000000000 ) ;
#1484 = PERSON_AND_ORGANIZATION ( #2562, #934 ) ;
#1485 = CIRCLE ( 'NONE', #2105, 2.281000000000000139 ) ;
#1486 = DIRECTION ( 'NONE',  ( 0.000000000000000000, 0.000000000000000000, -1.000000000000000000 ) ) ;
#1487 = DIRECTION ( 'NONE',  ( 0.000000000000000000, 0.000000000000000000, 1.000000000000000000 ) ) ;
#1488 = CARTESIAN_POINT ( 'NONE',  ( -2.507690216013506390, -7.437910395382290041, 0.000000000000000000 ) ) ;
#1489 = VECTOR ( 'NONE', #1772, 1000.000000000000000 ) ;
#1490 = ORIENTED_EDGE ( 'NONE', *, *, #561, .F. ) ;
#1491 = CARTESIAN_POINT ( 'NONE',  ( -5.752902267991392371, -0.2897712499215130411, 0.000000000000000000 ) ) ;
#1492 = VERTEX_POINT ( 'NONE', #1696 ) ;
#1493 = CARTESIAN_POINT ( 'NONE',  ( -6.298936487484955826, -4.683415911144956034, 11.99999999999998934 ) ) ;
#1494 = CC_DESIGN_DATE_AND_TIME_ASSIGNMENT ( #1009, #2542, ( #1258 ) ) ;
#1495 = LINE ( 'NONE', #32, #238 ) ;
#1496 = ORIENTED_EDGE ( 'NONE', *, *, #625, .T. ) ;
#1497 = CARTESIAN_POINT ( 'NONE',  ( -4.824518969025145765, -3.147041245337467874, 11.99999999999998934 ) ) ;
#1498 = APPROVAL_ROLE ( '' ) ;
#1499 = B_SPLINE_CURVE_WITH_KNOTS ( 'NONE', 3,
 ( #836, #2358, #811, #2110 ),
 .UNSPECIFIED., .F., .F.,
 ( 4, 4 ),
 ( 0.000000000000000000, 1.170086868559491178 ),
 .UNSPECIFIED. ) ;
#1500 = DIRECTION ( 'NONE',  ( 0.000000000000000000, 1.000000000000000000, 0.000000000000000000 ) ) ;
#1501 = CARTESIAN_POINT ( 'NONE',  ( 6.763445381126877542, -6.753463966749102099, 0.000000000000000000 ) ) ;
#1502 = ORIENTED_EDGE ( 'NONE', *, *, #1914, .F. ) ;
#1503 = CARTESIAN_POINT ( 'NONE',  ( -2.322464272711821653, 6.995915273871759155, -0.000000000000000000 ) ) ;
#1504 = CARTESIAN_POINT ( 'NONE',  ( 2.286106919590973785, 6.903616755880470635, 12.00000000000000178 ) ) ;
#1505 = CARTESIAN_POINT ( 'NONE',  ( 6.993672153534662428, 4.594372933012287774, 0.000000000000000000 ) ) ;
#1506 = EDGE_CURVE ( 'NONE', #2138, #2363, #1495, .T. ) ;
#1507 = PERSON_AND_ORGANIZATION ( #2562, #934 ) ;
#1508 = LINE ( 'NONE', #455, #424 ) ;
#1509 = DIRECTION ( 'NONE',  ( 0.000000000000000000, 1.000000000000000000, 0.000000000000000000 ) ) ;
#1510 = CARTESIAN_POINT ( 'NONE',  ( -6.714272332570423885, -5.697735100902650451, 0.000000000000000000 ) ) ;
#1511 = ORIENTED_EDGE ( 'NONE', *, *, #786, .F. ) ;
#1512 = CARTESIAN_POINT ( 'NONE',  ( -8.358504278852759484, 0.3938515699128868341, 12.00000000000000000 ) ) ;
#1513 = CARTESIAN_POINT ( 'NONE',  ( 11.99367088607593956, 14.00000000000000000, 8.196202531645580436 ) ) ;
#1514 = DATE_AND_TIME ( #1076, #2196 ) ;
#1515 = AXIS2_PLACEMENT_3D ( 'NONE', #793, #570, #2290 ) ;
#1516 = EDGE_CURVE ( 'NONE', #2609, #1121, #1416, .T. ) ;
#1517 = CARTESIAN_POINT ( 'NONE',  ( 1.502155732314623959, 9.439120569711015207, 0.000000000000000000 ) ) ;
#1518 = CIRCLE ( 'NONE', #1610, 2.281000000000000139 ) ;
#1519 =( NAMED_UNIT ( * ) SI_UNIT ( $, .STERADIAN. ) SOLID_ANGLE_UNIT ( ) );
#1520 = ORIENTED_EDGE ( 'NONE', *, *, #1312, .F. ) ;
#1521 = AXIS2_PLACEMENT_3D ( 'NONE', #2046, #126, #780 ) ;
#1522 = CARTESIAN_POINT ( 'NONE',  ( -6.400671641935998579, 4.543389483881958846, 12.00000000000001599 ) ) ;
#1523 = VECTOR ( 'NONE', #725, 1000.000000000000000 ) ;
#1524 = VERTEX_POINT ( 'NONE', #1504 ) ;
#1525 = CARTESIAN_POINT ( 'NONE',  ( -4.824518969025145765, -3.147041245337481641, 12.00000000000000711 ) ) ;
#1526 = CARTESIAN_POINT ( 'NONE',  ( 2.233182759024445740, -7.024924597046640962, 12.00000000000000000 ) ) ;
#1527 = B_SPLINE_CURVE_WITH_KNOTS ( 'NONE', 3,
 ( #420, #1253, #1272, #610 ),
 .UNSPECIFIED., .F., .F.,
 ( 4, 4 ),
 ( 0.000000000000000000, 1.170086868559555127 ),
 .UNSPECIFIED. ) ;
#1528 = DIRECTION ( 'NONE',  ( 0.000000000000000000, 0.000000000000000000, 1.000000000000000000 ) ) ;
#1529 = CC_DESIGN_APPROVAL ( #712, ( #2018 ) ) ;
#1530 = ORIENTED_EDGE ( 'NONE', *, *, #963, .T. ) ;
#1531 = CARTESIAN_POINT ( 'NONE',  ( 6.111289349561172202, 4.468430124432423156, 0.000000000000000000 ) ) ;
#1532 = DATE_AND_TIME ( #257, #1838 ) ;
#1533 = CARTESIAN_POINT ( 'NONE',  ( -6.111278549054373954, 4.468440144895413191, 0.000000000000000000 ) ) ;
#1534 = CARTESIAN_POINT ( 'NONE',  ( -3.006329113924055108, 14.00000000000000000, -1.803797468354420230 ) ) ;
#1535 = DIRECTION ( 'NONE',  ( -1.000000000000000000, 0.000000000000000000, -0.000000000000000000 ) ) ;
#1536 = ORIENTED_EDGE ( 'NONE', *, *, #2307, .F. ) ;
#1537 = CARTESIAN_POINT ( 'NONE',  ( 2.361250188460723543, 7.192995230092981807, 0.000000000000000000 ) ) ;
#1538 = VERTEX_POINT ( 'NONE', #2570 ) ;
#1539 = EDGE_CURVE ( 'NONE', #808, #532, #328, .T. ) ;
#1540 = CARTESIAN_POINT ( 'NONE',  ( 8.781005085690733125, 0.6630142691165690216, 12.00000000000000000 ) ) ;
#1541 = CARTESIAN_POINT ( 'NONE',  ( 3.344043840211336605, -8.146349429696927658, 12.00000000000000000 ) ) ;
#1542 = ORIENTED_EDGE ( 'NONE', *, *, #561, .T. ) ;
#1543 = CARTESIAN_POINT ( 'NONE',  ( 4.332906349846320282, -8.519353938951388372, 12.00000000000000533 ) ) ;
#1544 = CARTESIAN_POINT ( 'NONE',  ( 6.696543290711863605, 4.577635562164165783, 0.000000000000000000 ) ) ;
#1545 = DATE_AND_TIME ( #37, #1206 ) ;
#1546 = CARTESIAN_POINT ( 'NONE',  ( 6.894656006666346038, 4.588316846032622465, 12.00000000000000000 ) ) ;
#1547 = CARTESIAN_POINT ( 'NONE',  ( 2.208344767702412614, 8.071116789248383938, 12.00000000000000178 ) ) ;
#1548 = CARTESIAN_POINT ( 'NONE',  ( -20.50632911392404623, 0.000000000000000000, 10.69620253164558044 ) ) ;
#1549 = ORIENTED_EDGE ( 'NONE', *, *, #2164, .T. ) ;
#1550 = CARTESIAN_POINT ( 'NONE',  ( -6.298936487484960267, -4.683415911144960475, 0.000000000000000000 ) ) ;
#1551 = DIRECTION ( 'NONE',  ( 1.000000000000000000, 0.000000000000000000, 0.000000000000000000 ) ) ;
#1552 = CARTESIAN_POINT ( 'NONE',  ( 2.286106919659031345, 6.903616756053246206, 0.000000000000000000 ) ) ;
#1553 = EDGE_CURVE ( 'NONE', #1692, #2148, #400, .T. ) ;
#1554 = B_SPLINE_CURVE_WITH_KNOTS ( 'NONE', 3,
 ( #1728, #693, #1742, #899 ),
 .UNSPECIFIED., .F., .F.,
 ( 4, 4 ),
 ( 0.000000000000000000, 1.170086868559896631 ),
 .UNSPECIFIED. ) ;
#1555 = ORIENTED_EDGE ( 'NONE', *, *, #716, .F. ) ;
#1556 = CARTESIAN_POINT ( 'NONE',  ( -5.472734944175709160, 3.988905485927059846, 12.00000000000000000 ) ) ;
#1557 = ORIENTED_EDGE ( 'NONE', *, *, #150, .T. ) ;
#1558 = CARTESIAN_POINT ( 'NONE',  ( 8.781005085690733125, 0.6630142691165690216, 0.000000000000000000 ) ) ;
#1559 = DIRECTION ( 'NONE',  ( -0.000000000000000000, -0.000000000000000000, -1.000000000000000000 ) ) ;
#1560 = APPROVAL_ROLE ( '' ) ;
#1561 = FACE_OUTER_BOUND ( 'NONE', #506, .T. ) ;
#1562 = FACE_OUTER_BOUND ( 'NONE', #2654, .T. ) ;
#1563 = CIRCLE ( 'NONE', #421, 2.281000000000001027 ) ;
#1564 = CARTESIAN_POINT ( 'NONE',  ( 4.493670886075944892, 13.50000000000000000, -8.418175746015899463 ) ) ;
#1565 = ORIENTED_EDGE ( 'NONE', *, *, #2031, .F. ) ;
#1566 = CARTESIAN_POINT ( 'NONE',  ( -5.472734944175709160, 3.988905485927059846, 12.00000000000000000 ) ) ;
#1567 = DIRECTION ( 'NONE',  ( 0.000000000000000000, 0.000000000000000000, 1.000000000000000000 ) ) ;
#1568 = CIRCLE ( 'NONE', #1252, 2.281000000000000139 ) ;
#1569 = CARTESIAN_POINT ( 'NONE',  ( 8.108287476342537659, 0.2327317920795298201, 12.00000000000001066 ) ) ;
#1570 = EDGE_LOOP ( 'NONE', ( #554, #1928, #1086, #2083, #770, #461, #2330, #2439, #2494, #1171, #1411, #671, #233, #2571, #1097, #2646, #2724, #2666, #562, #1665, #342, #42 ) ) ;
#1571 = CC_DESIGN_PERSON_AND_ORGANIZATION_ASSIGNMENT ( #2108, #1440, ( #585 ) ) ;
#1572 = APPROVAL_PERSON_ORGANIZATION ( #244, #1263, #2612 ) ;
#1573 = CARTESIAN_POINT ( 'NONE',  ( -2.082915758131141715, -6.443885216963101570, 12.00000000000000000 ) ) ;
#1574 = CARTESIAN_POINT ( 'NONE',  ( -2.208344767702430822, 8.071116789248312884, 12.00000000000000000 ) ) ;
#1575 = LOCAL_TIME ( 20, 1, 47.00000000000000000, #382 ) ;
#1576 = DATE_AND_TIME ( #170, #1575 ) ;
#1577 = DIRECTION ( 'NONE',  ( 0.000000000000000000, 0.000000000000000000, 1.000000000000000000 ) ) ;
#1578 = LINE ( 'NONE', #735, #1155 ) ;
#1579 =( NAMED_UNIT ( * ) SI_UNIT ( $, .STERADIAN. ) SOLID_ANGLE_UNIT ( ) );
#1580 = VERTEX_POINT ( 'NONE', #2355 ) ;
#1581 = CARTESIAN_POINT ( 'NONE',  ( -8.029557193585752373, 0.1842891645099402342, 0.000000000000000000 ) ) ;
#1582 = CARTESIAN_POINT ( 'NONE',  ( 0.000000000000000000, 7.500000000000000000, 0.000000000000000000 ) ) ;
#1583 = CARTESIAN_POINT ( 'NONE',  ( -7.661477064454913055, -0.06469268076364427522, 12.00000000000000000 ) ) ;
#1584 = ORIENTED_EDGE ( 'NONE', *, *, #1423, .T. ) ;
#1585 = DIRECTION ( 'NONE',  ( 1.000000000000000000, 0.000000000000000000, 0.000000000000000000 ) ) ;
#1586 = PERSON_AND_ORGANIZATION ( #2562, #934 ) ;
#1587 = CARTESIAN_POINT ( 'NONE',  ( -7.570614269378572736, -0.02291015667874325354, 12.00000000000002309 ) ) ;
#1588 = EDGE_CURVE ( 'NONE', #1971, #1356, #1788, .T. ) ;
#1589 = CARTESIAN_POINT ( 'NONE',  ( -6.400671641935991474, 4.543389483881962398, 0.000000000000000000 ) ) ;
#1590 = PERSON_AND_ORGANIZATION ( #2562, #934 ) ;
#1591 = VERTEX_POINT ( 'NONE', #1073 ) ;
#1592 = CARTESIAN_POINT ( 'NONE',  ( 6.604370679972711322, 4.570562234860818585, 12.00000000000000000 ) ) ;
#1593 = DIRECTION ( 'NONE',  ( 1.000000000000000000, 0.000000000000000000, 0.000000000000000000 ) ) ;
#1594 = ORIENTED_EDGE ( 'NONE', *, *, #1132, .F. ) ;
#1595 = CARTESIAN_POINT ( 'NONE',  ( 6.138221854008105716, -4.431360712238824995, 11.99999999999999645 ) ) ;
#1596 = VERTEX_POINT ( 'NONE', #1303 ) ;
#1597 = CARTESIAN_POINT ( 'NONE',  ( 4.493670886075944892, 2.000000000000000000, 4.810580809307060335 ) ) ;
#1598 = CARTESIAN_POINT ( 'NONE',  ( -2.656539040913415750, -7.579614208211572723, 12.00000000000000000 ) ) ;
#1599 = ITEM_DEFINED_TRANSFORMATION ( 'NONE', 'NONE', #1072,  #21 ) ;
#1600 = CARTESIAN_POINT ( 'NONE',  ( -6.772155392964800846, -0.01029943717862169192, 0.000000000000000000 ) ) ;
#1601 = DIRECTION ( 'NONE',  ( -0.000000000000000000, -0.000000000000000000, -1.000000000000000000 ) ) ;
#1602 = CALENDAR_DATE ( 2025, 8, 6 ) ;
#1603 = ORIENTED_EDGE ( 'NONE', *, *, #1964, .F. ) ;
#1604 = EDGE_CURVE ( 'NONE', #2400, #1326, #1485, .T. ) ;
#1605 = DIRECTION ( 'NONE',  ( -0.000000000000000000, -0.000000000000000000, -1.000000000000000000 ) ) ;
#1606 = CARTESIAN_POINT ( 'NONE',  ( -2.656539040913415750, -7.579614208211572723, 12.00000000000000000 ) ) ;
#1607 = DIRECTION ( 'NONE',  ( 1.000000000000000000, 0.000000000000000000, 0.000000000000000000 ) ) ;
#1608 = EDGE_CURVE ( 'NONE', #1358, #1172, #285, .T. ) ;
#1609 = CARTESIAN_POINT ( 'NONE',  ( 4.483872434540841390, 3.615900976672866474, 0.000000000000000000 ) ) ;
#1610 = AXIS2_PLACEMENT_3D ( 'NONE', #648, #1703, #2563 ) ;
#1611 = ORIENTED_EDGE ( 'NONE', *, *, #323, .F. ) ;
#1612 = AXIS2_PLACEMENT_3D ( 'NONE', #2527, #1844, #1635 ) ;
#1613 = CARTESIAN_POINT ( 'NONE',  ( -6.530671864687544570, -5.231638159468708693, 12.00000000000000000 ) ) ;
#1614 = FACE_OUTER_BOUND ( 'NONE', #1276, .T. ) ;
#1615 = AXIS2_PLACEMENT_3D ( 'NONE', #1534, #2157, #2398 ) ;
#1616 = CC_DESIGN_APPROVAL ( #472, ( #466 ) ) ;
#1617 = CARTESIAN_POINT ( 'NONE',  ( -6.772155392964793741, -0.01029943717862135885, 12.00000000000000000 ) ) ;
#1618 = CARTESIAN_POINT ( 'NONE',  ( 1.502155732314623959, 9.439120569711015207, 0.000000000000000000 ) ) ;
#1619 =( LENGTH_UNIT ( ) NAMED_UNIT ( * ) SI_UNIT ( .MILLI., .METRE. ) );
#1620 = ORIENTED_EDGE ( 'NONE', *, *, #1084, .T. ) ;
#1621 = DIRECTION ( 'NONE',  ( -1.000000000000000000, 1.734723475976807094E-16, 3.556183125752454544E-15 ) ) ;
#1622 = CARTESIAN_POINT ( 'NONE',  ( -2.286106919624192546, 6.903616755963952301, 0.000000000000000000 ) ) ;
#1623 = CC_DESIGN_PERSON_AND_ORGANIZATION_ASSIGNMENT ( #1366, #2228, ( #1193 ) ) ;
#1624 = CARTESIAN_POINT ( 'NONE',  ( -2.102506451816740451, 6.437519814721700762, 0.000000000000000000 ) ) ;
#1625 = B_SPLINE_SURFACE_WITH_KNOTS ( 'NONE', 3, 1, ( 
 ( #1853, #2685 ),
 ( #346, #387 ),
 ( #1618, #1400 ),
 ( #145, #2043 ),
 ( #2242, #1630 ),
 ( #1840, #1008 ),
 ( #537, #1178 ),
 ( #2702, #789 ),
 ( #2285, #133 ),
 ( #977, #1381 ),
 ( #331, #2033 ),
 ( #964, #1190 ),
 ( #2732, #2674 ),
 ( #1160, #577 ),
 ( #590, #120 ),
 ( #775, #951 ),
 ( #2475, #1409 ),
 ( #1421, #2255 ),
 ( #1589, #1816 ),
 ( #161, #2265 ),
 ( #357, #747 ),
 ( #371, #1203 ),
 ( #1439, #552 ),
 ( #992, #2716 ),
 ( #1643, #2499 ),
 ( #2093, #1237 ),
 ( #1455, #804 ),
 ( #1660, #2522 ),
 ( #2300, #606 ),
 ( #1887, #404 ),
 ( #190, #1025 ),
 ( #651, #885 ),
 ( #1491, #1058 ),
 ( #448, #2417 ),
 ( #939, #500 ),
 ( #1165, #1369 ),
 ( #2244, #1143 ),
 ( #71, #901 ),
 ( #1550, #2401 ),
 ( #1122, #84 ),
 ( #1633, #1676 ),
 ( #2478, #2288 ),
 ( #1470, #1207 ),
 ( #2719, #1667 ),
 ( #361, #391 ),
 ( #2303, #1224 ),
 ( #792, #2535 ),
 ( #2268, #1842 ),
 ( #149, #580 ),
 ( #623, #2504 ),
 ( #2077, #2318 ),
 ( #569, #1011 ),
 ( #408, #1412 ),
 ( #1194, #419 ),
 ( #2096, #374 ),
 ( #778, #2036 ),
 ( #2062, #2705 ),
 ( #1870, #2737 ),
 ( #2488, #136 ),
 ( #809, #1426 ),
 ( #967, #2525 ),
 ( #608, #1459 ),
 ( #1829, #2689 ),
 ( #1271, #2624 ),
 ( #267, #479 ),
 ( #1701, #76 ),
 ( #1, #2199 ),
 ( #1320, #11 ),
 ( #647, #892 ),
 ( #718, #2336 ),
 ( #2109, #1333 ),
 ( #281, #1573 ),
 ( #1688, #2561 ),
 ( #205, #88 ),
 ( #846, #1053 ),
 ( #2181, #2168 ),
 ( #905, #1112 ),
 ( #1764, #701 ),
 ( #59, #1042 ),
 ( #1751, #1251 ),
 ( #2610, #2394 ),
 ( #1558, #2408 ),
 ( #688, #1543 ),
 ( #916, #492 ),
 ( #508, #1348 ),
 ( #835, #2545 ),
 ( #300, #1126 ),
 ( #1982, #1776 ),
 ( #2637, #113 ),
 ( #1809, #1595 ),
 ( #545, #1170 ),
 ( #1390, #128 ),
 ( #1609, #1405 ),
 ( #584, #1875 ),
 ( #1652, #2723 ),
 ( #396, #2744 ),
 ( #1214, #796 ),
 ( #782, #2510 ),
 ( #2294, #2275 ),
 ( #2493, #599 ),
 ( #1449, #2711 ),
 ( #1231, #999 ) ),
 .UNSPECIFIED., .T., .F., .F.,
 ( 4, 1, 1, 1, 2, 1, 1, 1, 2, 1, 1, 1, 2, 1, 1, 1, 2, 1, 1, 1, 2, 1, 1, 1, 2, 1, 1, 1, 2, 1, 1, 1, 2, 1, 1, 1, 2, 1, 1, 1, 2, 1, 1, 1, 2, 1, 1, 1, 2, 1, 1, 1, 2, 1, 1, 1, 2, 1, 1, 1, 2, 1, 1, 1, 2, 1, 1, 1, 2, 1, 1, 1, 2, 1, 1, 1, 2, 1, 1, 1, 4 ),
 ( 2, 2 ),
 ( 0.000000000000000000, 0.02086768923310218515, 0.04173537846620437031, 0.06260306769930655546, 0.08347075693240874061, 0.08760306741797002639, 0.09173537790353133992, 0.09586768838909262569, 0.09999999887465392534, 0.1208676881077570681, 0.1417353773408602247, 0.1626030665739633396, 0.1834707558070664823, 0.1876030668553005931, 0.1917353779035346761, 0.1958676889517688147, 0.2000000000000029254, 0.2208676892331050967, 0.2417353784662072957, 0.2626030676993095225, 0.2834707569324116383, 0.2876030674179727020, 0.2917353779035336547, 0.2958676883890946074, 0.2999999988746556712, 0.3208676881077588416, 0.3417353773408619011, 0.3626030665739650716, 0.3834707558070682420, 0.3876030668553018810, 0.3917353779035354644, 0.3958676889517690478, 0.4000000000000026867, 0.4208676892331048580, 0.4417353784662070293, 0.4626030676993092006, 0.4834707569324113718, 0.4876030674179722135, 0.4917353779035329442, 0.4958676883890936749, 0.4999999988746545165, 0.5208676881077576315, 0.5417353773408608575, 0.5626030665739639725, 0.5834707558070670874, 0.5876030668553005043, 0.5917353779035338102, 0.5958676889517671160, 0.6000000000000004219, 0.6208676892331026487, 0.6417353784662048755, 0.6626030676993071022, 0.6834707569324092180, 0.6876030674179700597, 0.6917353779035311234, 0.6958676883890919651, 0.6999999988746528068, 0.7208676881077560328, 0.7417353773408590367, 0.7626030665739620407, 0.7834707558070652667, 0.7876030668552986835, 0.7917353779035323225, 0.7958676889517659614, 0.7999999999999993783, 0.8208676892331016051, 0.8417353784662036098, 0.8626030676993058366, 0.8834707569324080634, 0.8876030674179690161, 0.8917353779035299688, 0.8958676883890908105, 0.8999999988746518742, 0.9208676881077549892, 0.9417353773408581041, 0.9626030665739612191, 0.9834707558070643341, 0.9876030668552981950, 0.9917353779035322781, 0.9958676889517661390, 1.000000000000000000 ),
 ( 0.000000000000000000, 1.000000000000000000 ),
 .UNSPECIFIED. ) ;
#1626 = CARTESIAN_POINT ( 'NONE',  ( -2.343130036895803681, 7.491379238793243189, 0.000000000000000000 ) ) ;
#1627 = CARTESIAN_POINT ( 'NONE',  ( 7.993670886075939563, 13.50000000000000000, -14.30379746835441956 ) ) ;
#1628 = APPLICATION_CONTEXT ( 'configuration controlled 3d designs of mechanical parts and assemblies' ) ;
#1629 = CARTESIAN_POINT ( 'NONE',  ( -7.493692351462883039, 4.624955478445708756, 12.00000000000000000 ) ) ;
#1630 = CARTESIAN_POINT ( 'NONE',  ( 8.512945476436200920, 4.345483665702679410, 11.99999999999998046 ) ) ;
#1631 = SHAPE_REPRESENTATION_RELATIONSHIP ( 'NONE' , 'NONE' ,  #398, #2048 ) ;
#1632 = ORIENTED_EDGE ( 'NONE', *, *, #539, .F. ) ;
#1633 = CARTESIAN_POINT ( 'NONE',  ( -6.494314511372124343, -5.139339640982581336, -0.000000000000000000 ) ) ;
#1634 = CARTESIAN_POINT ( 'NONE',  ( 7.993670886075939563, 13.50000000000000000, -14.30379746835441956 ) ) ;
#1635 = DIRECTION ( 'NONE',  ( 0.000000000000000000, 0.000000000000000000, 1.000000000000000000 ) ) ;
#1636 = CARTESIAN_POINT ( 'NONE',  ( -5.484842658736543974, -3.972240646507763095, 12.00000000000000000 ) ) ;
#1637 = CARTESIAN_POINT ( 'NONE',  ( -2.507690216013506390, -7.437910395382290041, 0.000000000000000000 ) ) ;
#1638 = CARTESIAN_POINT ( 'NONE',  ( -2.506329113924055108, 13.50000000000000000, 0.6962025316455769941 ) ) ;
#1639 = ADVANCED_FACE ( 'NONE', ( #57 ), #1290, .F. ) ;
#1640 = LINE ( 'NONE', #1278, #2331 ) ;
#1641 = EDGE_CURVE ( 'NONE', #2424, #684, #1568, .T. ) ;
#1642 = CARTESIAN_POINT ( 'NONE',  ( -4.799971562413358761, -1.559605301985932613, 0.000000000000000000 ) ) ;
#1643 = CARTESIAN_POINT ( 'NONE',  ( -9.441328775402123341, 1.488213670286770540, 0.000000000000000000 ) ) ;
#1644 = COORDINATED_UNIVERSAL_TIME_OFFSET ( 8, 0, .AHEAD. ) ;
#1645 = CARTESIAN_POINT ( 'NONE',  ( -2.082915758131234085, 8.556114783037310545, 12.00000000000000000 ) ) ;
#1646 = VERTEX_POINT ( 'NONE', #41 ) ;
#1647 = PRODUCT_DEFINITION_SHAPE ( 'NONE', 'NONE',  #1736 ) ;
#1648 = CARTESIAN_POINT ( 'NONE',  ( -20.50632911392404623, 0.000000000000000000, -14.30379746835441956 ) ) ;
#1649 = CARTESIAN_POINT ( 'NONE',  ( -2.429053010527122414, 7.266506548828019163, 0.000000000000000000 ) ) ;
#1650 = CARTESIAN_POINT ( 'NONE',  ( -6.696538678762629537, 4.577647825018113181, 0.000000000000000000 ) ) ;
#1651 = B_SPLINE_CURVE_WITH_KNOTS ( 'NONE', 1,
 ( #1477, #1049 ),
 .UNSPECIFIED., .F., .F.,
 ( 2, 2 ),
 ( 0.000000000000000000, 1.000000000000000000 ),
 .UNSPECIFIED. ) ;
#1652 = CARTESIAN_POINT ( 'NONE',  ( 2.053333403260022560, 5.381790948874995983, 0.000000000000000000 ) ) ;
#1653 = DATE_AND_TIME ( #1216, #2335 ) ;
#1654 = CIRCLE ( 'NONE', #1878, 10.00000000000000000 ) ;
#1655 = VECTOR ( 'NONE', #1029, 1000.000000000000000 ) ;
#1656 = CARTESIAN_POINT ( 'NONE',  ( -2.506329113924055108, 13.50000000000000000, 8.183694709364671027 ) ) ;
#1657 = AXIS2_PLACEMENT_3D ( 'NONE', #2721, #1013, #1821 ) ;
#1658 = CARTESIAN_POINT ( 'NONE',  ( 2.726939712873765131, -7.639521561486025902, 12.00000000000001243 ) ) ;
#1659 = CIRCLE ( 'NONE', #981, 10.00000000000000000 ) ;
#1660 = CARTESIAN_POINT ( 'NONE',  ( -8.108283999563159483, 0.2327444237725053711, 0.000000000000000000 ) ) ;
#1661 = EDGE_CURVE ( 'NONE', #449, #447, #1835, .T. ) ;
#1662 = COORDINATED_UNIVERSAL_TIME_OFFSET ( 8, 0, .AHEAD. ) ;
#1663 = CARTESIAN_POINT ( 'NONE',  ( 6.993672153534657987, 4.594372933012287774, 0.000000000000000000 ) ) ;
#1664 = CARTESIAN_POINT ( 'NONE',  ( 5.935829879567860345, 4.370651491258986887, -0.000000000000000000 ) ) ;
#1665 = ORIENTED_EDGE ( 'NONE', *, *, #801, .T. ) ;
#1666 = APPROVAL_PERSON_ORGANIZATION ( #347, #2568, #1179 ) ;
#1667 = CARTESIAN_POINT ( 'NONE',  ( -9.465876182014046236, 3.075649613638201885, 12.00000000000000355 ) ) ;
#1668 = CARTESIAN_POINT ( 'NONE',  ( 8.029557193585688424, 0.1842891645098989895, 0.000000000000000000 ) ) ;
#1669 = DIRECTION ( 'NONE',  ( -0.000000000000000000, -0.000000000000000000, -1.000000000000000000 ) ) ;
#1670 = LOCAL_TIME ( 20, 1, 47.00000000000000000, #1137 ) ;
#1671 = CARTESIAN_POINT ( 'NONE',  ( -6.772155392964799958, -0.01029943717862171447, 12.00000000000000000 ) ) ;
#1672 = ORIENTED_EDGE ( 'NONE', *, *, #2634, .T. ) ;
#1673 = CARTESIAN_POINT ( 'NONE',  ( -6.160239743473717056, 4.555640707412454304, 0.000000000000000000 ) ) ;
#1674 = CARTESIAN_POINT ( 'NONE',  ( 2.507714799693546048, -7.437899700421636062, 11.99999999999998934 ) ) ;
#1675 = CALENDAR_DATE ( 2025, 8, 6 ) ;
#1676 = CARTESIAN_POINT ( 'NONE',  ( -6.894656005840293922, 4.588316845982099323, 11.99999999999999822 ) ) ;
#1677 = EDGE_CURVE ( 'NONE', #1524, #2197, #1947, .T. ) ;
#1678 = DIRECTION ( 'NONE',  ( -0.000000000000000000, -0.000000000000000000, -1.000000000000000000 ) ) ;
#1679 = CARTESIAN_POINT ( 'NONE',  ( 2.507714799693548713, -7.437899700421643168, 0.000000000000000000 ) ) ;
#1680 = ORIENTED_EDGE ( 'NONE', *, *, #2502, .T. ) ;
#1681 = VERTEX_POINT ( 'NONE', #1933 ) ;
#1682 = CARTESIAN_POINT ( 'NONE',  ( 5.752902267991022889, -0.2897712499213898063, 0.000000000000000000 ) ) ;
#1683 = CARTESIAN_POINT ( 'NONE',  ( 8.108287476342527000, 0.2327317920795229922, 0.000000000000000000 ) ) ;
#1684 = CARTESIAN_POINT ( 'NONE',  ( -2.082915758131141271, -6.443885216963099793, 12.00000000000000000 ) ) ;
#1685 = CARTESIAN_POINT ( 'NONE',  ( 2.957494971740006751, -7.827703132519469698, 11.99999999999999822 ) ) ;
#1686 = CARTESIAN_POINT ( 'NONE',  ( -6.763445381126883760, -6.753463966749090552, 12.00000000000001776 ) ) ;
#1687 = PERSON_AND_ORGANIZATION_ROLE ( 'classification_officer' ) ;
#1688 = CARTESIAN_POINT ( 'NONE',  ( 4.824518969025303861, -3.147041245337514948, 0.000000000000000000 ) ) ;
#1689 = CARTESIAN_POINT ( 'NONE',  ( -2.957494971647748105, -7.827703132443419420, 0.000000000000000000 ) ) ;
#1690 = B_SPLINE_CURVE_WITH_KNOTS ( 'NONE', 3,
 ( #1958, #242, #906, #1349 ),
 .UNSPECIFIED., .F., .F.,
 ( 4, 4 ),
 ( 0.000000000000000000, 1.170086868559627957 ),
 .UNSPECIFIED. ) ;
#1691 = EDGE_CURVE ( 'NONE', #1907, #1016, #717, .T. ) ;
#1692 = VERTEX_POINT ( 'NONE', #1096 ) ;
#1693 = VERTEX_POINT ( 'NONE', #924 ) ;
#1694 = CARTESIAN_POINT ( 'NONE',  ( 2.361250188460723987, 7.192995230092972037, 11.99999999999999645 ) ) ;
#1695 = CARTESIAN_POINT ( 'NONE',  ( 2.233182759024445740, -7.024924597046640962, 12.00000000000000000 ) ) ;
#1696 = CARTESIAN_POINT ( 'NONE',  ( 5.859283812879628961, 4.307551783296653447, 12.00000000000000178 ) ) ;
#1697 = EDGE_LOOP ( 'NONE', ( #827, #87, #324, #1848 ) ) ;
#1698 = CIRCLE ( 'NONE', #2743, 10.00000000000000000 ) ;
#1699 = CARTESIAN_POINT ( 'NONE',  ( 4.332906349846325611, -8.519353938951402583, 0.000000000000000000 ) ) ;
#1700 = PERSON_AND_ORGANIZATION ( #2562, #934 ) ;
#1701 = CARTESIAN_POINT ( 'NONE',  ( 6.714272332570425661, -5.697735100902652228, -0.000000000000000000 ) ) ;
#1702 = CIRCLE ( 'NONE', #1435, 2.281000000000000139 ) ;
#1703 = DIRECTION ( 'NONE',  ( 0.000000000000000000, 0.000000000000000000, 1.000000000000000000 ) ) ;
#1704 = CARTESIAN_POINT ( 'NONE',  ( 4.332906349846317617, -8.519353938951413241, 0.000000000000000000 ) ) ;
#1705 = CIRCLE ( 'NONE', #1924, 10.00000000000000178 ) ;
#1706 = ORIENTED_EDGE ( 'NONE', *, *, #1188, .F. ) ;
#1707 = LOCAL_TIME ( 20, 1, 47.00000000000000000, #1191 ) ;
#1708 = ORIENTED_EDGE ( 'NONE', *, *, #2101, .F. ) ;
#1709 = CARTESIAN_POINT ( 'NONE',  ( -6.422946048514704742, -4.954215774865637023, 12.00000000000001066 ) ) ;
#1710 = EDGE_CURVE ( 'NONE', #1442, #1247, #1786, .T. ) ;
#1711 = CARTESIAN_POINT ( 'NONE',  ( 4.493670886075944892, 13.50000000000000000, 4.810580809307060335 ) ) ;
#1712 = CARTESIAN_POINT ( 'NONE',  ( 8.108287476342534106, 0.2327317920795304584, 0.000000000000000000 ) ) ;
#1713 = DATE_AND_TIME ( #907, #25 ) ;
#1714 = LINE ( 'NONE', #2349, #280 ) ;
#1715 = CARTESIAN_POINT ( 'NONE',  ( -6.530671864760538625, -5.231638159654014686, 0.000000000000000000 ) ) ;
#1716 = DIRECTION ( 'NONE',  ( 0.000000000000000000, 0.000000000000000000, -1.000000000000000000 ) ) ;
#1717 = CARTESIAN_POINT ( 'NONE',  ( 2.880948904180683279, -7.764603423839081309, 11.99999999999999822 ) ) ;
#1718 = VERTEX_POINT ( 'NONE', #2435 ) ;
#1719 = ORIENTED_EDGE ( 'NONE', *, *, #1608, .T. ) ;
#1720 = CARTESIAN_POINT ( 'NONE',  ( -4.408389392193486245, -6.067627457811999747, 0.000000000000000000 ) ) ;
#1721 = VERTEX_POINT ( 'NONE', #529 ) ;
#1722 = EDGE_CURVE ( 'NONE', #43, #1692, #61, .T. ) ;
#1723 = FACE_OUTER_BOUND ( 'NONE', #2251, .T. ) ;
#1724 = CARTESIAN_POINT ( 'NONE',  ( -5.935829880206405562, 4.370651491784914633, 12.00000000000000000 ) ) ;
#1725 = APPROVAL_STATUS ( 'not_yet_approved' ) ;
#1726 = CARTESIAN_POINT ( 'NONE',  ( -6.938893903907228378E-15, 9.953011224704635396, 0.000000000000000000 ) ) ;
#1727 = DIRECTION ( 'NONE',  ( 1.000000000000000000, 0.000000000000000000, 0.000000000000000000 ) ) ;
#1728 = CARTESIAN_POINT ( 'NONE',  ( 2.286106919659031345, 6.903616756053246206, 0.000000000000000000 ) ) ;
#1729 = CARTESIAN_POINT ( 'NONE',  ( -1.502155732314623293, -5.560879430289271674, 0.000000000000000000 ) ) ;
#1730 = VERTEX_POINT ( 'NONE', #2448 ) ;
#1731 = VERTEX_POINT ( 'NONE', #108 ) ;
#1732 = CARTESIAN_POINT ( 'NONE',  ( -6.772155392964799958, -0.01029943717862171447, 12.00000000000000000 ) ) ;
#1733 = DIRECTION ( 'NONE',  ( 0.000000000000000000, 0.000000000000000000, 1.000000000000000000 ) ) ;
#1734 = VERTEX_POINT ( 'NONE', #941 ) ;
#1735 = CARTESIAN_POINT ( 'NONE',  ( 6.160239743473693075, 4.555640707412949908, 0.000000000000000000 ) ) ;
#1736 = PRODUCT_DEFINITION ( 'æœ', '', #2518, #1804 ) ;
#1737 = CARTESIAN_POINT ( 'NONE',  ( 2.208344759784730105, 8.071116819863791036, 0.000000000000000000 ) ) ;
#1738 = SECURITY_CLASSIFICATION_LEVEL ( 'unclassified' ) ;
#1739 = CARTESIAN_POINT ( 'NONE',  ( 2.102506451816425148, 6.437519814721502698, 12.00000000000000000 ) ) ;
#1740 = EDGE_CURVE ( 'NONE', #2524, #1580, #297, .T. ) ;
#1741 = CARTESIAN_POINT ( 'NONE',  ( 29.49367088607594667, 15.00000000000000000, -14.30379746835441956 ) ) ;
#1742 = CARTESIAN_POINT ( 'NONE',  ( 2.306000219333810275, 7.693511175637102184, 0.000000000000000000 ) ) ;
#1743 = CARTESIAN_POINT ( 'NONE',  ( 5.991008889722120756, -4.294704099293353394, -0.000000000000000000 ) ) ;
#1744 = VERTEX_POINT ( 'NONE', #1711 ) ;
#1745 = CIRCLE ( 'NONE', #1345, 10.00000000000000000 ) ;
#1746 = CARTESIAN_POINT ( 'NONE',  ( -6.604370679972648261, 4.570562234860815032, 0.000000000000000000 ) ) ;
#1747 = CARTESIAN_POINT ( 'NONE',  ( -2.507690216013500617, -7.437910395382268725, 11.99999999999999645 ) ) ;
#1748 =( GEOMETRIC_REPRESENTATION_CONTEXT ( 3 ) GLOBAL_UNCERTAINTY_ASSIGNED_CONTEXT ( ( #2245 ) ) GLOBAL_UNIT_ASSIGNED_CONTEXT ( ( #1619, #372, #1579 ) ) REPRESENTATION_CONTEXT ( 'NONE', 'WORKASPACE' ) );
#1749 = ORIENTED_EDGE ( 'NONE', *, *, #931, .F. ) ;
#1750 = ADVANCED_BREP_SHAPE_REPRESENTATION ( '', ( #2183, #21 ), #1790 ) ;
#1751 = CARTESIAN_POINT ( 'NONE',  ( 8.108287476342534106, 0.2327317920795304584, 0.000000000000000000 ) ) ;
#1752 = CARTESIAN_POINT ( 'NONE',  ( -7.132923872213805083, -2.317627457812386105, 0.000000000000000000 ) ) ;
#1753 = COORDINATED_UNIVERSAL_TIME_OFFSET ( 8, 0, .AHEAD. ) ;
#1754 = CARTESIAN_POINT ( 'NONE',  ( 6.387725773860205791, -4.868748366796374683, 12.00000000000000000 ) ) ;
#1755 = CARTESIAN_POINT ( 'NONE',  ( 11.99367088607593956, 14.00000000000000000, -1.803797468354420230 ) ) ;
#1756 = FACE_OUTER_BOUND ( 'NONE', #169, .T. ) ;
#1757 = ORIENTED_EDGE ( 'NONE', *, *, #1798, .T. ) ;
#1758 = EDGE_CURVE ( 'NONE', #2461, #123, #1298, .T. ) ;
#1759 = CARTESIAN_POINT ( 'NONE',  ( 11.99367088607593956, 2.000000000000000000, -11.80379746835441956 ) ) ;
#1760 = PLANE ( 'NONE',  #460 ) ;
#1761 = CARTESIAN_POINT ( 'NONE',  ( -5.850233213782772168, -8.052155225990530241, 0.000000000000000000 ) ) ;
#1762 = CARTESIAN_POINT ( 'NONE',  ( 2.102506451816425148, 6.437519814721501810, -0.000000000000000000 ) ) ;
#1763 = VERTEX_POINT ( 'NONE', #1446 ) ;
#1764 = CARTESIAN_POINT ( 'NONE',  ( 7.570611421465314628, -0.02292461178216129158, 0.000000000000000000 ) ) ;
#1765 = CARTESIAN_POINT ( 'NONE',  ( -2.208344767702428602, 8.071116789248321766, 0.000000000000000000 ) ) ;
#1766 = PERSON_AND_ORGANIZATION ( #2562, #934 ) ;
#1767 = LINE ( 'NONE', #1938, #462 ) ;
#1768 = CARTESIAN_POINT ( 'NONE',  ( 11.49367088607593956, 2.000000000000000000, 10.69620253164558044 ) ) ;
#1769 = VERTEX_POINT ( 'NONE', #2691 ) ;
#1770 = DIRECTION ( 'NONE',  ( 0.000000000000000000, 0.000000000000000000, 1.000000000000000000 ) ) ;
#1771 = CARTESIAN_POINT ( 'NONE',  ( 6.530671864760534184, -5.231638159654003140, 12.00000000000000000 ) ) ;
#1772 = DIRECTION ( 'NONE',  ( 1.000000000000000000, 0.000000000000000000, 0.000000000000000000 ) ) ;
#1773 = EDGE_CURVE ( 'NONE', #1479, #148, #2745, .T. ) ;
#1774 = ORIENTED_EDGE ( 'NONE', *, *, #1022, .T. ) ;
#1775 = VERTEX_POINT ( 'NONE', #765 ) ;
#1776 = CARTESIAN_POINT ( 'NONE',  ( 6.422935811018238184, -4.954223950520260544, 11.99999999999999645 ) ) ;
#1777 = CARTESIAN_POINT ( 'NONE',  ( 6.763445381126884648, -6.753463966749099434, 12.00000000000000178 ) ) ;
#1778 = COORDINATED_UNIVERSAL_TIME_OFFSET ( 8, 0, .AHEAD. ) ;
#1779 = CARTESIAN_POINT ( 'NONE',  ( 9.465876182014032025, 3.075649613638229418, 12.00000000000002309 ) ) ;
#1780 = DIRECTION ( 'NONE',  ( 0.000000000000000000, 0.000000000000000000, 1.000000000000000000 ) ) ;
#1781 = CLOSED_SHELL ( 'NONE', ( #2375, #17, #2673, #914 ) ) ;
#1782 = DIRECTION ( 'NONE',  ( 0.000000000000000000, 0.000000000000000000, 1.000000000000000000 ) ) ;
#1783 = ORIENTED_EDGE ( 'NONE', *, *, #2307, .T. ) ;
#1784 = AXIS2_PLACEMENT_3D ( 'NONE', #825, #1678, #2536 ) ;
#1785 = CARTESIAN_POINT ( 'NONE',  ( 7.993670886075939563, 2.000000000000000000, -14.30379746835441956 ) ) ;
#1786 = LINE ( 'NONE', #2649, #674 ) ;
#1787 = VERTEX_POINT ( 'NONE', #1210 ) ;
#1788 = CIRCLE ( 'NONE', #510, 2.281000000000000139 ) ;
#1789 = CC_DESIGN_PERSON_AND_ORGANIZATION_ASSIGNMENT ( #1071, #2550, ( #2018 ) ) ;
#1790 =( GEOMETRIC_REPRESENTATION_CONTEXT ( 3 ) GLOBAL_UNCERTAINTY_ASSIGNED_CONTEXT ( ( #2152 ) ) GLOBAL_UNIT_ASSIGNED_CONTEXT ( ( #2360, #247, #28 ) ) REPRESENTATION_CONTEXT ( 'NONE', 'WORKASPACE' ) );
#1791 = VERTEX_POINT ( 'NONE', #751 ) ;
#1792 = ORIENTED_EDGE ( 'NONE', *, *, #1149, .T. ) ;
#1793 = APPROVAL_PERSON_ORGANIZATION ( #2094, #2442, #1027 ) ;
#1794 = EDGE_CURVE ( 'NONE', #240, #299, #1394, .T. ) ;
#1795 = DIRECTION ( 'NONE',  ( 1.000000000000000000, 0.000000000000000000, 0.000000000000000000 ) ) ;
#1796 = CC_DESIGN_SECURITY_CLASSIFICATION ( #112, ( #2766 ) ) ;
#1797 = SECURITY_CLASSIFICATION_LEVEL ( 'unclassified' ) ;
#1798 = EDGE_CURVE ( 'NONE', #547, #1045, #1916, .T. ) ;
#1799 = CARTESIAN_POINT ( 'NONE',  ( -9.441328775402105578, 1.488213670286778534, 11.99999999999998934 ) ) ;
#1800 = FACE_OUTER_BOUND ( 'NONE', #2179, .T. ) ;
#1801 = CARTESIAN_POINT ( 'NONE',  ( 6.400658039661268894, 4.543412586211410975, 12.00000000000001066 ) ) ;
#1802 = CARTESIAN_POINT ( 'NONE',  ( 8.274838854007523281, 0.3405508158861555446, -0.000000000000000000 ) ) ;
#1803 = ORIENTED_EDGE ( 'NONE', *, *, #1213, .T. ) ;
#1804 = DESIGN_CONTEXT ( 'detailed design', #1628, 'design' ) ;
#1805 = CARTESIAN_POINT ( 'NONE',  ( -7.272175590856929439, -0.04088198260991248584, 12.00000000000000000 ) ) ;
#1806 = CARTESIAN_POINT ( 'NONE',  ( 2.208344767702428602, 8.071116789248321766, 0.000000000000000000 ) ) ;
#1807 = CARTESIAN_POINT ( 'NONE',  ( -7.272175590856929439, -0.04088198260991248584, 12.00000000000000000 ) ) ;
#1808 = CARTESIAN_POINT ( 'NONE',  ( 4.332906349846317617, -8.519353938951413241, 0.000000000000000000 ) ) ;
#1809 = CARTESIAN_POINT ( 'NONE',  ( 6.111289349561172202, 4.468430124432423156, 0.000000000000000000 ) ) ;
#1810 = ORIENTED_EDGE ( 'NONE', *, *, #167, .F. ) ;
#1811 = DIRECTION ( 'NONE',  ( 1.000000000000000000, 0.000000000000000000, 0.000000000000000000 ) ) ;
#1812 = CARTESIAN_POINT ( 'NONE',  ( -2.306000219333572243, -7.306488824363275292, 12.00000000000000000 ) ) ;
#1813 = EDGE_CURVE ( 'NONE', #1016, #1734, #2011, .T. ) ;
#1814 = PERSON_AND_ORGANIZATION ( #2562, #934 ) ;
#1815 = CARTESIAN_POINT ( 'NONE',  ( -6.111278549054357967, 4.468440144895409638, 12.00000000000000888 ) ) ;
#1816 = CARTESIAN_POINT ( 'NONE',  ( 2.343103861940805110, 7.491385036312877332, 11.99999999999998934 ) ) ;
#1817 = EDGE_CURVE ( 'NONE', #1917, #1473, #2415, .T. ) ;
#1818 = CARTESIAN_POINT ( 'NONE',  ( 3.000843654910994203E-15, 3.476515117894489842E-16, -7.364647018396270894 ) ) ;
#1819 = ORIENTED_EDGE ( 'NONE', *, *, #116, .F. ) ;
#1820 = CARTESIAN_POINT ( 'NONE',  ( 5.859283812879628961, 4.307551783296653447, 12.00000000000000178 ) ) ;
#1821 = DIRECTION ( 'NONE',  ( 1.000000000000000000, 0.000000000000000000, 0.000000000000000000 ) ) ;
#1822 = CARTESIAN_POINT ( 'NONE',  ( -9.441328775402126894, 1.488213670286777424, 12.00000000000002309 ) ) ;
#1823 = CARTESIAN_POINT ( 'NONE',  ( 4.824518969025302972, -3.147041245337506066, 12.00000000000000178 ) ) ;
#1824 = ORIENTED_EDGE ( 'NONE', *, *, #574, .F. ) ;
#1825 = CARTESIAN_POINT ( 'NONE',  ( 11.99367088607593956, 2.000000000000000000, -1.803797468354420230 ) ) ;
#1826 = CARTESIAN_POINT ( 'NONE',  ( -7.371191737761330742, -0.04693806959179987887, -0.000000000000000000 ) ) ;
#1827 = CARTESIAN_POINT ( 'NONE',  ( 2.452482661396970798E-13, -7.500000000000117240, 0.000000000000000000 ) ) ;
#1828 = ORIENTED_EDGE ( 'NONE', *, *, #1846, .F. ) ;
#1829 = CARTESIAN_POINT ( 'NONE',  ( 4.332906349846325611, -8.519353938951402583, 0.000000000000000000 ) ) ;
#1830 = CARTESIAN_POINT ( 'NONE',  ( -7.272175590892508090, -0.04088198261208852990, 0.000000000000000000 ) ) ;
#1831 = CARTESIAN_POINT ( 'NONE',  ( 2.957494971740015188, -7.827703132519475027, 11.99999999999999822 ) ) ;
#1832 = CARTESIAN_POINT ( 'NONE',  ( -6.894656005840294810, 4.588316845982099323, -0.000000000000000000 ) ) ;
#1833 = AXIS2_PLACEMENT_3D ( 'NONE', #474, #1770, #54 ) ;
#1834 = CIRCLE ( 'NONE', #928, 2.281000000000001027 ) ;
#1835 = CIRCLE ( 'NONE', #155, 2.281000000000000139 ) ;
#1836 = CARTESIAN_POINT ( 'NONE',  ( 0.000000000000000000, 15.00000000000000000, 0.000000000000000000 ) ) ;
#1837 = CIRCLE ( 'NONE', #1111, 10.00000000000000000 ) ;
#1838 = LOCAL_TIME ( 20, 1, 47.00000000000000000, #1960 ) ;
#1839 = CARTESIAN_POINT ( 'NONE',  ( -2.726950651943751414, -7.639514351464529618, 0.000000000000000000 ) ) ;
#1840 = CARTESIAN_POINT ( 'NONE',  ( -2.082915758131234973, 8.556114783037308769, -0.000000000000000000 ) ) ;
#1841 = ORIENTED_EDGE ( 'NONE', *, *, #2599, .T. ) ;
#1842 = CARTESIAN_POINT ( 'NONE',  ( -8.108283999563166589, 0.2327444237725096177, 12.00000000000002309 ) ) ;
#1843 = CARTESIAN_POINT ( 'NONE',  ( 4.408389392193384992, 6.067627457812251102, 12.00000000000000000 ) ) ;
#1844 = DIRECTION ( 'NONE',  ( 0.000000000000000000, 1.000000000000000000, 0.000000000000000000 ) ) ;
#1845 = CARTESIAN_POINT ( 'NONE',  ( 2.602085213965210642E-14, -5.046988775295465857, 11.99999999999997513 ) ) ;
#1846 = EDGE_CURVE ( 'NONE', #2014, #389, #873, .T. ) ;
#1847 = CARTESIAN_POINT ( 'NONE',  ( -6.530671864760536849, -5.231638159654014686, 0.000000000000000000 ) ) ;
#1848 = ORIENTED_EDGE ( 'NONE', *, *, #2757, .T. ) ;
#1849 = ADVANCED_FACE ( 'NONE', ( #1226, #611 ), #2027, .F. ) ;
#1850 = CARTESIAN_POINT ( 'NONE',  ( 2.284257538061052806, 7.783357719253968021, 11.99999999999999467 ) ) ;
#1851 = CARTESIAN_POINT ( 'NONE',  ( -5.991008890419743160, -4.294704099738190450, 0.000000000000000000 ) ) ;
#1852 = CARTESIAN_POINT ( 'NONE',  ( -2.286106919623239531, 6.903616755961531126, 12.00000000000000178 ) ) ;
#1853 = CARTESIAN_POINT ( 'NONE',  ( 2.208344759784729217, 8.071116819863787484, 0.000000000000000000 ) ) ;
#1854 = APPROVAL_STATUS ( 'not_yet_approved' ) ;
#1855 = ORIENTED_EDGE ( 'NONE', *, *, #1419, .T. ) ;
#1856 = CARTESIAN_POINT ( 'NONE',  ( 8.358504278684787181, 0.3938515698058769887, 12.00000000000000000 ) ) ;
#1857 = PRODUCT_DEFINITION_SHAPE ( 'NONE', 'NONE',  #2765 ) ;
#1858 = DIRECTION ( 'NONE',  ( 1.000000000000000000, 0.000000000000000000, 0.000000000000000000 ) ) ;
#1859 = CARTESIAN_POINT ( 'NONE',  ( -4.824518969025145765, -3.147041245337481641, 12.00000000000000711 ) ) ;
#1860 = LINE ( 'NONE', #1638, #1968 ) ;
#1861 = CC_DESIGN_PERSON_AND_ORGANIZATION_ASSIGNMENT ( #10, #2534, ( #1736 ) ) ;
#1862 = VERTEX_POINT ( 'NONE', #1872 ) ;
#1863 = APPROVAL_STATUS ( 'not_yet_approved' ) ;
#1864 = EDGE_CURVE ( 'NONE', #1734, #753, #2052, .T. ) ;
#1865 = DIRECTION ( 'NONE',  ( 1.000000000000000000, 0.000000000000000000, 0.000000000000000000 ) ) ;
#1866 = CARTESIAN_POINT ( 'NONE',  ( 2.233182759024446185, -7.024924597046641850, 0.000000000000000000 ) ) ;
#1867 = CARTESIAN_POINT ( 'NONE',  ( 6.530671864658125436, -5.231638159394020882, 0.000000000000000000 ) ) ;
#1868 = SECURITY_CLASSIFICATION_LEVEL ( 'unclassified' ) ;
#1869 = VERTEX_POINT ( 'NONE', #557 ) ;
#1870 = CARTESIAN_POINT ( 'NONE',  ( 2.317644985623002363, -7.207163419353227241, 0.000000000000000000 ) ) ;
#1871 = CARTESIAN_POINT ( 'NONE',  ( -6.530671864760538625, -5.231638159654014686, 0.000000000000000000 ) ) ;
#1872 = CARTESIAN_POINT ( 'NONE',  ( 7.993670886075939563, 2.000000000000000000, -10.96894885826609922 ) ) ;
#1873 = CARTESIAN_POINT ( 'NONE',  ( -5.991008890419743160, -4.294704099738190450, 0.000000000000000000 ) ) ;
#1874 = ORIENTED_EDGE ( 'NONE', *, *, #2252, .F. ) ;
#1875 = CARTESIAN_POINT ( 'NONE',  ( 4.799971562413225534, -1.559605301985973247, 12.00000000000000355 ) ) ;
#1876 = DATE_AND_TIME ( #2019, #1447 ) ;
#1877 = CARTESIAN_POINT ( 'NONE',  ( 9.465876182014035578, 3.075649613638225865, 0.000000000000000000 ) ) ;
#1878 = AXIS2_PLACEMENT_3D ( 'NONE', #942, #710, #502 ) ;
#1879 = CC_DESIGN_PERSON_AND_ORGANIZATION_ASSIGNMENT ( #1507, #453, ( #366 ) ) ;
#1880 = APPLICATION_CONTEXT ( 'configuration controlled 3d designs of mechanical parts and assemblies' ) ;
#1881 = CARTESIAN_POINT ( 'NONE',  ( -6.993672153534667757, 4.594372933012287774, 12.00000000000000000 ) ) ;
#1882 = EDGE_CURVE ( 'NONE', #1646, #2736, #1885, .T. ) ;
#1883 = AXIS2_PLACEMENT_3D ( 'NONE', #2382, #867, #60 ) ;
#1884 = PRODUCT_DEFINITION_SHAPE ( 'NONE', 'NONE',  #2766 ) ;
#1885 = B_SPLINE_CURVE_WITH_KNOTS ( 'NONE', 3,
 ( #1403, #812, #2064, #1183 ),
 .UNSPECIFIED., .F., .F.,
 ( 4, 4 ),
 ( 0.000000000000000000, 1.170086868559896631 ),
 .UNSPECIFIED. ) ;
#1886 = CARTESIAN_POINT ( 'NONE',  ( -4.799971562413369419, -1.559605301985937054, 12.00000000000001776 ) ) ;
#1887 = CARTESIAN_POINT ( 'NONE',  ( -7.570614269378588723, -0.02291015667874116493, 0.000000000000000000 ) ) ;
#1888 = PERSON_AND_ORGANIZATION_ROLE ( 'design_supplier' ) ;
#1889 = APPROVAL_PERSON_ORGANIZATION ( #2286, #588, #1222 ) ;
#1890 = CARTESIAN_POINT ( 'NONE',  ( 6.236290550841929736, -4.450965751114215330, 0.000000000000000000 ) ) ;
#1891 = CARTESIAN_POINT ( 'NONE',  ( -5.472734944175701166, 3.988905485927053185, -0.000000000000000000 ) ) ;
#1892 = ORIENTED_EDGE ( 'NONE', *, *, #2347, .F. ) ;
#1893 = CARTESIAN_POINT ( 'NONE',  ( -2.506329113924055108, 13.50000000000000000, 10.69620253164558044 ) ) ;
#1894 = CARTESIAN_POINT ( 'NONE',  ( -2.053333403260143797, 5.381790948875208258, 11.99999999999999822 ) ) ;
#1895 = CARTESIAN_POINT ( 'NONE',  ( 2.361250188460723987, 7.192995230092972037, 11.99999999999999645 ) ) ;
#1896 = CARTESIAN_POINT ( 'NONE',  ( 11.99367088607593956, 14.00000000000000000, -1.803797468354420230 ) ) ;
#1897 = CARTESIAN_POINT ( 'NONE',  ( 2.645453300864630819E-14, -5.046988775295481844, 0.000000000000000000 ) ) ;
#1898 = CC_DESIGN_PERSON_AND_ORGANIZATION_ASSIGNMENT ( #1700, #1687, ( #466 ) ) ;
#1899 = DATE_AND_TIME ( #2346, #2016 ) ;
#1900 = CARTESIAN_POINT ( 'NONE',  ( -2.233182758817004565, 7.975075403754635417, 12.00000000000000000 ) ) ;
#1901 = DIRECTION ( 'NONE',  ( 1.000000000000000000, 0.000000000000000000, 0.000000000000000000 ) ) ;
#1902 = CARTESIAN_POINT ( 'NONE',  ( 4.332906349846322946, -8.519353938951395477, 12.00000000000000355 ) ) ;
#1903 = VERTEX_POINT ( 'NONE', #165 ) ;
#1904 = CARTESIAN_POINT ( 'NONE',  ( -4.799971562413360537, -1.559605301985931058, 11.99999999999999645 ) ) ;
#1905 = CARTESIAN_POINT ( 'NONE',  ( 2.082915758131441475, -6.443885216962724982, 12.00000000000000000 ) ) ;
#1906 = DIRECTION ( 'NONE',  ( 0.000000000000000000, 1.000000000000000000, 0.000000000000000000 ) ) ;
#1907 = VERTEX_POINT ( 'NONE', #969 ) ;
#1908 = CARTESIAN_POINT ( 'NONE',  ( -3.344043840211335272, -8.146349429696927658, 12.00000000000000000 ) ) ;
#1909 = MECHANICAL_CONTEXT ( 'NONE', #1880, 'mechanical' ) ;
#1910 = CC_DESIGN_PERSON_AND_ORGANIZATION_ASSIGNMENT ( #2598, #1100, ( #984 ) ) ;
#1911 = CARTESIAN_POINT ( 'NONE',  ( -6.236290550841554925, -4.450965751114441815, 12.00000000000000000 ) ) ;
#1912 = CARTESIAN_POINT ( 'NONE',  ( 4.824518969025302972, -3.147041245337506066, 12.00000000000000178 ) ) ;
#1913 = ORIENTED_EDGE ( 'NONE', *, *, #2216, .F. ) ;
#1914 = EDGE_CURVE ( 'NONE', #953, #2044, #375, .T. ) ;
#1915 =( REPRESENTATION_RELATIONSHIP ('NONE','NONE', #943, #398 ) REPRESENTATION_RELATIONSHIP_WITH_TRANSFORMATION ( #1599 )SHAPE_REPRESENTATION_RELATIONSHIP( ) );
#1916 = B_SPLINE_CURVE_WITH_KNOTS ( 'NONE', 3,
 ( #1461, #1606, #377, #350 ),
 .UNSPECIFIED., .F., .F.,
 ( 4, 4 ),
 ( 0.000000000000000000, 1.170086868559627957 ),
 .UNSPECIFIED. ) ;
#1917 = VERTEX_POINT ( 'NONE', #571 ) ;
#1918 = CARTESIAN_POINT ( 'NONE',  ( -7.570614269378592276, -0.02291015667874163678, 11.99999999999999822 ) ) ;
#1919 = CARTESIAN_POINT ( 'NONE',  ( -5.907343465493205770, -4.241403345659660928, 12.00000000000000355 ) ) ;
#1920 = VECTOR ( 'NONE', #672, 1000.000000000000000 ) ;
#1921 = CARTESIAN_POINT ( 'NONE',  ( -2.726950651943745196, -7.639514351464529618, 11.99999999999998224 ) ) ;
#1922 = AXIS2_PLACEMENT_3D ( 'NONE', #996, #2079, #1858 ) ;
#1923 = PERSON_AND_ORGANIZATION_ROLE ( 'creator' ) ;
#1924 = AXIS2_PLACEMENT_3D ( 'NONE', #1139, #692, #2602 ) ;
#1925 = CARTESIAN_POINT ( 'NONE',  ( -6.387725773860197798, -4.868748366796358695, 12.00000000000000000 ) ) ;
#1926 = CARTESIAN_POINT ( 'NONE',  ( 6.763445381126885536, -6.753463966749109204, 12.00000000000000533 ) ) ;
#1927 = LOCAL_TIME ( 20, 1, 47.00000000000000000, #646 ) ;
#1928 = ORIENTED_EDGE ( 'NONE', *, *, #2466, .T. ) ;
#1929 = APPROVAL_PERSON_ORGANIZATION ( #1997, #2162, #182 ) ;
#1930 = EDGE_CURVE ( 'NONE', #1326, #240, #359, .T. ) ;
#1931 = EDGE_LOOP ( 'NONE', ( #966, #1913, #2198, #1708, #944, #2406 ) ) ;
#1932 = CARTESIAN_POINT ( 'NONE',  ( -7.493692351462883039, 4.624955478445709645, 0.000000000000000000 ) ) ;
#1933 = CARTESIAN_POINT ( 'NONE',  ( -2.506329113924055108, 13.50000000000000000, 10.69620253164558044 ) ) ;
#1934 = EDGE_CURVE ( 'NONE', #2138, #1869, #2506, .T. ) ;
#1935 = ORIENTED_EDGE ( 'NONE', *, *, #931, .T. ) ;
#1936 = CARTESIAN_POINT ( 'NONE',  ( 5.935829879567855016, 4.370651491258982446, -0.000000000000000000 ) ) ;
#1937 = APPROVAL_ROLE ( '' ) ;
#1938 = CARTESIAN_POINT ( 'NONE',  ( -2.506329113924055108, 13.50000000000000000, 10.69620253164558044 ) ) ;
#1939 = CARTESIAN_POINT ( 'NONE',  ( 7.993670886075939563, 13.50000000000000000, -14.30379746835441956 ) ) ;
#1940 =( LENGTH_UNIT ( ) NAMED_UNIT ( * ) SI_UNIT ( .MILLI., .METRE. ) );
#1941 = CARTESIAN_POINT ( 'NONE',  ( 2.317644985622995257, -7.207163419353227241, 11.99999999999999289 ) ) ;
#1942 = VERTEX_POINT ( 'NONE', #596 ) ;
#1943 = DIRECTION ( 'NONE',  ( -0.000000000000000000, 1.000000000000000000, 0.000000000000000000 ) ) ;
#1944 = ORIENTED_EDGE ( 'NONE', *, *, #1281, .T. ) ;
#1945 = EDGE_CURVE ( 'NONE', #195, #1358, #1200, .T. ) ;
#1946 = CARTESIAN_POINT ( 'NONE',  ( 2.208344759784729217, 8.071116819863787484, 0.000000000000000000 ) ) ;
#1947 = B_SPLINE_CURVE_WITH_KNOTS ( 'NONE', 3,
 ( #2380, #477, #2165, #264 ),
 .UNSPECIFIED., .F., .F.,
 ( 4, 4 ),
 ( 0.000000000000000000, 1.170086868559896631 ),
 .UNSPECIFIED. ) ;
#1948 = PERSON_AND_ORGANIZATION_ROLE ( 'design_supplier' ) ;
#1949 = CARTESIAN_POINT ( 'NONE',  ( 4.483872434540851160, 3.615900976672866474, 11.99999999999999467 ) ) ;
#1950 = CARTESIAN_POINT ( 'NONE',  ( -2.306000219333798729, 7.693511175637147481, 0.000000000000000000 ) ) ;
#1951 = CARTESIAN_POINT ( 'NONE',  ( 3.344043840211336605, -8.146349429696927658, 12.00000000000000000 ) ) ;
#1952 = VERTEX_POINT ( 'NONE', #2490 ) ;
#1953 = CARTESIAN_POINT ( 'NONE',  ( 6.160239743473693075, 4.555640707412949908, 12.00000000000000000 ) ) ;
#1954 = ORIENTED_EDGE ( 'NONE', *, *, #1813, .F. ) ;
#1955 = DIRECTION ( 'NONE',  ( 0.000000000000000000, 1.000000000000000000, 0.000000000000000000 ) ) ;
#1956 = CC_DESIGN_PERSON_AND_ORGANIZATION_ASSIGNMENT ( #1766, #47, ( #604 ) ) ;
#1957 = ORIENTED_EDGE ( 'NONE', *, *, #1312, .T. ) ;
#1958 = CARTESIAN_POINT ( 'NONE',  ( -2.957494971647748105, -7.827703132443419420, 0.000000000000000000 ) ) ;
#1959 = EDGE_CURVE ( 'NONE', #2238, #915, #1109, .T. ) ;
#1960 = COORDINATED_UNIVERSAL_TIME_OFFSET ( 8, 0, .AHEAD. ) ;
#1961 = CARTESIAN_POINT ( 'NONE',  ( 2.284257538061052362, 7.783357719253966245, 12.00000000000000355 ) ) ;
#1962 = VECTOR ( 'NONE', #2639, 1000.000000000000000 ) ;
#1963 = CARTESIAN_POINT ( 'NONE',  ( 2.957494971739786038, -7.827703132519289397, 0.000000000000000000 ) ) ;
#1964 = EDGE_CURVE ( 'NONE', #2197, #279, #507, .T. ) ;
#1965 = ORIENTED_EDGE ( 'NONE', *, *, #685, .F. ) ;
#1966 = CIRCLE ( 'NONE', #2367, 2.281000000000001027 ) ;
#1967 = DIRECTION ( 'NONE',  ( 0.000000000000000000, 0.000000000000000000, 1.000000000000000000 ) ) ;
#1968 = VECTOR ( 'NONE', #986, 1000.000000000000000 ) ;
#1969 = CARTESIAN_POINT ( 'NONE',  ( 11.99367088607593956, 2.000000000000000000, 8.196202531645580436 ) ) ;
#1970 = PRODUCT_DEFINITION_FORMATION_WITH_SPECIFIED_SOURCE ( 'ä»', '', #366, .NOT_KNOWN. ) ;
#1971 = VERTEX_POINT ( 'NONE', #1715 ) ;
#1972 = LINE ( 'NONE', #89, #1962 ) ;
#1973 = PERSON_AND_ORGANIZATION_ROLE ( 'creator' ) ;
#1974 = PRODUCT_DEFINITION ( 'æœ', '', #2650, #1181 ) ;
#1975 = CARTESIAN_POINT ( 'NONE',  ( 5.472734944175834393, 3.988905485927471961, 12.00000000000000000 ) ) ;
#1976 = CARTESIAN_POINT ( 'NONE',  ( 29.49367088607594667, 15.00000000000000000, -14.30379746835441956 ) ) ;
#1977 = ORIENTED_EDGE ( 'NONE', *, *, #2539, .T. ) ;
#1978 = CARTESIAN_POINT ( 'NONE',  ( 11.49367088607593956, 2.000000000000000000, 0.6962025316455769941 ) ) ;
#1979 = CARTESIAN_POINT ( 'NONE',  ( 4.493670886075944892, 2.000000000000000000, -1.803797468354420230 ) ) ;
#1980 = ORIENTED_EDGE ( 'NONE', *, *, #2620, .F. ) ;
#1981 = VERTEX_POINT ( 'NONE', #2575 ) ;
#1982 = CARTESIAN_POINT ( 'NONE',  ( 6.696543290711863605, 4.577635562164165783, 0.000000000000000000 ) ) ;
#1983 = CARTESIAN_POINT ( 'NONE',  ( 8.108287476342528777, 0.2327317920795215767, 12.00000000000000355 ) ) ;
#1984 = COORDINATED_UNIVERSAL_TIME_OFFSET ( 8, 0, .AHEAD. ) ;
#1985 = CARTESIAN_POINT ( 'NONE',  ( -2.361237320893932345, 7.193002405491961682, 0.000000000000000000 ) ) ;
#1986 = FACE_OUTER_BOUND ( 'NONE', #94, .T. ) ;
#1987 = DIRECTION ( 'NONE',  ( 0.000000000000000000, 0.000000000000000000, 1.000000000000000000 ) ) ;
#1988 = CARTESIAN_POINT ( 'NONE',  ( 6.422935811018229302, -4.954223950520253439, 0.000000000000000000 ) ) ;
#1989 = ORIENTED_EDGE ( 'NONE', *, *, #323, .T. ) ;
#1990 = CARTESIAN_POINT ( 'NONE',  ( -8.358504278852750602, 0.3938515699128810610, 0.000000000000000000 ) ) ;
#1991 = CARTESIAN_POINT ( 'NONE',  ( -7.493692351462872381, 4.624955478445708756, 12.00000000000000178 ) ) ;
#1992 = EDGE_CURVE ( 'NONE', #478, #911, #848, .T. ) ;
#1993 = CARTESIAN_POINT ( 'NONE',  ( 6.894656006666354031, 4.588316846032623353, 12.00000000000000178 ) ) ;
#1994 = CARTESIAN_POINT ( 'NONE',  ( 2.306000219334031875, -7.306488824362877388, 12.00000000000000000 ) ) ;
#1995 = ORIENTED_EDGE ( 'NONE', *, *, #1710, .F. ) ;
#1996 = FACE_OUTER_BOUND ( 'NONE', #2175, .T. ) ;
#1997 = PERSON_AND_ORGANIZATION ( #2423, #602 ) ;
#1998 = CARTESIAN_POINT ( 'NONE',  ( -6.298936487484960267, -4.683415911144960475, 0.000000000000000000 ) ) ;
#1999 = CARTESIAN_POINT ( 'NONE',  ( 7.272175590818145352, -0.04088198260716122828, 0.000000000000000000 ) ) ;
#2000 = VECTOR ( 'NONE', #912, 1000.000000000000000 ) ;
#2001 = APPROVAL_STATUS ( 'not_yet_approved' ) ;
#2002 = CARTESIAN_POINT ( 'NONE',  ( 2.284257538061052806, 7.783357719253968021, 11.99999999999999467 ) ) ;
#2003 = PRODUCT_DEFINITION_SHAPE ( 'NONE', 'NONE',  #2233 ) ;
#2004 = ORIENTED_EDGE ( 'NONE', *, *, #668, .F. ) ;
#2005 = CIRCLE ( 'NONE', #1026, 2.281000000000000139 ) ;
#2006 = CARTESIAN_POINT ( 'NONE',  ( -6.160239743473717056, 4.555640707412454304, 0.000000000000000000 ) ) ;
#2007 = DIRECTION ( 'NONE',  ( 0.000000000000000000, 0.000000000000000000, 1.000000000000000000 ) ) ;
#2008 = ORIENTED_EDGE ( 'NONE', *, *, #1553, .T. ) ;
#2009 = AXIS2_PLACEMENT_3D ( 'NONE', #1386, #1943, #2593 ) ;
#2010 = CARTESIAN_POINT ( 'NONE',  ( 3.344043840211334828, -8.146349429696924105, 0.000000000000000000 ) ) ;
#2011 = B_SPLINE_CURVE_WITH_KNOTS ( 'NONE', 3,
 ( #2464, #393, #1649, #1622 ),
 .UNSPECIFIED., .F., .F.,
 ( 4, 4 ),
 ( 0.000000000000000000, 1.170086868559755855 ),
 .UNSPECIFIED. ) ;
#2012 = ADVANCED_FACE ( 'NONE', ( #220 ), #456, .F. ) ;
#2013 = AXIS2_PLACEMENT_3D ( 'NONE', #272, #2628, #102 ) ;
#2014 = VERTEX_POINT ( 'NONE', #870 ) ;
#2015 = ORIENTED_EDGE ( 'NONE', *, *, #665, .T. ) ;
#2016 = LOCAL_TIME ( 20, 1, 47.00000000000000000, #621 ) ;
#2017 = CARTESIAN_POINT ( 'NONE',  ( -2.506329113924055108, 13.50000000000000000, 0.6962025316455769941 ) ) ;
#2018 = SECURITY_CLASSIFICATION ( '', '', #1232 ) ;
#2019 = CALENDAR_DATE ( 2025, 8, 6 ) ;
#2020 = APPLICATION_CONTEXT ( 'configuration controlled 3d designs of mechanical parts and assemblies' ) ;
#2021 = CARTESIAN_POINT ( 'NONE',  ( -2.102506451816739119, 6.437519814721698097, 12.00000000000000000 ) ) ;
#2022 = FACE_OUTER_BOUND ( 'NONE', #922, .T. ) ;
#2023 = APPROVAL_ROLE ( '' ) ;
#2024 = CARTESIAN_POINT ( 'NONE',  ( 6.111289349561167761, 4.468430124432424044, 11.99999999999998579 ) ) ;
#2025 = ORIENTED_EDGE ( 'NONE', *, *, #150, .F. ) ;
#2026 = DIRECTION ( 'NONE',  ( 1.000000000000000000, 3.432394887416012196E-48, 2.275437079852600145E-32 ) ) ;
#2027 = PLANE ( 'NONE',  #758 ) ;
#2028 = CARTESIAN_POINT ( 'NONE',  ( -8.512945476436211578, 4.345483665702684739, 12.00000000000002132 ) ) ;
#2029 = EDGE_LOOP ( 'NONE', ( #2471, #2136, #58, #660 ) ) ;
#2030 = CARTESIAN_POINT ( 'NONE',  ( 4.408389392193384992, 6.067627457812251102, 12.00000000000000000 ) ) ;
#2031 = EDGE_CURVE ( 'NONE', #2623, #1406, #287, .T. ) ;
#2032 = CARTESIAN_POINT ( 'NONE',  ( -5.850233213782790820, -8.052155225990523135, 0.000000000000000000 ) ) ;
#2033 = CARTESIAN_POINT ( 'NONE',  ( 5.935829879567858569, 4.370651491258985111, 12.00000000000000000 ) ) ;
#2034 = DIRECTION ( 'NONE',  ( -0.7835495861965787734, -0.6213292572953333925, -3.666466946946888948E-16 ) ) ;
#2035 = EDGE_LOOP ( 'NONE', ( #740, #1463, #831, #129, #654, #1680 ) ) ;
#2036 = CARTESIAN_POINT ( 'NONE',  ( -5.484842658736537757, -3.972240646507759099, 12.00000000000000000 ) ) ;
#2037 = DIRECTION ( 'NONE',  ( 0.000000000000000000, 0.000000000000000000, 1.000000000000000000 ) ) ;
#2038 = CARTESIAN_POINT ( 'NONE',  ( 8.029557193585688424, 0.1842891645098989895, 12.00000000000000000 ) ) ;
#2039 = CARTESIAN_POINT ( 'NONE',  ( -5.752902267991386154, -0.2897712499215123749, 11.99999999999999289 ) ) ;
#2040 = PLANE ( 'NONE',  #594 ) ;
#2041 = CARTESIAN_POINT ( 'NONE',  ( -8.274838854705523161, 0.3405508163308291758, 12.00000000000000000 ) ) ;
#2042 = EDGE_CURVE ( 'NONE', #2363, #1081, #1578, .T. ) ;
#2043 = CARTESIAN_POINT ( 'NONE',  ( 9.465876182014032025, 3.075649613638229418, 12.00000000000002309 ) ) ;
#2044 = VERTEX_POINT ( 'NONE', #2370 ) ;
#2045 = PLANE ( 'NONE',  #2594 ) ;
#2046 = CARTESIAN_POINT ( 'NONE',  ( 4.408389392193487133, -6.067627457811999747, 12.00000000000000000 ) ) ;
#2047 = CARTESIAN_POINT ( 'NONE',  ( -1.502155732314624625, -5.560879430289272563, 12.00000000000000355 ) ) ;
#2048 = ADVANCED_BREP_SHAPE_REPRESENTATION ( '', ( #1243, #21 ), #555 ) ;
#2049 = CARTESIAN_POINT ( 'NONE',  ( 2.775557561562891351E-14, -5.046988775295467633, 0.000000000000000000 ) ) ;
#2050 = VECTOR ( 'NONE', #548, 1000.000000000000000 ) ;
#2051 = CARTESIAN_POINT ( 'NONE',  ( 2.966545570604282478, 4.083099689633554519, 0.000000000000000000 ) ) ;
#2052 = CIRCLE ( 'NONE', #196, 2.281000000000001027 ) ;
#2053 = CARTESIAN_POINT ( 'NONE',  ( 2.507714799693546937, -7.437899700421633398, 12.00000000000000888 ) ) ;
#2054 = DIRECTION ( 'NONE',  ( 0.000000000000000000, 1.000000000000000000, 0.000000000000000000 ) ) ;
#2055 = VECTOR ( 'NONE', #2204, 1000.000000000000000 ) ;
#2056 = CC_DESIGN_APPROVAL ( #1242, ( #2233 ) ) ;
#2057 = CARTESIAN_POINT ( 'NONE',  ( -3.344043840211339713, -8.146349429696929434, -0.000000000000000000 ) ) ;
#2058 = DIRECTION ( 'NONE',  ( 0.000000000000000000, 1.000000000000000000, 0.000000000000000000 ) ) ;
#2059 = SHAPE_DEFINITION_REPRESENTATION ( #1647, #398 ) ;
#2060 = VERTEX_POINT ( 'NONE', #1741 ) ;
#2061 = CC_DESIGN_PERSON_AND_ORGANIZATION_ASSIGNMENT ( #1422, #2266, ( #2650 ) ) ;
#2062 = CARTESIAN_POINT ( 'NONE',  ( 2.233182759024446185, -7.024924597046641850, 0.000000000000000000 ) ) ;
#2063 = CARTESIAN_POINT ( 'NONE',  ( 7.132923872213810412, -2.317627457812008185, 12.00000000000000000 ) ) ;
#2064 = CARTESIAN_POINT ( 'NONE',  ( 2.306000219333810275, 7.693511175637102184, 12.00000000000000000 ) ) ;
#2065 = CARTESIAN_POINT ( 'NONE',  ( -6.494314511372124343, -5.139339640982581336, 11.99999999999999822 ) ) ;
#2066 = ADVANCED_FACE ( 'NONE', ( #1800, #514 ), #483, .T. ) ;
#2067 = CARTESIAN_POINT ( 'NONE',  ( 2.208344759784730105, 8.071116819863791036, 0.000000000000000000 ) ) ;
#2068 = COORDINATED_UNIVERSAL_TIME_OFFSET ( 8, 0, .AHEAD. ) ;
#2069 = CARTESIAN_POINT ( 'NONE',  ( 4.483872434540835172, 3.615900976672861589, 11.99999999999998224 ) ) ;
#2070 = CARTESIAN_POINT ( 'NONE',  ( 4.799971562413226422, -1.559605301985975245, 0.000000000000000000 ) ) ;
#2071 = CARTESIAN_POINT ( 'NONE',  ( 8.358504278852747049, 0.3938515699128781189, 0.000000000000000000 ) ) ;
#2072 = CARTESIAN_POINT ( 'NONE',  ( 5.850233213782781938, -8.052155225990524912, 0.000000000000000000 ) ) ;
#2073 = CARTESIAN_POINT ( 'NONE',  ( -3.006329113924055108, 14.00000000000000000, -1.803797468354420230 ) ) ;
#2074 = PERSON_AND_ORGANIZATION_ROLE ( 'creator' ) ;
#2075 = CARTESIAN_POINT ( 'NONE',  ( -2.343130036895797907, 7.491379238793241413, 11.99999999999997513 ) ) ;
#2076 = ORIENTED_EDGE ( 'NONE', *, *, #234, .F. ) ;
#2077 = CARTESIAN_POINT ( 'NONE',  ( -2.233182758816828262, -7.024924596245810449, -0.000000000000000000 ) ) ;
#2078 = CARTESIAN_POINT ( 'NONE',  ( 5.859283812646879142, 4.307551783104790033, 0.000000000000000000 ) ) ;
#2079 = DIRECTION ( 'NONE',  ( 0.000000000000000000, 0.000000000000000000, 1.000000000000000000 ) ) ;
#2080 = CC_DESIGN_DATE_AND_TIME_ASSIGNMENT ( #1450, #2295, ( #112 ) ) ;
#2081 = CARTESIAN_POINT ( 'NONE',  ( -2.966545570604167903, 4.083099689633610474, 0.000000000000000000 ) ) ;
#2082 = CARTESIAN_POINT ( 'NONE',  ( 6.422935811018236407, -4.954223950520269426, 11.99999999999999645 ) ) ;
#2083 = ORIENTED_EDGE ( 'NONE', *, *, #1794, .F. ) ;
#2084 = B_SPLINE_CURVE_WITH_KNOTS ( 'NONE', 3,
 ( #787, #2341, #830, #2729 ),
 .UNSPECIFIED., .F., .F.,
 ( 4, 4 ),
 ( 0.000000000000000000, 1.170086868559896631 ),
 .UNSPECIFIED. ) ;
#2085 = EDGE_CURVE ( 'NONE', #426, #1310, #891, .T. ) ;
#2086 = PERSON_AND_ORGANIZATION_ROLE ( 'classification_officer' ) ;
#2087 = CARTESIAN_POINT ( 'NONE',  ( 7.570611421465326174, -0.02292461178216047279, 0.000000000000000000 ) ) ;
#2088 = CARTESIAN_POINT ( 'NONE',  ( -8.512945476436211578, 4.345483665702684739, 12.00000000000002132 ) ) ;
#2089 = CARTESIAN_POINT ( 'NONE',  ( -6.422946048514709183, -4.954215774865640576, 0.000000000000000000 ) ) ;
#2090 = CARTESIAN_POINT ( 'NONE',  ( -5.859283812647522183, 4.307551783104894838, 0.000000000000000000 ) ) ;
#2091 = EDGE_CURVE ( 'NONE', #1869, #929, #1365, .T. ) ;
#2092 = CARTESIAN_POINT ( 'NONE',  ( -2.880948904819274681, -7.764603424365499329, 12.00000000000000178 ) ) ;
#2093 = CARTESIAN_POINT ( 'NONE',  ( -8.781005085690722467, 0.6630142691165634705, -0.000000000000000000 ) ) ;
#2094 = PERSON_AND_ORGANIZATION ( #2562, #934 ) ;
#2095 = CARTESIAN_POINT ( 'NONE',  ( -3.006329113924055108, 2.000000000000000000, -11.80379746835441956 ) ) ;
#2096 = CARTESIAN_POINT ( 'NONE',  ( 1.502155732314765624, -5.560879430288991898, 0.000000000000000000 ) ) ;
#2097 = DIRECTION ( 'NONE',  ( 0.000000000000000000, 0.000000000000000000, -1.000000000000000000 ) ) ;
#2098 = CARTESIAN_POINT ( 'NONE',  ( -8.512945476436200920, 4.345483665702665199, 0.000000000000000000 ) ) ;
#2099 = ORIENTED_EDGE ( 'NONE', *, *, #2120, .T. ) ;
#2100 = AXIS2_PLACEMENT_3D ( 'NONE', #1979, #530, #86 ) ;
#2101 = EDGE_CURVE ( 'NONE', #2112, #1769, #1705, .T. ) ;
#2102 = CARTESIAN_POINT ( 'NONE',  ( -5.752902267991392371, -0.2897712499215197579, 0.000000000000000000 ) ) ;
#2103 = CIRCLE ( 'NONE', #2462, 2.281000000000001027 ) ;
#2104 = CARTESIAN_POINT ( 'NONE',  ( 7.661477064454585317, -0.06469268076317491456, 0.000000000000000000 ) ) ;
#2105 = AXIS2_PLACEMENT_3D ( 'NONE', #2153, #2365, #451 ) ;
#2106 = CARTESIAN_POINT ( 'NONE',  ( 7.848789467786630780, 0.08654109137163294718, 0.000000000000000000 ) ) ;
#2107 = AXIS2_PLACEMENT_3D ( 'NONE', #2564, #1509, #2144 ) ;
#2108 = PERSON_AND_ORGANIZATION ( #2562, #934 ) ;
#2109 = CARTESIAN_POINT ( 'NONE',  ( 5.991008889722119868, -4.294704099293352506, -0.000000000000000000 ) ) ;
#2110 = CARTESIAN_POINT ( 'NONE',  ( -7.272175590892507202, -0.04088198261208837725, 0.000000000000000000 ) ) ;
#2111 = CARTESIAN_POINT ( 'NONE',  ( -2.317659613296776389, -7.207161661006991515, 0.000000000000000000 ) ) ;
#2112 = VERTEX_POINT ( 'NONE', #2644 ) ;
#2113 = CARTESIAN_POINT ( 'NONE',  ( 6.714272332570423885, -5.697735100902650451, 12.00000000000000000 ) ) ;
#2114 = CARTESIAN_POINT ( 'NONE',  ( -1.502155732314625736, 9.439120569711022313, 12.00000000000000533 ) ) ;
#2115 = CARTESIAN_POINT ( 'NONE',  ( -2.233182758817002789, 7.975075403754638970, 0.000000000000000000 ) ) ;
#2116 = CARTESIAN_POINT ( 'NONE',  ( 1.502155732314764292, -5.560879430288996339, 12.00000000000001243 ) ) ;
#2117 = CARTESIAN_POINT ( 'NONE',  ( -6.604370679972648261, 4.570562234860815032, 0.000000000000000000 ) ) ;
#2118 = ORIENTED_EDGE ( 'NONE', *, *, #1506, .F. ) ;
#2119 = CARTESIAN_POINT ( 'NONE',  ( -5.991008890419743160, -4.294704099738190450, 12.00000000000000000 ) ) ;
#2120 = EDGE_CURVE ( 'NONE', #731, #2112, #2469, .T. ) ;
#2121 = PERSON_AND_ORGANIZATION_ROLE ( 'design_owner' ) ;
#2122 = CARTESIAN_POINT ( 'NONE',  ( 7.272175590818146240, -0.04088198260716124910, 0.000000000000000000 ) ) ;
#2123 = CARTESIAN_POINT ( 'NONE',  ( 2.880948904180680614, -7.764603423839081309, -0.000000000000000000 ) ) ;
#2124 = VERTEX_POINT ( 'NONE', #1999 ) ;
#2125 = ORIENTED_EDGE ( 'NONE', *, *, #641, .T. ) ;
#2126 = CARTESIAN_POINT ( 'NONE',  ( -5.484842658736543974, -3.972240646507763095, 12.00000000000000000 ) ) ;
#2127 = CARTESIAN_POINT ( 'NONE',  ( 29.49367088607594667, 15.00000000000000000, -14.30379746835441956 ) ) ;
#2128 = CARTESIAN_POINT ( 'NONE',  ( 9.465876182014008933, 3.075649613638228086, 0.000000000000000000 ) ) ;
#2129 = CARTESIAN_POINT ( 'NONE',  ( 2.233182759024220143, 7.975075402953394565, -0.000000000000000000 ) ) ;
#2130 = DATE_AND_TIME ( #1282, #381 ) ;
#2131 = CARTESIAN_POINT ( 'NONE',  ( -2.361237320893931013, 7.193002405491952800, 12.00000000000001599 ) ) ;
#2132 = ADVANCED_FACE ( 'NONE', ( #1986 ), #2386, .F. ) ;
#2133 = DIRECTION ( 'NONE',  ( 0.000000000000000000, 1.000000000000000000, 0.000000000000000000 ) ) ;
#2134 = CARTESIAN_POINT ( 'NONE',  ( -6.298936487484956714, -4.683415911144963140, 0.000000000000000000 ) ) ;
#2135 = ORIENTED_EDGE ( 'NONE', *, *, #2757, .F. ) ;
#2136 = ORIENTED_EDGE ( 'NONE', *, *, #855, .T. ) ;
#2137 = CARTESIAN_POINT ( 'NONE',  ( -6.993672153534667757, 4.594372933012287774, 12.00000000000000000 ) ) ;
#2138 = VERTEX_POINT ( 'NONE', #51 ) ;
#2139 = CARTESIAN_POINT ( 'NONE',  ( 2.053333403260022560, 5.381790948874995983, 0.000000000000000000 ) ) ;
#2140 = VECTOR ( 'NONE', #2752, 1000.000000000000000 ) ;
#2141 = APPLICATION_PROTOCOL_DEFINITION ( 'international standard', 'config_control_design', 1994, #34 ) ;
#2142 = AXIS2_PLACEMENT_3D ( 'NONE', #1334, #282, #1113 ) ;
#2143 = DIRECTION ( 'NONE',  ( 0.000000000000000000, 0.000000000000000000, -1.000000000000000000 ) ) ;
#2144 = DIRECTION ( 'NONE',  ( 0.000000000000000000, 0.000000000000000000, 1.000000000000000000 ) ) ;
#2145 = CARTESIAN_POINT ( 'NONE',  ( 6.714272332570423885, -5.697735100902650451, 12.00000000000000000 ) ) ;
#2146 = CC_DESIGN_PERSON_AND_ORGANIZATION_ASSIGNMENT ( #921, #1469, ( #1258 ) ) ;
#2147 = APPROVAL_PERSON_ORGANIZATION ( #806, #472, #2523 ) ;
#2148 = VERTEX_POINT ( 'NONE', #2659 ) ;
#2149 = APPROVAL_PERSON_ORGANIZATION ( #1071, #712, #511 ) ;
#2150 = ORIENTED_EDGE ( 'NONE', *, *, #668, .T. ) ;
#2151 = CARTESIAN_POINT ( 'NONE',  ( -9.465876182014046236, 3.075649613638219648, 0.000000000000000000 ) ) ;
#2152 = UNCERTAINTY_MEASURE_WITH_UNIT (LENGTH_MEASURE( 1.000000000000000082E-05 ), #2360, 'distance_accuracy_value', 'NONE');
#2153 = CARTESIAN_POINT ( 'NONE',  ( 2.452482661396970798E-13, -7.500000000000117240, 12.00000000000000000 ) ) ;
#2154 = CARTESIAN_POINT ( 'NONE',  ( 6.400658039661265342, 4.543412586211411863, 0.000000000000000000 ) ) ;
#2155 = PERSON_AND_ORGANIZATION_ROLE ( 'creator' ) ;
#2156 = CARTESIAN_POINT ( 'NONE',  ( 5.907343465566889051, -4.241403345706220129, 12.00000000000000000 ) ) ;
#2157 = DIRECTION ( 'NONE',  ( 0.000000000000000000, 1.000000000000000000, 0.000000000000000000 ) ) ;
#2158 =( NAMED_UNIT ( * ) SI_UNIT ( $, .STERADIAN. ) SOLID_ANGLE_UNIT ( ) );
#2159 = CARTESIAN_POINT ( 'NONE',  ( -6.763445381126885536, -6.753463966749097658, 0.000000000000000000 ) ) ;
#2160 = ORIENTED_EDGE ( 'NONE', *, *, #614, .T. ) ;
#2161 = CARTESIAN_POINT ( 'NONE',  ( 7.132923872213531524, 2.317627457812000191, 12.00000000000000000 ) ) ;
#2162 = APPROVAL ( #314, 'UNKNOWN' ) ;
#2163 = CARTESIAN_POINT ( 'NONE',  ( -6.894656005840294810, 4.588316845982099323, -0.000000000000000000 ) ) ;
#2164 = EDGE_CURVE ( 'NONE', #1731, #1313, #933, .T. ) ;
#2165 = CARTESIAN_POINT ( 'NONE',  ( 2.306000219333810275, 7.693511175637102184, 12.00000000000000000 ) ) ;
#2166 = ORIENTED_EDGE ( 'NONE', *, *, #722, .T. ) ;
#2167 = ORIENTED_EDGE ( 'NONE', *, *, #2638, .F. ) ;
#2168 = CARTESIAN_POINT ( 'NONE',  ( 2.082915758131442363, -6.443885216962727647, 12.00000000000000000 ) ) ;
#2169 = CARTESIAN_POINT ( 'NONE',  ( 5.472734944175829952, 3.988905485927467520, 0.000000000000000000 ) ) ;
#2170 = CALENDAR_DATE ( 2025, 8, 6 ) ;
#2171 = DIRECTION ( 'NONE',  ( -0.000000000000000000, -0.000000000000000000, -1.000000000000000000 ) ) ;
#2172 = DIRECTION ( 'NONE',  ( 0.000000000000000000, -1.000000000000000000, 0.000000000000000000 ) ) ;
#2173 = PLANE ( 'NONE',  #105 ) ;
#2174 = CARTESIAN_POINT ( 'NONE',  ( 6.138221854008099498, -4.431360712238819666, 0.000000000000000000 ) ) ;
#2175 = EDGE_LOOP ( 'NONE', ( #115, #2630, #521, #1274, #1520, #1067, #979, #175, #737, #1892, #318, #2632, #104, #2189, #1093, #70, #958, #708, #1954, #2416 ) ) ;
#2176 = CARTESIAN_POINT ( 'NONE',  ( -2.208344767702430822, 8.071116789248312884, 12.00000000000000000 ) ) ;
#2177 = FACE_OUTER_BOUND ( 'NONE', #2392, .T. ) ;
#2178 = CARTESIAN_POINT ( 'NONE',  ( -7.371191737761327190, -0.04693806959179976090, 12.00000000000000000 ) ) ;
#2179 = EDGE_LOOP ( 'NONE', ( #226, #2118, #2426, #636 ) ) ;
#2180 = CC_DESIGN_DATE_AND_TIME_ASSIGNMENT ( #1249, #2733, ( #466 ) ) ;
#2181 = CARTESIAN_POINT ( 'NONE',  ( 6.772155392964375409, -0.01029943717830813024, -0.000000000000000000 ) ) ;
#2182 = CARTESIAN_POINT ( 'NONE',  ( 7.848789467786627227, 0.08654109137163859544, 11.99999999999999822 ) ) ;
#2183 = MANIFOLD_SOLID_BREP ( '·ÅÑù1', #1339 ) ;
#2184 = DATE_TIME_ROLE ( 'creation_date' ) ;
#2185 = CIRCLE ( 'NONE', #2227, 2.281000000000000139 ) ;
#2186 = CARTESIAN_POINT ( 'NONE',  ( 5.935829879567858569, 4.370651491258985111, 12.00000000000000000 ) ) ;
#2187 = CARTESIAN_POINT ( 'NONE',  ( 11.99367088607593956, 13.50000000000000000, -1.803797468354420230 ) ) ;
#2188 = CARTESIAN_POINT ( 'NONE',  ( 0.000000000000000000, 0.000000000000000000, 0.000000000000000000 ) ) ;
#2189 = ORIENTED_EDGE ( 'NONE', *, *, #801, .F. ) ;
#2190 = VECTOR ( 'NONE', #401, 1000.000000000000000 ) ;
#2191 = DIRECTION ( 'NONE',  ( 0.000000000000000000, 0.000000000000000000, 1.000000000000000000 ) ) ;
#2192 = VECTOR ( 'NONE', #302, 1000.000000000000000 ) ;
#2193 = B_SPLINE_CURVE_WITH_KNOTS ( 'NONE', 3,
 ( #764, #1592, #1413, #1820 ),
 .UNSPECIFIED., .F., .F.,
 ( 4, 4 ),
 ( 0.000000000000000000, 1.170086868559664151 ),
 .UNSPECIFIED. ) ;
#2194 = FACE_OUTER_BOUND ( 'NONE', #1570, .T. ) ;
#2195 = CARTESIAN_POINT ( 'NONE',  ( 6.138221854008099498, -4.431360712238819666, 0.000000000000000000 ) ) ;
#2196 = LOCAL_TIME ( 20, 1, 47.00000000000000000, #2584 ) ;
#2197 = VERTEX_POINT ( 'NONE', #1547 ) ;
#2198 = ORIENTED_EDGE ( 'NONE', *, *, #2327, .F. ) ;
#2199 = CARTESIAN_POINT ( 'NONE',  ( -2.880948904819274681, -7.764603424365499329, 12.00000000000000178 ) ) ;
#2200 = CARTESIAN_POINT ( 'NONE',  ( 4.483872434540841390, 3.615900976672866474, 0.000000000000000000 ) ) ;
#2201 = SECURITY_CLASSIFICATION_LEVEL ( 'unclassified' ) ;
#2202 = CARTESIAN_POINT ( 'NONE',  ( 0.000000000000000000, 0.000000000000000000, 0.000000000000000000 ) ) ;
#2203 = EDGE_CURVE ( 'NONE', #1591, #2461, #971, .T. ) ;
#2204 = DIRECTION ( 'NONE',  ( 1.000000000000000000, 0.000000000000000000, 0.000000000000000000 ) ) ;
#2205 = ORIENTED_EDGE ( 'NONE', *, *, #1149, .F. ) ;
#2206 = CARTESIAN_POINT ( 'NONE',  ( 6.604370679972711322, 4.570562234860818585, 12.00000000000000000 ) ) ;
#2207 = CARTESIAN_POINT ( 'NONE',  ( 1.502155732314630399, 9.439120569711015207, 0.000000000000000000 ) ) ;
#2208 = ORIENTED_EDGE ( 'NONE', *, *, #340, .T. ) ;
#2209 = CARTESIAN_POINT ( 'NONE',  ( -2.208344767625415983, -6.928883210454961805, 0.000000000000000000 ) ) ;
#2210 = CARTESIAN_POINT ( 'NONE',  ( 2.208344767702614231, -6.928883210751566324, 12.00000000000000000 ) ) ;
#2211 = CARTESIAN_POINT ( 'NONE',  ( -7.570614269378583394, -0.02291015667874390926, 0.000000000000000000 ) ) ;
#2212 = CARTESIAN_POINT ( 'NONE',  ( -2.966545570604164350, 4.083099689633590934, 0.000000000000000000 ) ) ;
#2213 = DIRECTION ( 'NONE',  ( 0.000000000000000000, 0.000000000000000000, 1.000000000000000000 ) ) ;
#2214 = DIRECTION ( 'NONE',  ( 1.000000000000000000, 0.000000000000000000, 0.000000000000000000 ) ) ;
#2215 = ORIENTED_EDGE ( 'NONE', *, *, #1539, .T. ) ;
#2216 = EDGE_CURVE ( 'NONE', #210, #2238, #197, .T. ) ;
#2217 = CARTESIAN_POINT ( 'NONE',  ( -2.286106919623239531, 6.903616755961531126, 12.00000000000000178 ) ) ;
#2218 = CARTESIAN_POINT ( 'NONE',  ( -6.387725773860197798, -4.868748366796358695, 12.00000000000000000 ) ) ;
#2219 = DIRECTION ( 'NONE',  ( 0.000000000000000000, 0.000000000000000000, 1.000000000000000000 ) ) ;
#2220 = CARTESIAN_POINT ( 'NONE',  ( 5.935829879567853240, 4.370651491258980670, 12.00000000000000178 ) ) ;
#2221 = EDGE_LOOP ( 'NONE', ( #568, #1706, #16, #1431 ) ) ;
#2222 = CARTESIAN_POINT ( 'NONE',  ( -3.006329113924055108, 2.000000000000000000, 8.196202531645580436 ) ) ;
#2223 = COORDINATED_UNIVERSAL_TIME_OFFSET ( 8, 0, .AHEAD. ) ;
#2224 = CARTESIAN_POINT ( 'NONE',  ( 7.371191738586973408, -0.04693806964190170433, 12.00000000000000000 ) ) ;
#2225 = CARTESIAN_POINT ( 'NONE',  ( -4.483872434540645990, 3.615900976672636435, 12.00000000000000000 ) ) ;
#2226 = CARTESIAN_POINT ( 'NONE',  ( -5.859283812824874538, 4.307551783251092559, 12.00000000000000000 ) ) ;
#2227 = AXIS2_PLACEMENT_3D ( 'NONE', #1195, #1012, #2489 ) ;
#2228 = PERSON_AND_ORGANIZATION_ROLE ( 'design_owner' ) ;
#2229 = ORIENTED_EDGE ( 'NONE', *, *, #2101, .T. ) ;
#2230 = AXIS2_PLACEMENT_3D ( 'NONE', #2202, #1307, #704 ) ;
#2231 = FACE_OUTER_BOUND ( 'NONE', #1393, .T. ) ;
#2232 = CARTESIAN_POINT ( 'NONE',  ( 8.358504278852761260, 0.3938515699128857239, 12.00000000000000178 ) ) ;
#2233 = PRODUCT_DEFINITION ( 'æœ', '', #109, #1083 ) ;
#2234 = CARTESIAN_POINT ( 'NONE',  ( 6.993672153534665981, 4.594372933012287774, 12.00000000000000000 ) ) ;
#2235 = VECTOR ( 'NONE', #1428, 1000.000000000000000 ) ;
#2236 = AXIS2_PLACEMENT_3D ( 'NONE', #2675, #1782, #2214 ) ;
#2237 = ADVANCED_FACE ( 'NONE', ( #259 ), #1091, .F. ) ;
#2238 = VERTEX_POINT ( 'NONE', #497 ) ;
#2239 = APPROVAL_PERSON_ORGANIZATION ( #2626, #637, #2357 ) ;
#2240 = CARTESIAN_POINT ( 'NONE',  ( -2.306000219333798729, 7.693511175637147481, 12.00000000000000000 ) ) ;
#2241 = CARTESIAN_POINT ( 'NONE',  ( -8.781005085690722467, 0.6630142691165634705, -0.000000000000000000 ) ) ;
#2242 = CARTESIAN_POINT ( 'NONE',  ( -1.502155732314625958, 9.439120569711024089, 0.000000000000000000 ) ) ;
#2243 = ORIENTED_EDGE ( 'NONE', *, *, #949, .F. ) ;
#2244 = CARTESIAN_POINT ( 'NONE',  ( -5.991008890419749378, -4.294704099738194003, 0.000000000000000000 ) ) ;
#2245 = UNCERTAINTY_MEASURE_WITH_UNIT (LENGTH_MEASURE( 1.000000000000000082E-05 ), #1619, 'distance_accuracy_value', 'NONE');
#2246 = DIRECTION ( 'NONE',  ( 0.000000000000000000, 0.000000000000000000, 1.000000000000000000 ) ) ;
#2247 = CARTESIAN_POINT ( 'NONE',  ( 7.661477064454585317, -0.06469268076317491456, 12.00000000000000000 ) ) ;
#2248 = CARTESIAN_POINT ( 'NONE',  ( -2.284244450223207767, 7.783358316048084369, 0.000000000000000000 ) ) ;
#2249 = CARTESIAN_POINT ( 'NONE',  ( -2.726950651943749637, -7.639514351464526065, 0.000000000000000000 ) ) ;
#2250 =( REPRESENTATION_RELATIONSHIP ('NONE','NONE', #943, #1218 ) REPRESENTATION_RELATIONSHIP_WITH_TRANSFORMATION ( #1363 )SHAPE_REPRESENTATION_RELATIONSHIP( ) );
#2251 = EDGE_LOOP ( 'NONE', ( #1989, #2135, #75, #1360 ) ) ;
#2252 = EDGE_CURVE ( 'NONE', #1981, #2681, #1438, .T. ) ;
#2253 = LINE ( 'NONE', #1376, #551 ) ;
#2254 = CARTESIAN_POINT ( 'NONE',  ( -2.053333403260152679, 5.381790948875194935, 11.99999999999999645 ) ) ;
#2255 = CARTESIAN_POINT ( 'NONE',  ( 2.361250188460722210, 7.192995230092974701, 12.00000000000000355 ) ) ;
#2256 = CALENDAR_DATE ( 2025, 8, 6 ) ;
#2257 = ORIENTED_EDGE ( 'NONE', *, *, #1370, .F. ) ;
#2258 = CARTESIAN_POINT ( 'NONE',  ( 11.49367088607593956, 13.50000000000000000, 0.6962025316455769941 ) ) ;
#2259 = CARTESIAN_POINT ( 'NONE',  ( -20.50632911392404623, 15.00000000000000000, -14.30379746835441956 ) ) ;
#2260 = CARTESIAN_POINT ( 'NONE',  ( -8.274838854705524938, 0.3405508163308300085, 0.000000000000000000 ) ) ;
#2261 = CARTESIAN_POINT ( 'NONE',  ( 6.400658039661268894, 4.543412586211411863, 0.000000000000000000 ) ) ;
#2262 = CARTESIAN_POINT ( 'NONE',  ( -2.306000219333572243, -7.306488824363275292, 0.000000000000000000 ) ) ;
#2263 = CC_DESIGN_DATE_AND_TIME_ASSIGNMENT ( #736, #2460, ( #1974 ) ) ;
#2264 = CARTESIAN_POINT ( 'NONE',  ( -6.400671641935995915, 4.543389483881964175, 11.99999999999999467 ) ) ;
#2265 = CARTESIAN_POINT ( 'NONE',  ( 2.284257538061052362, 7.783357719253966245, 12.00000000000000355 ) ) ;
#2266 = PERSON_AND_ORGANIZATION_ROLE ( 'design_supplier' ) ;
#2267 = ORIENTED_EDGE ( 'NONE', *, *, #1553, .F. ) ;
#2268 = CARTESIAN_POINT ( 'NONE',  ( -2.726950651943751414, -7.639514351464529618, 0.000000000000000000 ) ) ;
#2269 = CARTESIAN_POINT ( 'NONE',  ( -7.272175590768164000, -0.04088198260448330790, 11.99999999999999645 ) ) ;
#2270 = VECTOR ( 'NONE', #2651, 1000.000000000000000 ) ;
#2271 = DIRECTION ( 'NONE',  ( 0.000000000000000000, -1.000000000000000000, 0.000000000000000000 ) ) ;
#2272 = CARTESIAN_POINT ( 'NONE',  ( 2.957494971740006751, -7.827703132519469698, 11.99999999999999822 ) ) ;
#2273 = CARTESIAN_POINT ( 'NONE',  ( -6.763445381126882872, -6.753463966749075453, 11.99999999999998046 ) ) ;
#2274 = CIRCLE ( 'NONE', #1107, 2.281000000000000139 ) ;
#2275 = CARTESIAN_POINT ( 'NONE',  ( 7.848789467786627227, 0.08654109137163859544, 11.99999999999999822 ) ) ;
#2276 = AXIS2_PLACEMENT_3D ( 'NONE', #2366, #1585, #141 ) ;
#2277 = CALENDAR_DATE ( 2025, 8, 6 ) ;
#2278 = CARTESIAN_POINT ( 'NONE',  ( -2.322464272711822542, 6.995915273871762707, 12.00000000000000178 ) ) ;
#2279 = B_SPLINE_CURVE_WITH_KNOTS ( 'NONE', 3,
 ( #946, #1598, #1812, #756 ),
 .UNSPECIFIED., .F., .F.,
 ( 4, 4 ),
 ( 0.000000000000000000, 1.170086868559627957 ),
 .UNSPECIFIED. ) ;
#2280 = DIRECTION ( 'NONE',  ( -0.000000000000000000, -0.000000000000000000, -1.000000000000000000 ) ) ;
#2281 = LOCAL_TIME ( 20, 1, 47.00000000000000000, #1753 ) ;
#2282 = APPROVAL ( #2670, 'æœª' ) ;
#2283 = CC_DESIGN_APPROVAL ( #2669, ( #726 ) ) ;
#2284 = CARTESIAN_POINT ( 'NONE',  ( 2.082915758131442363, -6.443885216962727647, 12.00000000000000000 ) ) ;
#2285 = CARTESIAN_POINT ( 'NONE',  ( -2.343130036895798352, 7.491379238793244966, 0.000000000000000000 ) ) ;
#2286 = PERSON_AND_ORGANIZATION ( #2562, #934 ) ;
#2287 = ORIENTED_EDGE ( 'NONE', *, *, #591, .F. ) ;
#2288 = CARTESIAN_POINT ( 'NONE',  ( -7.493692351462883039, 4.624955478445708756, 12.00000000000000000 ) ) ;
#2289 = EDGE_CURVE ( 'NONE', #2590, #2623, #439, .T. ) ;
#2290 = DIRECTION ( 'NONE',  ( 1.000000000000000000, 0.000000000000000000, 0.000000000000000000 ) ) ;
#2291 = CARTESIAN_POINT ( 'NONE',  ( 2.656539040913401539, -7.579614208211558513, 0.000000000000000000 ) ) ;
#2292 = CARTESIAN_POINT ( 'NONE',  ( -2.233182758816827818, -7.024924596245807784, 12.00000000000000000 ) ) ;
#2293 = CARTESIAN_POINT ( 'NONE',  ( -2.317659613296776389, -7.207161661006991515, 0.000000000000000000 ) ) ;
#2294 = CARTESIAN_POINT ( 'NONE',  ( 2.343103861940801558, 7.491385036312878221, 0.000000000000000000 ) ) ;
#2295 = DATE_TIME_ROLE ( 'classification_date' ) ;
#2296 = CARTESIAN_POINT ( 'NONE',  ( 7.371191738586982289, -0.04693806964190226638, 0.000000000000000000 ) ) ;
#2297 = CARTESIAN_POINT ( 'NONE',  ( 2.082915758131235417, 8.556114783037306992, 0.000000000000000000 ) ) ;
#2298 = PLANE ( 'NONE',  #1068 ) ;
#2299 = CARTESIAN_POINT ( 'NONE',  ( -2.507690216013501949, -7.437910395382269613, 12.00000000000001421 ) ) ;
#2300 = CARTESIAN_POINT ( 'NONE',  ( -7.848792042523779600, 0.08651440597800473531, 0.000000000000000000 ) ) ;
#2301 = APPROVAL_STATUS ( 'not_yet_approved' ) ;
#2302 = CARTESIAN_POINT ( 'NONE',  ( -2.102506451816741784, 6.437519814721704314, 12.00000000000000000 ) ) ;
#2303 = CARTESIAN_POINT ( 'NONE',  ( -3.344043840211339713, -8.146349429696929434, -0.000000000000000000 ) ) ;
#2304 = CARTESIAN_POINT ( 'NONE',  ( 0.9936708860759440043, 13.50000000000000000, -14.30379746835441956 ) ) ;
#2305 = DIRECTION ( 'NONE',  ( 0.000000000000000000, 0.000000000000000000, 1.000000000000000000 ) ) ;
#2306 = CARTESIAN_POINT ( 'NONE',  ( -2.317659613296777277, -7.207161661007003062, 12.00000000000000888 ) ) ;
#2307 = EDGE_CURVE ( 'NONE', #2060, #929, #1338, .T. ) ;
#2308 = VERTEX_POINT ( 'NONE', #1768 ) ;
#2309 = APPLICATION_CONTEXT ( 'configuration controlled 3d designs of mechanical parts and assemblies' ) ;
#2310 = ADVANCED_FACE ( 'NONE', ( #1562 ), #2413, .F. ) ;
#2311 = CARTESIAN_POINT ( 'NONE',  ( -2.966545570604171456, 4.083099689633597151, 11.99999999999998757 ) ) ;
#2312 = CARTESIAN_POINT ( 'NONE',  ( 7.570611421465326174, -0.02292461178216047279, 0.000000000000000000 ) ) ;
#2313 = CARTESIAN_POINT ( 'NONE',  ( -8.358504278852752378, 0.3938515699128833369, 0.000000000000000000 ) ) ;
#2314 = CARTESIAN_POINT ( 'NONE',  ( 4.799971562413223758, -1.559605301985985903, 0.000000000000000000 ) ) ;
#2315 = CALENDAR_DATE ( 2025, 8, 6 ) ;
#2316 = CARTESIAN_POINT ( 'NONE',  ( 2.208344767702428602, 8.071116789248321766, 0.000000000000000000 ) ) ;
#2317 = B_SPLINE_SURFACE_WITH_KNOTS ( 'NONE', 3, 1, ( 
 ( #2067, #168 ),
 ( #2297, #1234 ),
 ( #399, #2088 ),
 ( #185, #820 ),
 ( #1047, #2531 ),
 ( #1264, #617 ),
 ( #2115, #212 ),
 ( #2697, #771 ),
 ( #1626, #489 ),
 ( #2608, #1918 ),
 ( #1503, #2178 ),
 ( #874, #1732 ),
 ( #842, #2592 ),
 ( #277, #1904 ),
 ( #2551, #1525 ),
 ( #639, #2126 ),
 ( #56, #2379 ),
 ( #18, #476 ),
 ( #2579, #1493 ),
 ( #1315, #1709 ),
 ( #2163, #2340 ),
 ( #1932, #31 ),
 ( #1301, #1095 ),
 ( #2151, #251 ),
 ( #440, #1277 ),
 ( #1060, #888 ),
 ( #2567, #450 ),
 ( #652, #2353 ),
 ( #1289, #1747 ),
 ( #2211, #1004 ),
 ( #2755, #198 ),
 ( #2728, #1684 ),
 ( #2102, #1037 ),
 ( #1265, #2326 ),
 ( #2516, #2116 ),
 ( #1048, #1905 ),
 ( #1851, #1695 ),
 ( #6, #1452 ),
 ( #2552, #2053 ),
 ( #2089, #186 ),
 ( #2751, #159 ),
 ( #989, #1541 ),
 ( #252, #2391 ),
 ( #1761, #2621 ),
 ( #2569, #237 ),
 ( #662, #2113 ),
 ( #209, #560 ),
 ( #2249, #2082 ),
 ( #1637, #2710 ),
 ( #2293, #1015 ),
 ( #2468, #2741 ),
 ( #2492, #2694 ),
 ( #769, #1823 ),
 ( #2049, #998 ),
 ( #2450, #543 ),
 ( #352, #2482 ),
 ( #1379, #2224 ),
 ( #2671, #1262 ),
 ( #2665, #1314 ),
 ( #55, #1569 ),
 ( #2607, #1147 ),
 ( #2010, #1540 ),
 ( #1808, #503 ),
 ( #2633, #2390 ),
 ( #1329, #1108 ),
 ( #311, #1134 ),
 ( #263, #1993 ),
 ( #697, #531 ),
 ( #711, #1344 ),
 ( #2195, #296 ),
 ( #2421, #2220 ),
 ( #98, #926 ),
 ( #2695, #1036 ),
 ( #2070, #1003 ),
 ( #988, #2749 ),
 ( #1186, #601 ),
 ( #1451, #184 ),
 ( #2312, #1895 ),
 ( #829, #2763 ),
 ( #1683, #2002 ),
 ( #1802, #103 ),
 ( #1163, #122 ),
 ( #217, #2544 ),
 ( #631, #2559 ),
 ( #622, #1441 ),
 ( #2735, #1645 ),
 ( #824, #1900 ),
 ( #2348, #418 ),
 ( #1250, #2075 ),
 ( #807, #2131 ),
 ( #1664, #230 ),
 ( #1457, #2302 ),
 ( #407, #834 ),
 ( #2456, #344 ),
 ( #2470, #2425 ),
 ( #1762, #1556 ),
 ( #46, #1724 ),
 ( #2582, #215 ),
 ( #256, #1482 ),
 ( #645, #1088 ),
 ( #2129, #1051 ),
 ( #1737, #2383 ) ),
 .UNSPECIFIED., .T., .F., .F.,
 ( 4, 1, 1, 1, 2, 1, 1, 1, 2, 1, 1, 1, 2, 1, 1, 1, 2, 1, 1, 1, 2, 1, 1, 1, 2, 1, 1, 1, 2, 1, 1, 1, 2, 1, 1, 1, 2, 1, 1, 1, 2, 1, 1, 1, 2, 1, 1, 1, 2, 1, 1, 1, 2, 1, 1, 1, 2, 1, 1, 1, 2, 1, 1, 1, 2, 1, 1, 1, 2, 1, 1, 1, 2, 1, 1, 1, 2, 1, 1, 1, 4 ),
 ( 2, 2 ),
 ( 0.000000000000000000, 0.02086768923310218168, 0.04173537846620436337, 0.06260306769930654158, 0.08347075693240872674, 0.08760306741796972108, 0.09173537790353071542, 0.09586768838909170976, 0.09999999887465270410, 0.1208676881077558607, 0.1417353773408590034, 0.1626030665739621461, 0.1834707558070652889, 0.1876030668552989000, 0.1917353779035325112, 0.1958676889517661501, 0.1999999999999997613, 0.2208676892331019326, 0.2417353784662041316, 0.2626030676993063029, 0.2834707569324084742, 0.2876030674179692603, 0.2917353779035299910, 0.2958676883890907217, 0.2999999988746515633, 0.3208676881077546783, 0.3417353773408577933, 0.3626030665739610193, 0.3834707558070641342, 0.3876030668552974401, 0.3917353779035308570, 0.3958676889517641628, 0.3999999999999974687, 0.4208676892330996400, 0.4417353784662018112, 0.4626030676993039825, 0.4834707569324061538, 0.4876030674179669955, 0.4917353779035279482, 0.4958676883890887899, 0.4999999988746497426, 0.5208676881077528575, 0.5417353773408559725, 0.5626030665739591985, 0.5834707558070623135, 0.5876030668552957303, 0.5917353779035293693, 0.5958676889517627862, 0.5999999999999963141, 0.6208676892330985408, 0.6417353784662007676, 0.6626030676993028834, 0.6834707569324051102, 0.6876030674179660629, 0.6917353779035269046, 0.6958676883890879683, 0.6999999988746489210, 0.7208676881077520360, 0.7417353773408550399, 0.7626030665739583769, 0.7834707558070614919, 0.7876030668552953529, 0.7917353779035292138, 0.7958676889517631858, 0.7999999999999970468, 0.8208676892330992736, 0.8417353784662013894, 0.8626030676993036161, 0.8834707569324058429, 0.8876030674179671287, 0.8917353779035284145, 0.8958676883890894782, 0.8999999988746509860, 0.9208676881077541010, 0.9417353773408572160, 0.9626030665739603309, 0.9834707558070634459, 0.9876030668552975289, 0.9917353779035318340, 0.9958676889517659170, 1.000000000000000000 ),
 ( 0.000000000000000000, 1.000000000000000000 ),
 .UNSPECIFIED. ) ;
#2318 = CARTESIAN_POINT ( 'NONE',  ( -7.371191737761324525, -0.04693806959179953192, 12.00000000000000000 ) ) ;
#2319 = CARTESIAN_POINT ( 'NONE',  ( -6.387725773860197798, -4.868748366796358695, 0.000000000000000000 ) ) ;
#2320 = DIRECTION ( 'NONE',  ( 0.000000000000000000, 1.000000000000000000, 0.000000000000000000 ) ) ;
#2321 = CARTESIAN_POINT ( 'NONE',  ( -6.138228046494666579, -4.431347343853155429, 0.000000000000000000 ) ) ;
#2322 = VERTEX_POINT ( 'NONE', #2226 ) ;
#2323 = DIRECTION ( 'NONE',  ( -1.000000000000000000, 1.239088197126289831E-16, 0.000000000000000000 ) ) ;
#2324 = APPROVAL ( #880, 'æœª' ) ;
#2325 = AXIS2_PLACEMENT_3D ( 'NONE', #887, #686, #1967 ) ;
#2326 = CARTESIAN_POINT ( 'NONE',  ( 2.602085213965210642E-14, -5.046988775295465857, 11.99999999999997513 ) ) ;
#2327 = EDGE_CURVE ( 'NONE', #1769, #210, #241, .T. ) ;
#2328 = DIRECTION ( 'NONE',  ( 0.000000000000000000, 0.000000000000000000, -1.000000000000000000 ) ) ;
#2329 = EDGE_LOOP ( 'NONE', ( #1319, #849, #791, #579 ) ) ;
#2330 = ORIENTED_EDGE ( 'NONE', *, *, #1229, .F. ) ;
#2331 = VECTOR ( 'NONE', #1061, 1000.000000000000000 ) ;
#2332 = CARTESIAN_POINT ( 'NONE',  ( 2.082915758131441919, -6.443885216962726759, -0.000000000000000000 ) ) ;
#2333 = VECTOR ( 'NONE', #959, 1000.000000000000000 ) ;
#2334 = PERSON_AND_ORGANIZATION ( #2562, #934 ) ;
#2335 = LOCAL_TIME ( 20, 1, 47.00000000000000000, #1778 ) ;
#2336 = CARTESIAN_POINT ( 'NONE',  ( -2.317659613296777277, -7.207161661007002174, 11.99999999999999112 ) ) ;
#2337 = CARTESIAN_POINT ( 'NONE',  ( 7.993670886075939563, 2.000000000000000000, 10.69720253164557988 ) ) ;
#2338 = ORIENTED_EDGE ( 'NONE', *, *, #2164, .F. ) ;
#2339 = ORIENTED_EDGE ( 'NONE', *, *, #1437, .T. ) ;
#2340 = CARTESIAN_POINT ( 'NONE',  ( -6.494314511372124343, -5.139339640982581336, 11.99999999999999822 ) ) ;
#2341 = CARTESIAN_POINT ( 'NONE',  ( 2.429053010526672551, 7.266506548827921463, 0.000000000000000000 ) ) ;
#2342 = ORIENTED_EDGE ( 'NONE', *, *, #1773, .T. ) ;
#2343 = ORIENTED_EDGE ( 'NONE', *, *, #749, .T. ) ;
#2344 = EDGE_CURVE ( 'NONE', #2681, #619, #1837, .T. ) ;
#2345 = CARTESIAN_POINT ( 'NONE',  ( -5.484842658736537757, -3.972240646507759099, 12.00000000000000000 ) ) ;
#2346 = CALENDAR_DATE ( 2025, 8, 6 ) ;
#2347 = EDGE_CURVE ( 'NONE', #308, #1591, #428, .T. ) ;
#2348 = CARTESIAN_POINT ( 'NONE',  ( 6.696543290711860053, 4.577635562164165783, 0.000000000000000000 ) ) ;
#2349 = CARTESIAN_POINT ( 'NONE',  ( 11.49367088607593956, 13.50000000000000000, 10.69620253164558044 ) ) ;
#2350 = CARTESIAN_POINT ( 'NONE',  ( 5.850233213782775721, -8.052155225990523135, 11.99999999999999645 ) ) ;
#2351 = ORIENTED_EDGE ( 'NONE', *, *, #266, .F. ) ;
#2352 = ORIENTED_EDGE ( 'NONE', *, *, #204, .T. ) ;
#2353 = CARTESIAN_POINT ( 'NONE',  ( -2.726950651943752746, -7.639514351464538500, 11.99999999999999645 ) ) ;
#2354 = B_SPLINE_CURVE_WITH_KNOTS ( 'NONE', 3,
 ( #2210, #1994, #1227, #2272 ),
 .UNSPECIFIED., .F., .F.,
 ( 4, 4 ),
 ( 0.000000000000000000, 1.170086868559685245 ),
 .UNSPECIFIED. ) ;
#2355 = CARTESIAN_POINT ( 'NONE',  ( 8.358504278852761260, 0.3938515699128857239, 12.00000000000000178 ) ) ;
#2356 = CARTESIAN_POINT ( 'NONE',  ( 2.343103861940801558, 7.491385036312878221, 0.000000000000000000 ) ) ;
#2357 = APPROVAL_ROLE ( '' ) ;
#2358 = CARTESIAN_POINT ( 'NONE',  ( -8.029557193585752373, 0.1842891645099402342, 0.000000000000000000 ) ) ;
#2359 = CARTESIAN_POINT ( 'NONE',  ( 0.000000000000000000, 7.500000000000000000, 12.00000000000000000 ) ) ;
#2360 =( LENGTH_UNIT ( ) NAMED_UNIT ( * ) SI_UNIT ( .MILLI., .METRE. ) );
#2361 = CARTESIAN_POINT ( 'NONE',  ( -3.344043840211337937, -8.146349429696927658, -0.000000000000000000 ) ) ;
#2362 = B_SPLINE_CURVE_WITH_KNOTS ( 'NONE', 3,
 ( #2679, #913, #1583, #1807 ),
 .UNSPECIFIED., .F., .F.,
 ( 4, 4 ),
 ( 0.000000000000000000, 1.170086868559491178 ),
 .UNSPECIFIED. ) ;
#2363 = VERTEX_POINT ( 'NONE', #173 ) ;
#2364 = EDGE_LOOP ( 'NONE', ( #2215, #797, #2150, #890, #1757, #1401, #593, #2487, #179, #2617, #866, #1557, #485, #925, #1331, #2660, #248, #505, #2008, #499 ) ) ;
#2365 = DIRECTION ( 'NONE',  ( -0.000000000000000000, -0.000000000000000000, -1.000000000000000000 ) ) ;
#2366 = CARTESIAN_POINT ( 'NONE',  ( -20.50632911392404623, 15.00000000000000000, -14.30379746835441956 ) ) ;
#2367 = AXIS2_PLACEMENT_3D ( 'NONE', #1453, #2280, #1266 ) ;
#2368 = COORDINATED_UNIVERSAL_TIME_OFFSET ( 8, 0, .AHEAD. ) ;
#2369 = CARTESIAN_POINT ( 'NONE',  ( 6.400658039661260013, 4.543412586211410975, 11.99999999999998934 ) ) ;
#2370 = CARTESIAN_POINT ( 'NONE',  ( 6.993672153534662428, 4.594372933012287774, 0.000000000000000000 ) ) ;
#2371 =( NAMED_UNIT ( * ) PLANE_ANGLE_UNIT ( ) SI_UNIT ( $, .RADIAN. ) );
#2372 = CARTESIAN_POINT ( 'NONE',  ( 6.772155392964375409, -0.01029943717830812504, 12.00000000000000000 ) ) ;
#2373 = LOCAL_TIME ( 20, 1, 47.00000000000000000, #1662 ) ;
#2374 = VERTEX_POINT ( 'NONE', #1867 ) ;
#2375 = ADVANCED_FACE ( 'NONE', ( #2022 ), #1625, .T. ) ;
#2376 = CARTESIAN_POINT ( 'NONE',  ( -2.286106919624192990, 6.903616755963953189, 0.000000000000000000 ) ) ;
#2377 = CARTESIAN_POINT ( 'NONE',  ( -3.006329113924055108, 2.000000000000000000, -11.80379746835441956 ) ) ;
#2378 = CARTESIAN_POINT ( 'NONE',  ( 29.49367088607594667, 15.00000000000000000, 10.69620253164558044 ) ) ;
#2379 = CARTESIAN_POINT ( 'NONE',  ( -5.991008890419749378, -4.294704099738194003, 11.99999999999999822 ) ) ;
#2380 = CARTESIAN_POINT ( 'NONE',  ( 2.286106919590973785, 6.903616755880470635, 12.00000000000000178 ) ) ;
#2381 = VERTEX_POINT ( 'NONE', #180 ) ;
#2382 = CARTESIAN_POINT ( 'NONE',  ( 4.408389392193487133, -6.067627457811999747, 0.000000000000000000 ) ) ;
#2383 = CARTESIAN_POINT ( 'NONE',  ( -6.993672185098409599, 4.594372934942809295, 12.00000000000000000 ) ) ;
#2384 = PERSON_AND_ORGANIZATION ( #2562, #934 ) ;
#2385 = CARTESIAN_POINT ( 'NONE',  ( 2.361250188460722210, 7.192995230092974701, 12.00000000000000355 ) ) ;
#2386 = CYLINDRICAL_SURFACE ( 'NONE', #2750, 10.00000000000000000 ) ;
#2387 = ORIENTED_EDGE ( 'NONE', *, *, #2634, .F. ) ;
#2388 = CARTESIAN_POINT ( 'NONE',  ( 11.99367088607593956, 2.000000000000000000, -11.80379746835441956 ) ) ;
#2389 = EDGE_CURVE ( 'NONE', #1384, #1917, #2647, .T. ) ;
#2390 = CARTESIAN_POINT ( 'NONE',  ( 9.465876182014024920, 3.075649613638232083, 12.00000000000000000 ) ) ;
#2391 = CARTESIAN_POINT ( 'NONE',  ( 4.332906349846322946, -8.519353938951395477, 12.00000000000000355 ) ) ;
#2392 = EDGE_LOOP ( 'NONE', ( #2529, #2342, #2636, #2166, #1018, #1995, #2160, #201, #1719, #208, #661, #2351 ) ) ;
#2393 = ORIENTED_EDGE ( 'NONE', *, *, #1539, .F. ) ;
#2394 = CARTESIAN_POINT ( 'NONE',  ( 2.880948904180681058, -7.764603423839082197, 11.99999999999999822 ) ) ;
#2395 = CARTESIAN_POINT ( 'NONE',  ( 7.570611421465333279, -0.02292461178215900869, 12.00000000000000000 ) ) ;
#2396 = COORDINATED_UNIVERSAL_TIME_OFFSET ( 8, 0, .AHEAD. ) ;
#2397 = CARTESIAN_POINT ( 'NONE',  ( -7.493692351462871493, 4.624955478445708756, 0.000000000000000000 ) ) ;
#2398 = DIRECTION ( 'NONE',  ( 0.000000000000000000, 0.000000000000000000, 1.000000000000000000 ) ) ;
#2399 = CARTESIAN_POINT ( 'NONE',  ( -20.50632911392404623, 15.00000000000000000, 10.69620253164558044 ) ) ;
#2400 = VERTEX_POINT ( 'NONE', #156 ) ;
#2401 = CARTESIAN_POINT ( 'NONE',  ( -6.400671641935995915, 4.543389483881964175, 11.99999999999999467 ) ) ;
#2402 = CARTESIAN_POINT ( 'NONE',  ( 2.343103861940804222, 7.491385036312879997, 0.000000000000000000 ) ) ;
#2403 = CARTESIAN_POINT ( 'NONE',  ( -6.993672185098409599, 4.594372934942809295, 12.00000000000000000 ) ) ;
#2404 = CC_DESIGN_PERSON_AND_ORGANIZATION_ASSIGNMENT ( #2429, #523, ( #726 ) ) ;
#2405 = ORIENTED_EDGE ( 'NONE', *, *, #1437, .F. ) ;
#2406 = ORIENTED_EDGE ( 'NONE', *, *, #1351, .F. ) ;
#2407 = EDGE_CURVE ( 'NONE', #1392, #1681, #1860, .T. ) ;
#2408 = CARTESIAN_POINT ( 'NONE',  ( 3.344043840211333052, -8.146349429696924105, 12.00000000000000000 ) ) ;
#2409 = CARTESIAN_POINT ( 'NONE',  ( 6.422935811018238184, -4.954223950520260544, 11.99999999999999645 ) ) ;
#2410 = DATE_TIME_ROLE ( 'classification_date' ) ;
#2411 = CARTESIAN_POINT ( 'NONE',  ( 2.053333403260019008, 5.381790948875003089, 11.99999999999999822 ) ) ;
#2412 = VECTOR ( 'NONE', #1254, 1000.000000000000000 ) ;
#2413 = PLANE ( 'NONE',  #2600 ) ;
#2414 = DIRECTION ( 'NONE',  ( 0.000000000000000000, 1.000000000000000000, 0.000000000000000000 ) ) ;
#2415 = B_SPLINE_CURVE_WITH_KNOTS ( 'NONE', 3,
 ( #1167, #139, #2291, #2480 ),
 .UNSPECIFIED., .F., .F.,
 ( 4, 4 ),
 ( 0.000000000000000000, 1.170086868559685245 ),
 .UNSPECIFIED. ) ;
#2416 = ORIENTED_EDGE ( 'NONE', *, *, #1691, .F. ) ;
#2417 = CARTESIAN_POINT ( 'NONE',  ( -2.966545570604168347, 4.083099689633600704, 12.00000000000000355 ) ) ;
#2418 = CARTESIAN_POINT ( 'NONE',  ( -5.935829880206405562, 4.370651491784914633, 12.00000000000000000 ) ) ;
#2419 = CIRCLE ( 'NONE', #2142, 2.281000000000000139 ) ;
#2420 = CARTESIAN_POINT ( 'NONE',  ( 2.208344759784730105, 8.071116819863791036, 0.000000000000000000 ) ) ;
#2421 = CARTESIAN_POINT ( 'NONE',  ( 5.991008889722120756, -4.294704099293353394, -0.000000000000000000 ) ) ;
#2422 = CC_DESIGN_SECURITY_CLASSIFICATION ( #984, ( #109 ) ) ;
#2423 = PERSON ( 'NAUO-PER2', 'UNSPECIFIED', 'UNSPECIFIED', ('UNSPECIFIED'), ('UNSPECIFIED'), ('UNSPECIFIED') ) ;
#2424 = VERTEX_POINT ( 'NONE', #1847 ) ;
#2425 = CARTESIAN_POINT ( 'NONE',  ( -4.483872434540666418, 3.615900976672631995, 12.00000000000001066 ) ) ;
#2426 = ORIENTED_EDGE ( 'NONE', *, *, #2446, .T. ) ;
#2427 = CARTESIAN_POINT ( 'NONE',  ( -2.208344767702430822, 8.071116789248312884, 12.00000000000000000 ) ) ;
#2428 = ADVANCED_FACE ( 'NONE', ( #1430 ), #2317, .T. ) ;
#2429 = PERSON_AND_ORGANIZATION ( #304, #1074 ) ;
#2430 = CARTESIAN_POINT ( 'NONE',  ( -2.102506451816742228, 6.437519814721706091, 0.000000000000000000 ) ) ;
#2431 = CARTESIAN_POINT ( 'NONE',  ( -2.286106919624192990, 6.903616755963953189, 0.000000000000000000 ) ) ;
#2432 = DIRECTION ( 'NONE',  ( 1.000000000000000000, 0.000000000000000000, 0.000000000000000000 ) ) ;
#2433 = VERTEX_POINT ( 'NONE', #223 ) ;
#2434 = CARTESIAN_POINT ( 'NONE',  ( -7.661477064454913055, -0.06469268076364427522, 0.000000000000000000 ) ) ;
#2435 = CARTESIAN_POINT ( 'NONE',  ( 11.49367088607593956, 2.000000000000000000, 8.183694709364671027 ) ) ;
#2436 = CARTESIAN_POINT ( 'NONE',  ( 6.236290550841929736, -4.450965751114215330, 12.00000000000000000 ) ) ;
#2437 = ORIENTED_EDGE ( 'NONE', *, *, #2583, .T. ) ;
#2438 = CARTESIAN_POINT ( 'NONE',  ( 6.604370679972711322, 4.570562234860818585, 0.000000000000000000 ) ) ;
#2439 = ORIENTED_EDGE ( 'NONE', *, *, #963, .F. ) ;
#2440 = CARTESIAN_POINT ( 'NONE',  ( 29.49367088607594667, 0.000000000000000000, 10.69620253164558044 ) ) ;
#2441 = SECURITY_CLASSIFICATION_LEVEL ( 'unclassified' ) ;
#2442 = APPROVAL ( #845, 'æœª' ) ;
#2443 = CARTESIAN_POINT ( 'NONE',  ( -1.502155732314618630, 9.439120569711043629, 12.00000000000001599 ) ) ;
#2444 = DIRECTION ( 'NONE',  ( 1.000000000000000000, 0.000000000000000000, 0.000000000000000000 ) ) ;
#2445 = ORIENTED_EDGE ( 'NONE', *, *, #1740, .T. ) ;
#2446 = EDGE_CURVE ( 'NONE', #2138, #2060, #713, .T. ) ;
#2447 = CARTESIAN_POINT ( 'NONE',  ( 11.99367088607593956, 13.50000000000000000, -1.803797468354420230 ) ) ;
#2448 = CARTESIAN_POINT ( 'NONE',  ( 5.907343465574443009, -4.241403345711033168, 0.000000000000000000 ) ) ;
#2449 = ORIENTED_EDGE ( 'NONE', *, *, #1914, .T. ) ;
#2450 = CARTESIAN_POINT ( 'NONE',  ( 1.502155732314771175, -5.560879430289006997, 0.000000000000000000 ) ) ;
#2451 = ORIENTED_EDGE ( 'NONE', *, *, #927, .F. ) ;
#2452 = ORIENTED_EDGE ( 'NONE', *, *, #839, .T. ) ;
#2453 = B_SPLINE_CURVE_WITH_KNOTS ( 'NONE', 3,
 ( #1219, #1038, #843, #1246 ),
 .UNSPECIFIED., .F., .F.,
 ( 4, 4 ),
 ( 0.000000000000000000, 1.170086868559611526 ),
 .UNSPECIFIED. ) ;
#2454 = DIRECTION ( 'NONE',  ( 1.000000000000000000, 0.000000000000000000, 0.000000000000000000 ) ) ;
#2455 = DATE_AND_TIME ( #1352, #384 ) ;
#2456 = CARTESIAN_POINT ( 'NONE',  ( 2.966545570604282478, 4.083099689633554519, 0.000000000000000000 ) ) ;
#2457 = CARTESIAN_POINT ( 'NONE',  ( -2.507690216013505502, -7.437910395382286488, 0.000000000000000000 ) ) ;
#2458 = DIRECTION ( 'NONE',  ( 0.000000000000000000, 0.000000000000000000, 1.000000000000000000 ) ) ;
#2459 = CIRCLE ( 'NONE', #1515, 2.281000000000001027 ) ;
#2460 = DATE_TIME_ROLE ( 'creation_date' ) ;
#2461 = VERTEX_POINT ( 'NONE', #2653 ) ;
#2462 = AXIS2_PLACEMENT_3D ( 'NONE', #2063, #2677, #2505 ) ;
#2463 = CARTESIAN_POINT ( 'NONE',  ( 7.272175591122630678, -0.04088198262578426195, 12.00000000000000178 ) ) ;
#2464 = CARTESIAN_POINT ( 'NONE',  ( -2.208344767702428602, 8.071116789248321766, 0.000000000000000000 ) ) ;
#2465 = CARTESIAN_POINT ( 'NONE',  ( -2.880948904819277345, -7.764603424365501994, 12.00000000000000000 ) ) ;
#2466 = EDGE_CURVE ( 'NONE', #308, #2433, #785, .T. ) ;
#2467 = AXIS2_PLACEMENT_3D ( 'NONE', #854, #1955, #2007 ) ;
#2468 = CARTESIAN_POINT ( 'NONE',  ( -2.233182758816828706, -7.024924596245811337, -0.000000000000000000 ) ) ;
#2469 = CIRCLE ( 'NONE', #63, 9.999999999999998224 ) ;
#2470 = CARTESIAN_POINT ( 'NONE',  ( 2.053333403260017676, 5.381790948875003089, 0.000000000000000000 ) ) ;
#2471 = ORIENTED_EDGE ( 'NONE', *, *, #2407, .T. ) ;
#2472 = CC_DESIGN_APPROVAL ( #2483, ( #1974 ) ) ;
#2473 = DIRECTION ( 'NONE',  ( 1.902421127696359117E-48, 1.000000000000000000, 1.535339560257679861E-32 ) ) ;
#2474 = CARTESIAN_POINT ( 'NONE',  ( -9.441328775402123341, 1.488213670286770540, 0.000000000000000000 ) ) ;
#2475 = CARTESIAN_POINT ( 'NONE',  ( -5.935829880206402009, 4.370651491784913745, 0.000000000000000000 ) ) ;
#2476 = APPLICATION_PROTOCOL_DEFINITION ( 'international standard', 'config_control_design', 1994, #124 ) ;
#2477 = ORIENTED_EDGE ( 'NONE', *, *, #2586, .F. ) ;
#2478 = CARTESIAN_POINT ( 'NONE',  ( -6.714272332570422108, -5.697735100902646010, 0.000000000000000000 ) ) ;
#2479 = DIRECTION ( 'NONE',  ( 0.000000000000000000, 1.000000000000000000, 0.000000000000000000 ) ) ;
#2480 = CARTESIAN_POINT ( 'NONE',  ( 2.957494971739786038, -7.827703132519289397, 0.000000000000000000 ) ) ;
#2481 = CARTESIAN_POINT ( 'NONE',  ( -3.344043840211338381, -8.146349429696929434, 12.00000000000000000 ) ) ;
#2482 = CARTESIAN_POINT ( 'NONE',  ( 6.772155392964375409, -0.01029943717830812504, 12.00000000000000000 ) ) ;
#2483 = APPROVAL ( #1161, 'æœª' ) ;
#2484 = DIRECTION ( 'NONE',  ( 0.000000000000000000, 1.000000000000000000, 0.000000000000000000 ) ) ;
#2485 = CARTESIAN_POINT ( 'NONE',  ( -7.371191737761324525, -0.04693806959179953192, 12.00000000000000000 ) ) ;
#2486 = CARTESIAN_POINT ( 'NONE',  ( -3.006329113924055108, 13.50000000000000000, -1.803797468354420230 ) ) ;
#2487 = ORIENTED_EDGE ( 'NONE', *, *, #851, .T. ) ;
#2488 = CARTESIAN_POINT ( 'NONE',  ( 2.507714799693543828, -7.437899700421643168, 0.000000000000000000 ) ) ;
#2489 = DIRECTION ( 'NONE',  ( 1.000000000000000000, 0.000000000000000000, 0.000000000000000000 ) ) ;
#2490 = CARTESIAN_POINT ( 'NONE',  ( 6.530671864760535072, -5.231638159654002251, 12.00000000000000178 ) ) ;
#2491 = CARTESIAN_POINT ( 'NONE',  ( -2.322464272711821653, 6.995915273871759155, -0.000000000000000000 ) ) ;
#2492 = CARTESIAN_POINT ( 'NONE',  ( -2.082915758131141715, -6.443885216963101570, 0.000000000000000000 ) ) ;
#2493 = CARTESIAN_POINT ( 'NONE',  ( 2.284257538061051473, 7.783357719253976903, 0.000000000000000000 ) ) ;
#2494 = ORIENTED_EDGE ( 'NONE', *, *, #1516, .F. ) ;
#2495 = CARTESIAN_POINT ( 'NONE',  ( 7.848789467786623675, 0.08654109137163430721, 0.000000000000000000 ) ) ;
#2496 = CC_DESIGN_PERSON_AND_ORGANIZATION_ASSIGNMENT ( #666, #1948, ( #109 ) ) ;
#2497 = DIRECTION ( 'NONE',  ( -1.734723475976804876E-16, -1.000000000000000000, 8.812849075879089503E-32 ) ) ;
#2498 = EDGE_CURVE ( 'NONE', #1791, #1681, #1033, .T. ) ;
#2499 = CARTESIAN_POINT ( 'NONE',  ( -1.502155732314618630, 9.439120569711043629, 12.00000000000001599 ) ) ;
#2500 = PRODUCT_DEFINITION_SHAPE ( 'NONE', 'NONE',  #604 ) ;
#2501 = PERSON_AND_ORGANIZATION ( #2562, #934 ) ;
#2502 = EDGE_CURVE ( 'NONE', #1744, #2238, #772, .T. ) ;
#2503 = VERTEX_POINT ( 'NONE', #1613 ) ;
#2504 = CARTESIAN_POINT ( 'NONE',  ( -7.570614269378572736, -0.02291015667874325354, 12.00000000000002309 ) ) ;
#2505 = DIRECTION ( 'NONE',  ( 1.000000000000000000, 0.000000000000000000, 0.000000000000000000 ) ) ;
#2506 = LINE ( 'NONE', #2259, #2235 ) ;
#2507 = CARTESIAN_POINT ( 'NONE',  ( -9.465876182014046236, 3.075649613638219648, 0.000000000000000000 ) ) ;
#2508 = AXIS2_PLACEMENT_3D ( 'NONE', #2690, #2479, #1427 ) ;
#2509 = APPLICATION_CONTEXT ( 'configuration controlled 3d designs of mechanical parts and assemblies' ) ;
#2510 = CARTESIAN_POINT ( 'NONE',  ( 7.570611421465333279, -0.02292461178215900869, 12.00000000000000000 ) ) ;
#2511 = AXIS2_PLACEMENT_3D ( 'NONE', #1196, #2707, #2305 ) ;
#2512 = ORIENTED_EDGE ( 'NONE', *, *, #65, .F. ) ;
#2513 = CONTEXT_DEPENDENT_SHAPE_REPRESENTATION ( #414, #1857 ) ;
#2514 = CARTESIAN_POINT ( 'NONE',  ( 2.233182759024218367, 7.975075402953396342, 12.00000000000000000 ) ) ;
#2515 = AXIS2_PLACEMENT_3D ( 'NONE', #1176, #1476, #1811 ) ;
#2516 = CARTESIAN_POINT ( 'NONE',  ( -4.824518969025146653, -3.147041245337471871, 0.000000000000000000 ) ) ;
#2517 = FACE_OUTER_BOUND ( 'NONE', #312, .T. ) ;
#2518 = PRODUCT_DEFINITION_FORMATION_WITH_SPECIFIED_SOURCE ( 'ä»', '', #585, .NOT_KNOWN. ) ;
#2519 = CC_DESIGN_APPROVAL ( #2162, ( #112 ) ) ;
#2520 = CARTESIAN_POINT ( 'NONE',  ( 2.880948904180681058, -7.764603423839082197, 11.99999999999999822 ) ) ;
#2521 = EDGE_CURVE ( 'NONE', #1045, #1763, #2419, .T. ) ;
#2522 = CARTESIAN_POINT ( 'NONE',  ( -2.284244450223209544, 7.783358316048087922, 11.99999999999999289 ) ) ;
#2523 = APPROVAL_ROLE ( '' ) ;
#2524 = VERTEX_POINT ( 'NONE', #2316 ) ;
#2525 = CARTESIAN_POINT ( 'NONE',  ( -6.494314511372127896, -5.139339640982587554, 12.00000000000000000 ) ) ;
#2526 = CARTESIAN_POINT ( 'NONE',  ( -3.006329113924055108, 2.000000000000000000, -1.803797468354420230 ) ) ;
#2527 = CARTESIAN_POINT ( 'NONE',  ( -3.006329113924055108, 2.000000000000000000, -1.803797468354420230 ) ) ;
#2528 = CARTESIAN_POINT ( 'NONE',  ( -2.053333403260148682, 5.381790948875196712, 0.000000000000000000 ) ) ;
#2529 = ORIENTED_EDGE ( 'NONE', *, *, #2727, .T. ) ;
#2530 = CARTESIAN_POINT ( 'NONE',  ( -2.102506451816741784, 6.437519814721704314, 12.00000000000000000 ) ) ;
#2531 = CARTESIAN_POINT ( 'NONE',  ( -9.441328775402126894, 1.488213670286777424, 12.00000000000002309 ) ) ;
#2532 = CARTESIAN_POINT ( 'NONE',  ( -6.993672153534657099, 4.594372933012287774, 0.000000000000000000 ) ) ;
#2533 = CARTESIAN_POINT ( 'NONE',  ( 5.484842658736842402, -3.972240646507679163, 0.000000000000000000 ) ) ;
#2534 = PERSON_AND_ORGANIZATION_ROLE ( 'creator' ) ;
#2535 = CARTESIAN_POINT ( 'NONE',  ( -8.274838854705523161, 0.3405508163308291758, 12.00000000000000000 ) ) ;
#2536 = DIRECTION ( 'NONE',  ( 1.000000000000000000, 0.000000000000000000, 0.000000000000000000 ) ) ;
#2537 = CARTESIAN_POINT ( 'NONE',  ( -6.494314511372127896, -5.139339640982587554, -0.000000000000000000 ) ) ;
#2538 = ORIENTED_EDGE ( 'NONE', *, *, #475, .F. ) ;
#2539 = EDGE_CURVE ( 'NONE', #1310, #295, #228, .T. ) ;
#2540 = CARTESIAN_POINT ( 'NONE',  ( 0.9936708860759460027, 2.000000000000000000, -10.96894885826609922 ) ) ;
#2541 = CARTESIAN_POINT ( 'NONE',  ( 9.441328775402133999, 1.488213670286786972, 0.000000000000000000 ) ) ;
#2542 = DATE_TIME_ROLE ( 'classification_date' ) ;
#2543 = APPLICATION_CONTEXT ( 'configuration controlled 3d designs of mechanical parts and assemblies' ) ;
#2544 = CARTESIAN_POINT ( 'NONE',  ( 1.502155732314622405, 9.439120569711020536, 12.00000000000000355 ) ) ;
#2545 = CARTESIAN_POINT ( 'NONE',  ( 6.714272332570423885, -5.697735100902648675, 12.00000000000000000 ) ) ;
#2546 = CARTESIAN_POINT ( 'NONE',  ( 0.9936708860759440043, 13.50000000000000000, -10.96894885826609922 ) ) ;
#2547 = CARTESIAN_POINT ( 'NONE',  ( 6.422935811018236407, -4.954223950520269426, 11.99999999999999645 ) ) ;
#2548 = ORIENTED_EDGE ( 'NONE', *, *, #2712, .F. ) ;
#2549 = EDGE_LOOP ( 'NONE', ( #900, #814, #412, #1530, #700, #727, #261, #1215, #373, #1542, #2687, #1841, #862, #1803, #673, #1267, #563, #527, #2339, #1496 ) ) ;
#2550 = PERSON_AND_ORGANIZATION_ROLE ( 'classification_officer' ) ;
#2551 = CARTESIAN_POINT ( 'NONE',  ( -4.483872434540642438, 3.615900976672627554, 0.000000000000000000 ) ) ;
#2552 = CARTESIAN_POINT ( 'NONE',  ( -6.298936487484956714, -4.683415911144963140, 0.000000000000000000 ) ) ;
#2553 = VECTOR ( 'NONE', #1486, 1000.000000000000000 ) ;
#2554 = CARTESIAN_POINT ( 'NONE',  ( -3.006329113924055108, 2.000000000000000000, 8.196202531645580436 ) ) ;
#2555 = CIRCLE ( 'NONE', #889, 2.281000000000001027 ) ;
#2556 = CARTESIAN_POINT ( 'NONE',  ( -1.502155732314621517, -5.560879430289261904, 0.000000000000000000 ) ) ;
#2557 = AXIS2_PLACEMENT_3D ( 'NONE', #66, #92, #2213 ) ;
#2558 = APPROVAL_DATE_TIME ( #993, #2442 ) ;
#2559 = CARTESIAN_POINT ( 'NONE',  ( -2.602085213965210642E-15, 9.953011224704631843, 12.00000000000000178 ) ) ;
#2560 = CC_DESIGN_SECURITY_CLASSIFICATION ( #1258, ( #2650 ) ) ;
#2561 = CARTESIAN_POINT ( 'NONE',  ( -1.502155732314622405, -5.560879430289272563, 12.00000000000002132 ) ) ;
#2562 = PERSON ( 'æœª', 'æœª', 'æœª', ('æœª'), ('æœª'), ('æœª') ) ;
#2563 = DIRECTION ( 'NONE',  ( 1.000000000000000000, 0.000000000000000000, 0.000000000000000000 ) ) ;
#2564 = CARTESIAN_POINT ( 'NONE',  ( 11.99367088607593956, 2.000000000000000000, -1.803797468354420230 ) ) ;
#2565 = CARTESIAN_POINT ( 'NONE',  ( 5.850233213782777497, -8.052155225990517806, 0.000000000000000000 ) ) ;
#2566 = ORIENTED_EDGE ( 'NONE', *, *, #839, .F. ) ;
#2567 = CARTESIAN_POINT ( 'NONE',  ( -8.274838854705524938, 0.3405508163308300085, 0.000000000000000000 ) ) ;
#2568 = APPROVAL ( #2001, 'æœª' ) ;
#2569 = CARTESIAN_POINT ( 'NONE',  ( -4.332906349846330052, -8.519353938951388372, 0.000000000000000000 ) ) ;
#2570 = CARTESIAN_POINT ( 'NONE',  ( -5.907343465551137207, -4.241403345696569183, 12.00000000000000000 ) ) ;
#2571 = ORIENTED_EDGE ( 'NONE', *, *, #1691, .T. ) ;
#2572 = CARTESIAN_POINT ( 'NONE',  ( 7.570611421465314628, -0.02292461178216129158, 0.000000000000000000 ) ) ;
#2573 = APPROVAL_DATE_TIME ( #1545, #2324 ) ;
#2574 = CARTESIAN_POINT ( 'NONE',  ( -5.859283812647522183, 4.307551783104894838, 0.000000000000000000 ) ) ;
#2575 = CARTESIAN_POINT ( 'NONE',  ( 7.993670886075950222, 13.50000000000000000, -10.96894885826609922 ) ) ;
#2576 = CARTESIAN_POINT ( 'NONE',  ( 11.99367088607593956, 2.000000000000000000, -1.803797468354420230 ) ) ;
#2577 = CARTESIAN_POINT ( 'NONE',  ( -5.850233213782772168, -8.052155225990530241, 0.000000000000000000 ) ) ;
#2578 = ORIENTED_EDGE ( 'NONE', *, *, #733, .F. ) ;
#2579 = CARTESIAN_POINT ( 'NONE',  ( -6.400671641935985257, 4.543389483881957958, 0.000000000000000000 ) ) ;
#2580 = DIRECTION ( 'NONE',  ( 1.000000000000000000, 0.000000000000000000, 0.000000000000000000 ) ) ;
#2581 = CARTESIAN_POINT ( 'NONE',  ( 2.322464273014719804, 6.995915274641613557, 0.000000000000000000 ) ) ;
#2582 = CARTESIAN_POINT ( 'NONE',  ( 2.361250188460723543, 7.192995230092981807, 0.000000000000000000 ) ) ;
#2583 = EDGE_CURVE ( 'NONE', #1907, #2622, #2661, .T. ) ;
#2584 = COORDINATED_UNIVERSAL_TIME_OFFSET ( 8, 0, .AHEAD. ) ;
#2585 = CARTESIAN_POINT ( 'NONE',  ( 7.493692351462871493, 4.624955478445708756, 12.00000000000000000 ) ) ;
#2586 = EDGE_CURVE ( 'NONE', #2503, #547, #640, .T. ) ;
#2587 = CARTESIAN_POINT ( 'NONE',  ( 2.208344767702432154, 8.071116789248307555, 12.00000000000000000 ) ) ;
#2588 = CARTESIAN_POINT ( 'NONE',  ( -2.082915758131141715, -6.443885216963101570, 0.000000000000000000 ) ) ;
#2589 = B_SPLINE_CURVE_WITH_KNOTS ( 'NONE', 3,
 ( #1154, #1187, #2262, #2209 ),
 .UNSPECIFIED., .F., .F.,
 ( 4, 4 ),
 ( 0.000000000000000000, 1.170086868559627957 ),
 .UNSPECIFIED. ) ;
#2590 = VERTEX_POINT ( 'NONE', #2682 ) ;
#2591 = VERTEX_POINT ( 'NONE', #754 ) ;
#2592 = CARTESIAN_POINT ( 'NONE',  ( -5.752902267991386154, -0.2897712499215123749, 11.99999999999999289 ) ) ;
#2593 = DIRECTION ( 'NONE',  ( 1.000000000000000000, 0.000000000000000000, 0.000000000000000000 ) ) ;
#2594 = AXIS2_PLACEMENT_3D ( 'NONE', #2258, #2026, #362 ) ;
#2595 = ORIENTED_EDGE ( 'NONE', *, *, #1817, .F. ) ;
#2596 = CARTESIAN_POINT ( 'NONE',  ( 5.859283812646879142, 4.307551783104790033, 0.000000000000000000 ) ) ;
#2597 = AXIS2_PLACEMENT_3D ( 'NONE', #1362, #2484, #1199 ) ;
#2598 = PERSON_AND_ORGANIZATION ( #2562, #934 ) ;
#2599 = EDGE_CURVE ( 'NONE', #389, #1942, #1202, .T. ) ;
#2600 = AXIS2_PLACEMENT_3D ( 'NONE', #526, #316, #1221 ) ;
#2601 = CARTESIAN_POINT ( 'NONE',  ( 2.322464273014722469, 6.995915274641618886, 11.99999999999999822 ) ) ;
#2602 = DIRECTION ( 'NONE',  ( 0.000000000000000000, 0.000000000000000000, 1.000000000000000000 ) ) ;
#2603 = CC_DESIGN_APPROVAL ( #2442, ( #2518 ) ) ;
#2604 = ORIENTED_EDGE ( 'NONE', *, *, #2389, .F. ) ;
#2605 = CARTESIAN_POINT ( 'NONE',  ( -20.50632911392404623, 0.000000000000000000, 10.69620253164558044 ) ) ;
#2606 = ORIENTED_EDGE ( 'NONE', *, *, #2521, .F. ) ;
#2607 = CARTESIAN_POINT ( 'NONE',  ( 2.880948904180680614, -7.764603423839081309, -0.000000000000000000 ) ) ;
#2608 = CARTESIAN_POINT ( 'NONE',  ( -2.361237320893928793, 7.193002405491951023, 0.000000000000000000 ) ) ;
#2609 = VERTEX_POINT ( 'NONE', #2701 ) ;
#2610 = CARTESIAN_POINT ( 'NONE',  ( 8.274838854007532163, 0.3405508158861603740, -0.000000000000000000 ) ) ;
#2611 = CARTESIAN_POINT ( 'NONE',  ( -4.408389392193486245, -6.067627457811999747, 12.00000000000000000 ) ) ;
#2612 = APPROVAL_ROLE ( '' ) ;
#2613 = CARTESIAN_POINT ( 'NONE',  ( 9.441328775402123341, 1.488213670286770096, 11.99999999999998224 ) ) ;
#2614 = CARTESIAN_POINT ( 'NONE',  ( 2.656539040913401539, -7.579614208211558513, 0.000000000000000000 ) ) ;
#2615 = DIRECTION ( 'NONE',  ( 0.000000000000000000, 0.000000000000000000, 1.000000000000000000 ) ) ;
#2616 = CC_DESIGN_PERSON_AND_ORGANIZATION_ASSIGNMENT ( #868, #2155, ( #109 ) ) ;
#2617 = ORIENTED_EDGE ( 'NONE', *, *, #685, .T. ) ;
#2618 = CARTESIAN_POINT ( 'NONE',  ( 2.208344759784730105, 8.071116819863791036, 0.000000000000000000 ) ) ;
#2619 = DIRECTION ( 'NONE',  ( -1.000000000000000000, -1.131341397376179805E-16, 0.000000000000000000 ) ) ;
#2620 = EDGE_CURVE ( 'NONE', #1763, #1361, #2354, .T. ) ;
#2621 = CARTESIAN_POINT ( 'NONE',  ( 5.850233213782775721, -8.052155225990523135, 11.99999999999999645 ) ) ;
#2622 = VERTEX_POINT ( 'NONE', #632 ) ;
#2623 = VERTEX_POINT ( 'NONE', #2376 ) ;
#2624 = CARTESIAN_POINT ( 'NONE',  ( -5.850233213782773944, -8.052155225990533793, 11.99999999999998046 ) ) ;
#2625 = CARTESIAN_POINT ( 'NONE',  ( -2.208344767777715489, -6.928883211043858736, 12.00000000000000000 ) ) ;
#2626 = PERSON_AND_ORGANIZATION ( #2562, #934 ) ;
#2627 = CARTESIAN_POINT ( 'NONE',  ( 2.966545570604281590, 4.083099689633546525, 11.99999999999999289 ) ) ;
#2628 = DIRECTION ( 'NONE',  ( 0.000000000000000000, 0.000000000000000000, 1.000000000000000000 ) ) ;
#2629 = CARTESIAN_POINT ( 'NONE',  ( 0.000000000000000000, 0.000000000000000000, 0.000000000000000000 ) ) ;
#2630 = ORIENTED_EDGE ( 'NONE', *, *, #1330, .F. ) ;
#2631 = CARTESIAN_POINT ( 'NONE',  ( 6.993672153534665981, 4.594372933012287774, 12.00000000000000000 ) ) ;
#2632 = ORIENTED_EDGE ( 'NONE', *, *, #1588, .F. ) ;
#2633 = CARTESIAN_POINT ( 'NONE',  ( 5.850233213782777497, -8.052155225990517806, 0.000000000000000000 ) ) ;
#2634 = EDGE_CURVE ( 'NONE', #195, #1769, #2734, .T. ) ;
#2635 = ORIENTED_EDGE ( 'NONE', *, *, #2042, .T. ) ;
#2636 = ORIENTED_EDGE ( 'NONE', *, *, #83, .T. ) ;
#2637 = CARTESIAN_POINT ( 'NONE',  ( 6.400658039661265342, 4.543412586211411863, 0.000000000000000000 ) ) ;
#2638 = EDGE_CURVE ( 'NONE', #458, #1791, #1006, .T. ) ;
#2639 = DIRECTION ( 'NONE',  ( 0.000000000000000000, 1.000000000000000000, 0.000000000000000000 ) ) ;
#2640 = ITEM_DEFINED_TRANSFORMATION ( 'NONE', 'NONE', #1031,  #21 ) ;
#2641 = AXIS2_PLACEMENT_3D ( 'NONE', #409, #2759, #12 ) ;
#2642 = CARTESIAN_POINT ( 'NONE',  ( 4.408389392193384992, 6.067627457812251102, 0.000000000000000000 ) ) ;
#2643 = AXIS2_PLACEMENT_3D ( 'NONE', #1582, #1528, #1593 ) ;
#2644 = CARTESIAN_POINT ( 'NONE',  ( 4.493670886075947557, 14.00000000000000000, -8.418175746015903016 ) ) ;
#2645 = APPLICATION_PROTOCOL_DEFINITION ( 'international standard', 'config_control_design', 1994, #2543 ) ;
#2646 = ORIENTED_EDGE ( 'NONE', *, *, #1864, .T. ) ;
#2647 = CIRCLE ( 'NONE', #852, 2.281000000000000139 ) ;
#2648 = CARTESIAN_POINT ( 'NONE',  ( 5.859283812619222154, 4.307551783081990493, 12.00000000000000355 ) ) ;
#2649 = CARTESIAN_POINT ( 'NONE',  ( 0.9936708860759460027, 2.000000000000000000, 10.69720253164557988 ) ) ;
#2650 = PRODUCT_DEFINITION_FORMATION_WITH_SPECIFIED_SOURCE ( 'ä»', '', #1193, .NOT_KNOWN. ) ;
#2651 = DIRECTION ( 'NONE',  ( 0.000000000000000000, 1.000000000000000000, 0.000000000000000000 ) ) ;
#2652 = CC_DESIGN_SECURITY_CLASSIFICATION ( #726, ( #2765 ) ) ;
#2653 = CARTESIAN_POINT ( 'NONE',  ( 2.957494971739786038, -7.827703132519289397, 0.000000000000000000 ) ) ;
#2654 = EDGE_LOOP ( 'NONE', ( #1584, #2742, #222, #1511 ) ) ;
#2655 = ORIENTED_EDGE ( 'NONE', *, *, #443, .F. ) ;
#2656 = LINE ( 'NONE', #2222, #2050 ) ;
#2657 = B_SPLINE_CURVE_WITH_KNOTS ( 'NONE', 3,
 ( #2090, #1673, #2117, #2532 ),
 .UNSPECIFIED., .F., .F.,
 ( 4, 4 ),
 ( 0.000000000000000000, 1.170086868559845339 ),
 .UNSPECIFIED. ) ;
#2658 = CARTESIAN_POINT ( 'NONE',  ( -8.108283999563166589, 0.2327444237725096177, 12.00000000000002309 ) ) ;
#2659 = CARTESIAN_POINT ( 'NONE',  ( -6.993672153534667757, 4.594372933012287774, 12.00000000000000000 ) ) ;
#2660 = ORIENTED_EDGE ( 'NONE', *, *, #1964, .T. ) ;
#2661 = B_SPLINE_CURVE_WITH_KNOTS ( 'NONE', 1,
 ( #429, #1158 ),
 .UNSPECIFIED., .F., .F.,
 ( 2, 2 ),
 ( 0.000000000000000000, 1.000000000000000000 ),
 .UNSPECIFIED. ) ;
#2662 = CARTESIAN_POINT ( 'NONE',  ( -7.132923872213805083, -2.317627457812386105, 12.00000000000000000 ) ) ;
#2663 = CARTESIAN_POINT ( 'NONE',  ( -8.029557193585752373, 0.1842891645099402342, 12.00000000000000000 ) ) ;
#2664 = FACE_OUTER_BOUND ( 'NONE', #2029, .T. ) ;
#2665 = CARTESIAN_POINT ( 'NONE',  ( 2.507714799693548713, -7.437899700421643168, 0.000000000000000000 ) ) ;
#2666 = ORIENTED_EDGE ( 'NONE', *, *, #1661, .T. ) ;
#2667 = ORIENTED_EDGE ( 'NONE', *, *, #665, .F. ) ;
#2668 = CARTESIAN_POINT ( 'NONE',  ( -7.132923872213531524, 2.317627457812000191, 0.000000000000000000 ) ) ;
#2669 = APPROVAL ( #1863, 'UNKNOWN' ) ;
#2670 = APPROVAL_STATUS ( 'not_yet_approved' ) ;
#2671 = CARTESIAN_POINT ( 'NONE',  ( 2.317644985622997922, -7.207163419353229017, 0.000000000000000000 ) ) ;
#2672 = CARTESIAN_POINT ( 'NONE',  ( -6.714272332570422108, -5.697735100902646010, 0.000000000000000000 ) ) ;
#2673 = ADVANCED_FACE ( 'NONE', ( #1756 ), #2173, .T. ) ;
#2674 = CARTESIAN_POINT ( 'NONE',  ( 4.483872434540851160, 3.615900976672866474, 11.99999999999999467 ) ) ;
#2675 = CARTESIAN_POINT ( 'NONE',  ( 0.000000000000000000, 0.000000000000000000, 0.000000000000000000 ) ) ;
#2676 = ORIENTED_EDGE ( 'NONE', *, *, #1934, .T. ) ;
#2677 = DIRECTION ( 'NONE',  ( -0.000000000000000000, -0.000000000000000000, -1.000000000000000000 ) ) ;
#2678 = CARTESIAN_POINT ( 'NONE',  ( 8.358504278684787181, 0.3938515698058769887, 12.00000000000000000 ) ) ;
#2679 = CARTESIAN_POINT ( 'NONE',  ( -8.358504278852759484, 0.3938515699128868341, 12.00000000000000000 ) ) ;
#2680 = B_SPLINE_SURFACE_WITH_KNOTS ( 'NONE', 3, 1, ( 
 ( #881, #1337 ),
 ( #524, #38 ),
 ( #1517, #2613 ),
 ( #1726, #1779 ),
 ( #482, #495 ),
 ( #919, #2585 ),
 ( #79, #1546 ),
 ( #682, #1364 ),
 ( #305, #2369 ),
 ( #1985, #724 ),
 ( #908, #2186 ),
 ( #2430, #1975 ),
 ( #1090, #1949 ),
 ( #2212, #2627 ),
 ( #49, #2411 ),
 ( #64, #1739 ),
 ( #1077, #2601 ),
 ( #1533, #2385 ),
 ( #1323, #271 ),
 ( #1101, #1961 ),
 ( #897, #691 ),
 ( #2397, #288 ),
 ( #315, #788 ),
 ( #1380, #1159 ),
 ( #2474, #2443 ),
 ( #2241, #962 ),
 ( #2700, #1399 ),
 ( #565, #589 ),
 ( #1408, #1201 ),
 ( #1436, #144 ),
 ( #1826, #345 ),
 ( #1600, #2021 ),
 ( #132, #2254 ),
 ( #1642, #576 ),
 ( #356, #2225 ),
 ( #536, #774 ),
 ( #2715, #1138 ),
 ( #1420, #1815 ),
 ( #1998, #2264 ),
 ( #119, #1189 ),
 ( #369, #329 ),
 ( #2672, #1629 ),
 ( #935, #950 ),
 ( #2032, #1177 ),
 ( #2684, #1799 ),
 ( #2057, #975 ),
 ( #746, #2041 ),
 ( #1839, #2658 ),
 ( #2457, #991 ),
 ( #734, #1587 ),
 ( #550, #2485 ),
 ( #757, #1617 ),
 ( #2556, #1269 ),
 ( #1897, #1886 ),
 ( #605, #1497 ),
 ( #2332, #2345 ),
 ( #1866, #2119 ),
 ( #2731, #822 ),
 ( #1220, #1062 ),
 ( #1024, #403 ),
 ( #433, #1454 ),
 ( #214, #1050 ),
 ( #1699, #1686 ),
 ( #2072, #1040 ),
 ( #656, #1468 ),
 ( #629, #1908 ),
 ( #202, #2092 ),
 ( #172, #1921 ),
 ( #644, #2299 ),
 ( #22, #9 ),
 ( #1236, #1007 ),
 ( #2533, #189 ),
 ( #857, #844 ),
 ( #2314, #416 ),
 ( #442, #1280 ),
 ( #832, #2284 ),
 ( #803, #1526 ),
 ( #2572, #1248 ),
 ( #2106, #1674 ),
 ( #1712, #1658 ),
 ( #386, #2520 ),
 ( #2756, #620 ),
 ( #2541, #1481 ),
 ( #2128, #227 ),
 ( #1087, #1777 ),
 ( #1127, #480 ),
 ( #689, #268 ),
 ( #1544, #2409 ),
 ( #2154, #1305 ),
 ( #1531, #1099 ),
 ( #1936, #664 ),
 ( #2169, #452 ),
 ( #2200, #45 ),
 ( #893, #1291 ),
 ( #2139, #255 ),
 ( #493, #678 ),
 ( #2581, #36 ),
 ( #1335, #2395 ),
 ( #2356, #2182 ),
 ( #917, #1983 ),
 ( #301, #283 ),
 ( #1946, #878 ) ),
 .UNSPECIFIED., .T., .F., .F.,
 ( 4, 1, 1, 1, 2, 1, 1, 1, 2, 1, 1, 1, 2, 1, 1, 1, 2, 1, 1, 1, 2, 1, 1, 1, 2, 1, 1, 1, 2, 1, 1, 1, 2, 1, 1, 1, 2, 1, 1, 1, 2, 1, 1, 1, 2, 1, 1, 1, 2, 1, 1, 1, 2, 1, 1, 1, 2, 1, 1, 1, 2, 1, 1, 1, 2, 1, 1, 1, 2, 1, 1, 1, 2, 1, 1, 1, 2, 1, 1, 1, 4 ),
 ( 2, 2 ),
 ( 0.000000000000000000, 0.02086768923310218515, 0.04173537846620437031, 0.06260306769930655546, 0.08347075693240874061, 0.08760306741797002639, 0.09173537790353133992, 0.09586768838909262569, 0.09999999887465392534, 0.1208676881077570681, 0.1417353773408602247, 0.1626030665739633396, 0.1834707558070664823, 0.1876030668553005931, 0.1917353779035346761, 0.1958676889517688147, 0.2000000000000029254, 0.2208676892331050967, 0.2417353784662072957, 0.2626030676993095225, 0.2834707569324116383, 0.2876030674179727020, 0.2917353779035336547, 0.2958676883890946074, 0.2999999988746556712, 0.3208676881077588416, 0.3417353773408619011, 0.3626030665739650716, 0.3834707558070682420, 0.3876030668553018810, 0.3917353779035354644, 0.3958676889517690478, 0.4000000000000026867, 0.4208676892331048580, 0.4417353784662070293, 0.4626030676993092006, 0.4834707569324113718, 0.4876030674179722135, 0.4917353779035329442, 0.4958676883890936749, 0.4999999988746545165, 0.5208676881077576315, 0.5417353773408608575, 0.5626030665739639725, 0.5834707558070670874, 0.5876030668553005043, 0.5917353779035338102, 0.5958676889517671160, 0.6000000000000004219, 0.6208676892331026487, 0.6417353784662048755, 0.6626030676993071022, 0.6834707569324092180, 0.6876030674179700597, 0.6917353779035311234, 0.6958676883890919651, 0.6999999988746528068, 0.7208676881077560328, 0.7417353773408590367, 0.7626030665739620407, 0.7834707558070652667, 0.7876030668552986835, 0.7917353779035323225, 0.7958676889517659614, 0.7999999999999993783, 0.8208676892331016051, 0.8417353784662036098, 0.8626030676993058366, 0.8834707569324080634, 0.8876030674179690161, 0.8917353779035299688, 0.8958676883890908105, 0.8999999988746518742, 0.9208676881077549892, 0.9417353773408581041, 0.9626030665739612191, 0.9834707558070643341, 0.9876030668552981950, 0.9917353779035322781, 0.9958676889517661390, 1.000000000000000000 ),
 ( 0.000000000000000000, 1.000000000000000000 ),
 .UNSPECIFIED. ) ;
#2681 = VERTEX_POINT ( 'NONE', #1564 ) ;
#2682 = CARTESIAN_POINT ( 'NONE',  ( -2.208344767702428602, 8.071116789248321766, 0.000000000000000000 ) ) ;
#2683 = CYLINDRICAL_SURFACE ( 'NONE', #976, 10.00000000000000000 ) ;
#2684 = CARTESIAN_POINT ( 'NONE',  ( -4.332906349846334493, -8.519353938951391925, 0.000000000000000000 ) ) ;
#2685 = CARTESIAN_POINT ( 'NONE',  ( 8.358504305523094757, 0.3938515869037635952, 12.00000000000000178 ) ) ;
#2686 = DIRECTION ( 'NONE',  ( 1.665334536937734811E-16, -1.000000000000000222, 1.593840474611786012E-17 ) ) ;
#2687 = ORIENTED_EDGE ( 'NONE', *, *, #1846, .T. ) ;
#2688 = APPROVAL ( #2301, 'æœª' ) ;
#2689 = CARTESIAN_POINT ( 'NONE',  ( -6.763445381126883760, -6.753463966749090552, 12.00000000000001776 ) ) ;
#2690 = CARTESIAN_POINT ( 'NONE',  ( -3.006329113924055108, 2.000000000000000000, -1.803797468354420230 ) ) ;
#2691 = CARTESIAN_POINT ( 'NONE',  ( -3.006329113924055108, 14.00000000000000000, -11.80379746835441956 ) ) ;
#2692 = CARTESIAN_POINT ( 'NONE',  ( -4.332906349846330052, -8.519353938951379490, 11.99999999999999645 ) ) ;
#2693 = AXIS2_PLACEMENT_3D ( 'NONE', #1896, #1466, #1434 ) ;
#2694 = CARTESIAN_POINT ( 'NONE',  ( 5.484842658736842402, -3.972240646507677386, 12.00000000000000000 ) ) ;
#2695 = CARTESIAN_POINT ( 'NONE',  ( 4.824518969025299420, -3.147041245337514059, 0.000000000000000000 ) ) ;
#2696 = CC_DESIGN_SECURITY_CLASSIFICATION ( #1350, ( #1970 ) ) ;
#2697 = CARTESIAN_POINT ( 'NONE',  ( -2.284244450223207767, 7.783358316048084369, 0.000000000000000000 ) ) ;
#2698 = DIRECTION ( 'NONE',  ( -0.000000000000000000, 1.000000000000000000, 0.000000000000000000 ) ) ;
#2699 = B_SPLINE_CURVE_WITH_KNOTS ( 'NONE', 3,
 ( #319, #2006, #1746, #1123 ),
 .UNSPECIFIED., .F., .F.,
 ( 4, 4 ),
 ( 0.000000000000000000, 1.170086868559845339 ),
 .UNSPECIFIED. ) ;
#2700 = CARTESIAN_POINT ( 'NONE',  ( -8.274838854705517832, 0.3405508163308269554, 0.000000000000000000 ) ) ;
#2701 = CARTESIAN_POINT ( 'NONE',  ( -5.907343465493205770, -4.241403345659660928, 12.00000000000000355 ) ) ;
#2702 = CARTESIAN_POINT ( 'NONE',  ( -2.284244450223212208, 7.783358316048074599, 0.000000000000000000 ) ) ;
#2703 = DATE_AND_TIME ( #978, #1707 ) ;
#2704 = ORIENTED_EDGE ( 'NONE', *, *, #116, .T. ) ;
#2705 = CARTESIAN_POINT ( 'NONE',  ( -5.991008890419743160, -4.294704099738190450, 12.00000000000000000 ) ) ;
#2706 = CARTESIAN_POINT ( 'NONE',  ( -2.506329113924055108, 2.000000000000000000, 10.69620253164558044 ) ) ;
#2707 = DIRECTION ( 'NONE',  ( 0.000000000000000000, 1.000000000000000000, 0.000000000000000000 ) ) ;
#2708 = CC_DESIGN_DATE_AND_TIME_ASSIGNMENT ( #1876, #1059, ( #2018 ) ) ;
#2709 = CARTESIAN_POINT ( 'NONE',  ( 1.502155732314764292, -5.560879430288996339, 12.00000000000001243 ) ) ;
#2710 = CARTESIAN_POINT ( 'NONE',  ( 6.298954255771809230, -4.683395835600490109, 11.99999999999999289 ) ) ;
#2711 = CARTESIAN_POINT ( 'NONE',  ( 8.274838854007523281, 0.3405508158861541013, 12.00000000000000178 ) ) ;
#2712 = EDGE_CURVE ( 'NONE', #99, #2524, #1554, .T. ) ;
#2713 = CARTESIAN_POINT ( 'NONE',  ( 6.894656006666345149, 4.588316846032622465, 0.000000000000000000 ) ) ;
#2714 = PLANE ( 'NONE',  #425 ) ;
#2715 = CARTESIAN_POINT ( 'NONE',  ( -5.991008890419749378, -4.294704099738194003, 0.000000000000000000 ) ) ;
#2716 = CARTESIAN_POINT ( 'NONE',  ( 1.301042606982605321E-14, 9.953011224704617632, 11.99999999999998757 ) ) ;
#2717 = APPLICATION_PROTOCOL_DEFINITION ( 'international standard', 'config_control_design', 1994, #2509 ) ;
#2718 = EDGE_LOOP ( 'NONE', ( #74, #715, #863, #1300 ) ) ;
#2719 = CARTESIAN_POINT ( 'NONE',  ( -5.850233213782790820, -8.052155225990523135, 0.000000000000000000 ) ) ;
#2720 = CARTESIAN_POINT ( 'NONE',  ( 11.49367088607593956, 13.50000000000000000, 8.183694709364671027 ) ) ;
#2721 = CARTESIAN_POINT ( 'NONE',  ( 4.408389392193487133, -6.067627457811999747, 0.000000000000000000 ) ) ;
#2722 = CARTESIAN_POINT ( 'NONE',  ( -8.274838854705517832, 0.3405508163308278435, 12.00000000000000000 ) ) ;
#2723 = CARTESIAN_POINT ( 'NONE',  ( 5.752902267991030882, -0.2897712499213903614, 11.99999999999999822 ) ) ;
#2724 = ORIENTED_EDGE ( 'NONE', *, *, #1464, .T. ) ;
#2725 = APPROVAL_DATE_TIME ( #1576, #2669 ) ;
#2726 = CARTESIAN_POINT ( 'NONE',  ( 2.322464273014720249, 6.995915274641615333, 12.00000000000000000 ) ) ;
#2727 = EDGE_CURVE ( 'NONE', #1718, #1479, #1659, .T. ) ;
#2728 = CARTESIAN_POINT ( 'NONE',  ( -6.772155392964795517, -0.01029943717862140222, 0.000000000000000000 ) ) ;
#2729 = CARTESIAN_POINT ( 'NONE',  ( 2.208344767702428602, 8.071116789248321766, 0.000000000000000000 ) ) ;
#2730 = B_SPLINE_CURVE_WITH_KNOTS ( 'NONE', 3,
 ( #1021, #2104, #618, #2071 ),
 .UNSPECIFIED., .F., .F.,
 ( 4, 4 ),
 ( 0.000000000000000000, 1.170086868559718551 ),
 .UNSPECIFIED. ) ;
#2731 = CARTESIAN_POINT ( 'NONE',  ( 2.317644985623002363, -7.207163419353227241, 0.000000000000000000 ) ) ;
#2732 = CARTESIAN_POINT ( 'NONE',  ( -2.053333403260146905, 5.381790948875212699, 0.000000000000000000 ) ) ;
#2733 = DATE_TIME_ROLE ( 'classification_date' ) ;
#2734 = LINE ( 'NONE', #2095, #2192 ) ;
#2735 = CARTESIAN_POINT ( 'NONE',  ( 7.493692351462872381, 4.624955478445709645, -0.000000000000000000 ) ) ;
#2736 = VERTEX_POINT ( 'NONE', #2587 ) ;
#2737 = CARTESIAN_POINT ( 'NONE',  ( -6.138228046494662138, -4.431347343853152765, 11.99999999999998757 ) ) ;
#2738 = CARTESIAN_POINT ( 'NONE',  ( -5.907343465551137207, -4.241403345696569183, 12.00000000000000000 ) ) ;
#2739 = CARTESIAN_POINT ( 'NONE',  ( 2.208344767702624001, -6.928883210751606292, 12.00000000000000000 ) ) ;
#2740 = CARTESIAN_POINT ( 'NONE',  ( -8.781005085690724243, 0.6630142691165636926, 12.00000000000000000 ) ) ;
#2741 = CARTESIAN_POINT ( 'NONE',  ( 5.991008889722118980, -4.294704099293352506, 12.00000000000000000 ) ) ;
#2742 = ORIENTED_EDGE ( 'NONE', *, *, #1710, .T. ) ;
#2743 = AXIS2_PLACEMENT_3D ( 'NONE', #2447, #581, #1621 ) ;
#2744 = CARTESIAN_POINT ( 'NONE',  ( 6.772155392964380738, -0.01029943717830844249, 12.00000000000000000 ) ) ;
#2745 = CIRCLE ( 'NONE', #2511, 10.00000000000000000 ) ;
#2746 = VERTEX_POINT ( 'NONE', #1548 ) ;
#2747 = PERSON_AND_ORGANIZATION_ROLE ( 'design_supplier' ) ;
#2748 = CARTESIAN_POINT ( 'NONE',  ( 6.111289349561179307, 4.468430124432425821, 0.000000000000000000 ) ) ;
#2749 = CARTESIAN_POINT ( 'NONE',  ( 2.053333403260016343, 5.381790948874987102, 11.99999999999998401 ) ) ;
#2750 = AXIS2_PLACEMENT_3D ( 'NONE', #1308, #936, #1130 ) ;
#2751 = CARTESIAN_POINT ( 'NONE',  ( -6.494314511372127896, -5.139339640982587554, -0.000000000000000000 ) ) ;
#2752 = DIRECTION ( 'NONE',  ( 0.000000000000000000, -1.000000000000000000, 0.000000000000000000 ) ) ;
#2753 = PRODUCT_RELATED_PRODUCT_CATEGORY ( 'detail', '', ( #585 ) ) ;
#2754 = CC_DESIGN_APPROVAL ( #2568, ( #2650 ) ) ;
#2755 = CARTESIAN_POINT ( 'NONE',  ( -7.371191737761322749, -0.04693806959179951804, -0.000000000000000000 ) ) ;
#2756 = CARTESIAN_POINT ( 'NONE',  ( 8.781005085690733125, 0.6630142691165690216, 0.000000000000000000 ) ) ;
#2757 = EDGE_CURVE ( 'NONE', #1869, #2746, #1079, .T. ) ;
#2758 = DATE_AND_TIME ( #1456, #723 ) ;
#2759 = DIRECTION ( 'NONE',  ( -0.000000000000000000, -0.000000000000000000, -1.000000000000000000 ) ) ;
#2760 = CARTESIAN_POINT ( 'NONE',  ( -6.111278549054364184, 4.468440144895414967, 0.000000000000000000 ) ) ;
#2761 = EDGE_LOOP ( 'NONE', ( #1346, #2343, #2167, #1810 ) ) ;
#2762 = CARTESIAN_POINT ( 'NONE',  ( 2.102506451816425148, 6.437519814721501810, -0.000000000000000000 ) ) ;
#2763 = CARTESIAN_POINT ( 'NONE',  ( 2.343103861940804222, 7.491385036312877332, 12.00000000000000355 ) ) ;
#2764 = CALENDAR_DATE ( 2025, 8, 6 ) ;
#2765 = NEXT_ASSEMBLY_USAGE_OCCURRENCE ( 'NAUO1', ' ', ' ', #1974, #604, $ ) ;
#2766 = NEXT_ASSEMBLY_USAGE_OCCURRENCE ( 'NAUO2', ' ', ' ', #1974, #2233, $ ) ;
#2767 = NEXT_ASSEMBLY_USAGE_OCCURRENCE ( 'NAUO3', ' ', ' ', #1974, #1736, $ ) ;
ENDSEC;
END-ISO-10303-21;
