ISO-10303-21;
HEADER;
FILE_DESCRIPTION (( 'STEP AP203' ),
    '1' );
FILE_NAME ('×°ÅäÌå1.STEP',
    '2025-06-06T08:46:52',
    ( '' ),
    ( '' ),
    'SwSTEP 2.0',
    'SolidWorks 2024',
    '' );
FILE_SCHEMA (( 'CONFIG_CONTROL_DESIGN' ));
ENDSEC;

DATA;
#1 = LOCAL_TIME ( 16, 46, 52.00000000000000000, #1871 ) ;
#2 = CARTESIAN_POINT ( 'NONE',  ( 7.493692351462871493, 4.624955478445708756, 12.00000000000000000 ) ) ;
#3 = APPLICATION_CONTEXT ( 'configuration controlled 3d designs of mechanical parts and assemblies' ) ;
#4 = CARTESIAN_POINT ( 'NONE',  ( -7.493692351462872381, 4.624955478445708756, 12.00000000000000178 ) ) ;
#5 = DIRECTION ( 'NONE',  ( 1.000000000000000000, 0.000000000000000000, 0.000000000000000000 ) ) ;
#6 = CARTESIAN_POINT ( 'NONE',  ( 2.656539040913401539, -7.579614208211558513, 0.000000000000000000 ) ) ;
#7 = ORIENTED_EDGE ( 'NONE', *, *, #356, .T. ) ;
#8 = CARTESIAN_POINT ( 'NONE',  ( 6.160239743473693075, 4.555640707412949908, 12.00000000000000000 ) ) ;
#9 = ORIENTED_EDGE ( 'NONE', *, *, #356, .F. ) ;
#10 = ORIENTED_EDGE ( 'NONE', *, *, #2335, .F. ) ;
#11 = DIRECTION ( 'NONE',  ( 1.000000000000000000, 0.000000000000000000, 0.000000000000000000 ) ) ;
#12 = APPROVAL_ROLE ( '' ) ;
#13 = CARTESIAN_POINT ( 'NONE',  ( -4.483872434540645990, 3.615900976672636435, 12.00000000000000000 ) ) ;
#14 = EDGE_CURVE ( 'NONE', #876, #2253, #127, .T. ) ;
#15 = DIRECTION ( 'NONE',  ( 0.000000000000000000, 0.000000000000000000, 1.000000000000000000 ) ) ;
#16 = LINE ( 'NONE', #1263, #2318 ) ;
#17 = CARTESIAN_POINT ( 'NONE',  ( -7.371191737761327190, -0.04693806959179976090, 12.00000000000000000 ) ) ;
#18 = AXIS2_PLACEMENT_3D ( 'NONE', #1321, #43, #2600 ) ;
#19 = CARTESIAN_POINT ( 'NONE',  ( -7.132923872213531524, 2.317627457812000191, 0.000000000000000000 ) ) ;
#20 = CARTESIAN_POINT ( 'NONE',  ( -7.371191737761327190, -0.04693806959179976090, 12.00000000000000000 ) ) ;
#21 = ORIENTED_EDGE ( 'NONE', *, *, #423, .F. ) ;
#22 = DIRECTION ( 'NONE',  ( 1.000000000000000000, 0.000000000000000000, 0.000000000000000000 ) ) ;
#23 = DATE_AND_TIME ( #460, #537 ) ;
#24 = ORIENTED_EDGE ( 'NONE', *, *, #150, .T. ) ;
#25 = ORIENTED_EDGE ( 'NONE', *, *, #1392, .F. ) ;
#26 = CARTESIAN_POINT ( 'NONE',  ( -2.506329113924055108, 13.50000000000000000, 10.69620253164558044 ) ) ;
#27 = CALENDAR_DATE ( 2025, 6, 6 ) ;
#28 = CARTESIAN_POINT ( 'NONE',  ( -4.824518969025148429, -3.147041245337477200, 0.000000000000000000 ) ) ;
#29 = PLANE ( 'NONE',  #2238 ) ;
#30 = CARTESIAN_POINT ( 'NONE',  ( 6.400658039661260013, 4.543412586211410975, 11.99999999999998934 ) ) ;
#31 = CARTESIAN_POINT ( 'NONE',  ( -5.991008890419749378, -4.294704099738194003, 11.99999999999999822 ) ) ;
#32 = EDGE_CURVE ( 'NONE', #1958, #2758, #2401, .T. ) ;
#33 = DIRECTION ( 'NONE',  ( -1.131341397376179805E-16, 1.000000000000000000, 0.000000000000000000 ) ) ;
#34 = CARTESIAN_POINT ( 'NONE',  ( -9.441328775402109130, 1.488213670286769874, 0.000000000000000000 ) ) ;
#35 = CLOSED_SHELL ( 'NONE', ( #2190, #2743, #2700, #567, #2557, #2494, #739, #239, #2261, #136, #2113, #708, #2716, #771, #1261, #1542, #2101, #1966, #329, #1725 ) ) ;
#36 = CARTESIAN_POINT ( 'NONE',  ( 2.317644985622997922, -7.207163419353229017, 0.000000000000000000 ) ) ;
#37 = DIRECTION ( 'NONE',  ( 0.000000000000000000, 0.000000000000000000, -1.000000000000000000 ) ) ;
#38 = COORDINATED_UNIVERSAL_TIME_OFFSET ( 8, 0, .AHEAD. ) ;
#39 = ORIENTED_EDGE ( 'NONE', *, *, #2229, .F. ) ;
#40 =( LENGTH_UNIT ( ) NAMED_UNIT ( * ) SI_UNIT ( .MILLI., .METRE. ) );
#41 = VERTEX_POINT ( 'NONE', #1984 ) ;
#42 = CARTESIAN_POINT ( 'NONE',  ( 5.850233213782777497, -8.052155225990517806, 0.000000000000000000 ) ) ;
#43 = DIRECTION ( 'NONE',  ( 0.000000000000000000, 0.000000000000000000, 1.000000000000000000 ) ) ;
#44 = DATE_AND_TIME ( #1722, #845 ) ;
#45 = CARTESIAN_POINT ( 'NONE',  ( -5.991008890419749378, -4.294704099738194003, 0.000000000000000000 ) ) ;
#46 = CARTESIAN_POINT ( 'NONE',  ( -8.358504278852752378, 0.3938515699128833369, 0.000000000000000000 ) ) ;
#47 = AXIS2_PLACEMENT_3D ( 'NONE', #616, #2310, #393 ) ;
#48 = CARTESIAN_POINT ( 'NONE',  ( -8.108283999563159483, 0.2327444237725053711, 0.000000000000000000 ) ) ;
#49 = PRODUCT_DEFINITION_FORMATION_WITH_SPECIFIED_SOURCE ( 'ä»', '', #2050, .NOT_KNOWN. ) ;
#50 = CARTESIAN_POINT ( 'NONE',  ( 29.49367088607594667, 0.000000000000000000, -14.30379746835441956 ) ) ;
#51 = CARTESIAN_POINT ( 'NONE',  ( -3.006329113924055108, 2.000000000000000000, -1.803797468354420230 ) ) ;
#52 = EDGE_CURVE ( 'NONE', #2580, #1832, #978, .T. ) ;
#53 = CARTESIAN_POINT ( 'NONE',  ( -7.848792042523779600, 0.08651440597800476306, 0.000000000000000000 ) ) ;
#54 = CARTESIAN_POINT ( 'NONE',  ( 0.000000000000000000, 7.500000000000000000, 0.000000000000000000 ) ) ;
#55 = ORIENTED_EDGE ( 'NONE', *, *, #483, .F. ) ;
#56 = ORIENTED_EDGE ( 'NONE', *, *, #649, .F. ) ;
#57 = CARTESIAN_POINT ( 'NONE',  ( 3.344043840211336605, -8.146349429696927658, 12.00000000000000000 ) ) ;
#58 = DIRECTION ( 'NONE',  ( 0.000000000000000000, -1.000000000000000000, 0.000000000000000000 ) ) ;
#59 = COORDINATED_UNIVERSAL_TIME_OFFSET ( 8, 0, .AHEAD. ) ;
#60 = CARTESIAN_POINT ( 'NONE',  ( -6.400671641935995915, 4.543389483881964175, 11.99999999999999467 ) ) ;
#61 = CARTESIAN_POINT ( 'NONE',  ( -7.272175590768164000, -0.04088198260448330790, 11.99999999999999645 ) ) ;
#62 = AXIS2_PLACEMENT_3D ( 'NONE', #1138, #2581, #1318 ) ;
#63 = CARTESIAN_POINT ( 'NONE',  ( 4.483872434540851160, 3.615900976672866474, 11.99999999999999467 ) ) ;
#64 = DIRECTION ( 'NONE',  ( 0.000000000000000000, 0.000000000000000000, 1.000000000000000000 ) ) ;
#65 = AXIS2_PLACEMENT_3D ( 'NONE', #2687, #747, #2449 ) ;
#66 = CARTESIAN_POINT ( 'NONE',  ( -5.859283812647521295, 4.307551783104894838, 0.000000000000000000 ) ) ;
#67 = CARTESIAN_POINT ( 'NONE',  ( -1.502155732314624625, -5.560879430289272563, 12.00000000000000355 ) ) ;
#68 = ORIENTED_EDGE ( 'NONE', *, *, #1353, .T. ) ;
#69 = ADVANCED_FACE ( 'NONE', ( #2638 ), #725, .T. ) ;
#70 = ORIENTED_EDGE ( 'NONE', *, *, #150, .F. ) ;
#71 = CARTESIAN_POINT ( 'NONE',  ( -2.507690216013506390, -7.437910395382290041, 0.000000000000000000 ) ) ;
#72 = PERSON_AND_ORGANIZATION ( #2239, #516 ) ;
#73 = AXIS2_PLACEMENT_3D ( 'NONE', #1955, #2319, #1678 ) ;
#74 = CARTESIAN_POINT ( 'NONE',  ( 3.344043840211337049, -8.146349429696927658, 0.000000000000000000 ) ) ;
#75 = DIRECTION ( 'NONE',  ( 0.000000000000000000, 0.000000000000000000, 1.000000000000000000 ) ) ;
#76 = CARTESIAN_POINT ( 'NONE',  ( 2.966545570604278925, 4.083099689633556295, 0.000000000000000000 ) ) ;
#77 = CARTESIAN_POINT ( 'NONE',  ( -7.848792042523779600, 0.08651440597800473531, 0.000000000000000000 ) ) ;
#78 = DIRECTION ( 'NONE',  ( 1.000000000000000000, 3.432394887416012196E-48, 2.275437079852600145E-32 ) ) ;
#79 = CARTESIAN_POINT ( 'NONE',  ( -6.993672153534657987, 4.594372933012287774, 0.000000000000000000 ) ) ;
#80 = CARTESIAN_POINT ( 'NONE',  ( 6.138221854008102163, -4.431360712238826771, 12.00000000000000888 ) ) ;
#81 = VERTEX_POINT ( 'NONE', #1968 ) ;
#82 = CC_DESIGN_DATE_AND_TIME_ASSIGNMENT ( #1180, #1348, ( #766 ) ) ;
#83 = VERTEX_POINT ( 'NONE', #2425 ) ;
#84 = CARTESIAN_POINT ( 'NONE',  ( 2.507714799693548713, -7.437899700421643168, 0.000000000000000000 ) ) ;
#85 = PERSON_AND_ORGANIZATION ( #2239, #516 ) ;
#86 = VECTOR ( 'NONE', #748, 1000.000000000000000 ) ;
#87 = CARTESIAN_POINT ( 'NONE',  ( -5.484842658736537757, -3.972240646507759099, 12.00000000000000000 ) ) ;
#88 = LINE ( 'NONE', #1364, #1267 ) ;
#89 = EDGE_CURVE ( 'NONE', #1986, #2686, #2527, .T. ) ;
#90 = CARTESIAN_POINT ( 'NONE',  ( -4.332906349846330052, -8.519353938951379490, 11.99999999999999645 ) ) ;
#91 = CARTESIAN_POINT ( 'NONE',  ( 2.233182759024445740, -7.024924597046640962, 12.00000000000000000 ) ) ;
#92 = CARTESIAN_POINT ( 'NONE',  ( 6.298954255771816335, -4.683395835600494550, 0.000000000000000000 ) ) ;
#93 = CARTESIAN_POINT ( 'NONE',  ( 2.429053010526672551, 7.266506548827921463, 12.00000000000000000 ) ) ;
#94 = DIRECTION ( 'NONE',  ( 0.000000000000000000, 1.000000000000000000, 0.000000000000000000 ) ) ;
#95 = CARTESIAN_POINT ( 'NONE',  ( -6.298936487484956714, -4.683415911144963140, 0.000000000000000000 ) ) ;
#96 = ORIENTED_EDGE ( 'NONE', *, *, #1948, .T. ) ;
#97 = APPROVAL_PERSON_ORGANIZATION ( #2055, #1860, #992 ) ;
#98 = ORIENTED_EDGE ( 'NONE', *, *, #2685, .F. ) ;
#99 = CARTESIAN_POINT ( 'NONE',  ( -6.298936487484956714, -4.683415911144963140, 0.000000000000000000 ) ) ;
#100 = PERSON_AND_ORGANIZATION_ROLE ( 'classification_officer' ) ;
#101 = CARTESIAN_POINT ( 'NONE',  ( -3.344043840211335272, -8.146349429696927658, 12.00000000000000000 ) ) ;
#102 = CARTESIAN_POINT ( 'NONE',  ( -6.236290550841554925, -4.450965751114441815, 12.00000000000000000 ) ) ;
#103 = CARTESIAN_POINT ( 'NONE',  ( -9.465876182014010709, 3.075649613638217428, 11.99999999999996625 ) ) ;
#104 = EDGE_CURVE ( 'NONE', #1624, #1165, #1035, .T. ) ;
#105 = CARTESIAN_POINT ( 'NONE',  ( 6.714272332570423885, -5.697735100902648675, 12.00000000000000000 ) ) ;
#106 = CARTESIAN_POINT ( 'NONE',  ( -6.138228046494662138, -4.431347343853152765, 11.99999999999998757 ) ) ;
#107 = AXIS2_PLACEMENT_3D ( 'NONE', #1531, #2127, #471 ) ;
#108 = DIRECTION ( 'NONE',  ( 1.000000000000000000, 0.000000000000000000, 0.000000000000000000 ) ) ;
#109 = CARTESIAN_POINT ( 'NONE',  ( 5.484842658736844179, -3.972240646507680051, 0.000000000000000000 ) ) ;
#110 = ORIENTED_EDGE ( 'NONE', *, *, #1659, .T. ) ;
#111 = CARTESIAN_POINT ( 'NONE',  ( 7.493692351462880374, 4.624955478445709645, 12.00000000000000000 ) ) ;
#112 = APPROVAL_STATUS ( 'not_yet_approved' ) ;
#113 = ORIENTED_EDGE ( 'NONE', *, *, #1437, .T. ) ;
#114 = DIRECTION ( 'NONE',  ( 0.000000000000000000, 0.000000000000000000, 1.000000000000000000 ) ) ;
#115 = CARTESIAN_POINT ( 'NONE',  ( -6.400671641935998579, 4.543389483881958846, 12.00000000000001599 ) ) ;
#116 = CARTESIAN_POINT ( 'NONE',  ( -2.082915758131141715, -6.443885216963101570, 12.00000000000000000 ) ) ;
#117 = CARTESIAN_POINT ( 'NONE',  ( -2.726950651943745196, -7.639514351464529618, 11.99999999999998224 ) ) ;
#118 = APPROVAL ( #1689, 'æœª' ) ;
#119 = CARTESIAN_POINT ( 'NONE',  ( -20.50632911392404623, 15.00000000000000000, 10.69620253164558044 ) ) ;
#120 = B_SPLINE_CURVE_WITH_KNOTS ( 'NONE', 3,
 ( #1209, #2691, #1446, #2517 ),
 .UNSPECIFIED., .F., .F.,
 ( 4, 4 ),
 ( 0.000000000000000000, 1.170086868559685245 ),
 .UNSPECIFIED. ) ;
#121 = EDGE_CURVE ( 'NONE', #411, #1137, #1386, .T. ) ;
#122 = CARTESIAN_POINT ( 'NONE',  ( 9.441328775402123341, 1.488213670286784307, 12.00000000000000178 ) ) ;
#123 = ORIENTED_EDGE ( 'NONE', *, *, #1844, .T. ) ;
#124 = CARTESIAN_POINT ( 'NONE',  ( 6.696543290711870711, 4.577635562164167560, 11.99999999999998934 ) ) ;
#125 = DATE_AND_TIME ( #1239, #2541 ) ;
#126 = EDGE_LOOP ( 'NONE', ( #2118, #1872, #202, #541 ) ) ;
#127 = CIRCLE ( 'NONE', #2181, 9.999999999999998224 ) ;
#128 = CARTESIAN_POINT ( 'NONE',  ( 8.029557193585688424, 0.1842891645098989895, 0.000000000000000000 ) ) ;
#129 = B_SPLINE_CURVE_WITH_KNOTS ( 'NONE', 3,
 ( #1617, #93, #949, #751 ),
 .UNSPECIFIED., .F., .F.,
 ( 4, 4 ),
 ( 0.000000000000000000, 1.170086868559896631 ),
 .UNSPECIFIED. ) ;
#130 = CARTESIAN_POINT ( 'NONE',  ( -4.483872434540666418, 3.615900976672631995, 12.00000000000001066 ) ) ;
#131 = B_SPLINE_SURFACE_WITH_KNOTS ( 'NONE', 3, 1, ( 
 ( #2125, #195 ),
 ( #647, #209 ),
 ( #1694, #1931 ),
 ( #223, #1082 ),
 ( #1067, #1917 ),
 ( #1502, #2 ),
 ( #870, #1709 ),
 ( #2349, #2379 ),
 ( #2203, #30 ),
 ( #1517, #919 ),
 ( #2174, #2394 ),
 ( #1561, #1772 ),
 ( #1949, #63 ),
 ( #1726, #2621 ),
 ( #273, #485 ),
 ( #257, #888 ),
 ( #1132, #288 ),
 ( #2219, #871 ),
 ( #709, #2159 ),
 ( #1742, #1340 ),
 ( #1529, #2410 ),
 ( #1788, #678 ),
 ( #1980, #2588 ),
 ( #470, #2605 ),
 ( #2422, #661 ),
 ( #2636, #500 ),
 ( #1352, #1146 ),
 ( #48, #1995 ),
 ( #77, #932 ),
 ( #904, #1100 ),
 ( #454, #1325 ),
 ( #2189, #1310 ),
 ( #693, #722 ),
 ( #1160, #515 ),
 ( #1117, #1575 ),
 ( #1758, #1368 ),
 ( #1546, #1965 ),
 ( #305, #2009 ),
 ( #2364, #2573 ),
 ( #240, #1175 ),
 ( #1600, #1208 ),
 ( #1825, #2453 ),
 ( #531, #2690 ),
 ( #986, #962 ),
 ( #577, #2049 ),
 ( #352, #144 ),
 ( #1000, #133 ),
 ( #1813, #2061 ),
 ( #2676, #1422 ),
 ( #2650, #973 ),
 ( #1630, #1838 ),
 ( #1588, #1385 ),
 ( #778, #2481 ),
 ( #569, #1852 ),
 ( #2439, #2663 ),
 ( #2703, #2234 ),
 ( #790, #1399 ),
 ( #545, #106 ),
 ( #735, #1644 ),
 ( #763, #1803 ),
 ( #2274, #319 ),
 ( #2025, #1616 ),
 ( #1412, #750 ),
 ( #2492, #1433 ),
 ( #365, #2250 ),
 ( #330, #1188 ),
 ( #2037, #1221 ),
 ( #2288, #117 ),
 ( #92, #2466 ),
 ( #947, #558 ),
 ( #2263, #342 ),
 ( #1199, #2333 ),
 ( #179, #1015 ),
 ( #644, #1900 ),
 ( #1444, #601 ),
 ( #378, #1482 ),
 ( #2298, #614 ),
 ( #2753, #2111 ),
 ( #1235, #1260 ),
 ( #1038, #2309 ),
 ( #589, #849 ),
 ( #1276, #438 ),
 ( #629, #2525 ),
 ( #2074, #2087 ),
 ( #169, #1025 ),
 ( #821, #1886 ),
 ( #193, #810 ),
 ( #1679, #2124 ),
 ( #2504, #1865 ),
 ( #421, #2739 ),
 ( #1916, #1051 ),
 ( #1877, #2726 ),
 ( #1468, #2321 ),
 ( #158, #208 ),
 ( #1666, #2348 ),
 ( #835, #1692 ),
 ( #1455, #2515 ),
 ( #2539, #1065 ),
 ( #405, #1707 ),
 ( #2764, #2555 ),
 ( #391, #1246 ),
 ( #2098, #1501 ) ),
 .UNSPECIFIED., .T., .F., .F.,
 ( 4, 1, 1, 1, 2, 1, 1, 1, 2, 1, 1, 1, 2, 1, 1, 1, 2, 1, 1, 1, 2, 1, 1, 1, 2, 1, 1, 1, 2, 1, 1, 1, 2, 1, 1, 1, 2, 1, 1, 1, 2, 1, 1, 1, 2, 1, 1, 1, 2, 1, 1, 1, 2, 1, 1, 1, 2, 1, 1, 1, 2, 1, 1, 1, 2, 1, 1, 1, 2, 1, 1, 1, 2, 1, 1, 1, 2, 1, 1, 1, 4 ),
 ( 2, 2 ),
 ( 0.000000000000000000, 0.02086768923310218515, 0.04173537846620437031, 0.06260306769930655546, 0.08347075693240874061, 0.08760306741797002639, 0.09173537790353133992, 0.09586768838909262569, 0.09999999887465392534, 0.1208676881077570681, 0.1417353773408602247, 0.1626030665739633396, 0.1834707558070664823, 0.1876030668553005931, 0.1917353779035346761, 0.1958676889517688147, 0.2000000000000029254, 0.2208676892331050967, 0.2417353784662072957, 0.2626030676993095225, 0.2834707569324116383, 0.2876030674179727020, 0.2917353779035336547, 0.2958676883890946074, 0.2999999988746556712, 0.3208676881077588416, 0.3417353773408619011, 0.3626030665739650716, 0.3834707558070682420, 0.3876030668553018810, 0.3917353779035354644, 0.3958676889517690478, 0.4000000000000026867, 0.4208676892331048580, 0.4417353784662070293, 0.4626030676993092006, 0.4834707569324113718, 0.4876030674179722135, 0.4917353779035329442, 0.4958676883890936749, 0.4999999988746545165, 0.5208676881077576315, 0.5417353773408608575, 0.5626030665739639725, 0.5834707558070670874, 0.5876030668553005043, 0.5917353779035338102, 0.5958676889517671160, 0.6000000000000004219, 0.6208676892331026487, 0.6417353784662048755, 0.6626030676993071022, 0.6834707569324092180, 0.6876030674179700597, 0.6917353779035311234, 0.6958676883890919651, 0.6999999988746528068, 0.7208676881077560328, 0.7417353773408590367, 0.7626030665739620407, 0.7834707558070652667, 0.7876030668552986835, 0.7917353779035323225, 0.7958676889517659614, 0.7999999999999993783, 0.8208676892331016051, 0.8417353784662036098, 0.8626030676993058366, 0.8834707569324080634, 0.8876030674179690161, 0.8917353779035299688, 0.8958676883890908105, 0.8999999988746518742, 0.9208676881077549892, 0.9417353773408581041, 0.9626030665739612191, 0.9834707558070643341, 0.9876030668552981950, 0.9917353779035322781, 0.9958676889517661390, 1.000000000000000000 ),
 ( 0.000000000000000000, 1.000000000000000000 ),
 .UNSPECIFIED. ) ;
#132 = CARTESIAN_POINT ( 'NONE',  ( 2.361250188460726651, 7.192995230092972037, 0.000000000000000000 ) ) ;
#133 = CARTESIAN_POINT ( 'NONE',  ( -8.274838854705523161, 0.3405508163308291758, 12.00000000000000000 ) ) ;
#134 = CARTESIAN_POINT ( 'NONE',  ( -2.656539040913415750, -7.579614208211572723, 12.00000000000000000 ) ) ;
#135 = CARTESIAN_POINT ( 'NONE',  ( 9.465876182014024920, 3.075649613638232083, 12.00000000000000000 ) ) ;
#136 = ADVANCED_FACE ( 'NONE', ( #519, #1532 ), #934, .T. ) ;
#137 = CARTESIAN_POINT ( 'NONE',  ( -2.284244450223213097, 7.783358316048081704, 12.00000000000001243 ) ) ;
#138 = DATE_AND_TIME ( #2269, #1076 ) ;
#139 = CC_DESIGN_SECURITY_CLASSIFICATION ( #2684, ( #2765 ) ) ;
#140 = ORIENTED_EDGE ( 'NONE', *, *, #869, .T. ) ;
#141 = DIRECTION ( 'NONE',  ( 0.000000000000000000, 0.000000000000000000, 1.000000000000000000 ) ) ;
#142 = CARTESIAN_POINT ( 'NONE',  ( -2.343130036895797907, 7.491379238793241413, 11.99999999999997513 ) ) ;
#143 = CARTESIAN_POINT ( 'NONE',  ( 2.966545570604281590, 4.083099689633546525, 11.99999999999999289 ) ) ;
#144 = CARTESIAN_POINT ( 'NONE',  ( -8.781005085690726020, 0.6630142691165658020, 12.00000000000000000 ) ) ;
#145 = DIRECTION ( 'NONE',  ( 0.000000000000000000, 1.000000000000000000, 0.000000000000000000 ) ) ;
#146 = CARTESIAN_POINT ( 'NONE',  ( 8.781005085690727796, 0.6630142691165648028, 0.000000000000000000 ) ) ;
#147 = APPROVAL_PERSON_ORGANIZATION ( #2092, #662, #552 ) ;
#148 = CARTESIAN_POINT ( 'NONE',  ( -2.102506451816741784, 6.437519814721704314, 12.00000000000000000 ) ) ;
#149 = APPROVAL_STATUS ( 'not_yet_approved' ) ;
#150 = EDGE_CURVE ( 'NONE', #1418, #1402, #2311, .T. ) ;
#151 = CARTESIAN_POINT ( 'NONE',  ( -8.274838854705517832, 0.3405508163308278435, 12.00000000000000000 ) ) ;
#152 = VERTEX_POINT ( 'NONE', #259 ) ;
#153 = CIRCLE ( 'NONE', #518, 10.00000000000000000 ) ;
#154 = LINE ( 'NONE', #1012, #212 ) ;
#155 = EDGE_CURVE ( 'NONE', #1289, #2103, #536, .T. ) ;
#156 = CIRCLE ( 'NONE', #2561, 2.281000000000001027 ) ;
#157 = FACE_OUTER_BOUND ( 'NONE', #563, .T. ) ;
#158 = CARTESIAN_POINT ( 'NONE',  ( 2.966545570604278925, 4.083099689633556295, 0.000000000000000000 ) ) ;
#159 = VERTEX_POINT ( 'NONE', #1548 ) ;
#160 = CARTESIAN_POINT ( 'NONE',  ( 7.993670886075939563, 13.50000000000000000, -14.30379746835441956 ) ) ;
#161 = CARTESIAN_POINT ( 'NONE',  ( 8.781005085690727796, 0.6630142691165648028, 0.000000000000000000 ) ) ;
#162 = DATE_TIME_ROLE ( 'creation_date' ) ;
#163 = ORIENTED_EDGE ( 'NONE', *, *, #963, .T. ) ;
#164 = APPROVAL ( #1493, 'UNKNOWN' ) ;
#165 = DIRECTION ( 'NONE',  ( 1.000000000000000000, 0.000000000000000000, 0.000000000000000000 ) ) ;
#166 = AXIS2_PLACEMENT_3D ( 'NONE', #908, #2176, #1327 ) ;
#167 = CARTESIAN_POINT ( 'NONE',  ( 6.696543290711865382, 4.577635562164167560, 12.00000000000000355 ) ) ;
#168 = EDGE_CURVE ( 'NONE', #2253, #81, #1957, .T. ) ;
#169 = CARTESIAN_POINT ( 'NONE',  ( 8.512945476436225789, 4.345483665702673193, 0.000000000000000000 ) ) ;
#170 = CARTESIAN_POINT ( 'NONE',  ( -2.208344767700846756, -6.928883210746629828, 12.00000000000000000 ) ) ;
#171 = DIRECTION ( 'NONE',  ( 1.902421127696359117E-48, 1.000000000000000000, 1.535339560257679861E-32 ) ) ;
#172 = PERSON_AND_ORGANIZATION_ROLE ( 'classification_officer' ) ;
#173 = VECTOR ( 'NONE', #1016, 1000.000000000000000 ) ;
#174 = EDGE_LOOP ( 'NONE', ( #2567, #2325, #188, #1255 ) ) ;
#175 = CARTESIAN_POINT ( 'NONE',  ( -6.387725773860197798, -4.868748366796358695, 12.00000000000000000 ) ) ;
#177 = DIRECTION ( 'NONE',  ( 0.000000000000000000, 1.000000000000000000, 0.000000000000000000 ) ) ;
#176 = LOCAL_TIME ( 16, 46, 52.00000000000000000, #300 ) ;
#178 = CARTESIAN_POINT ( 'NONE',  ( 6.894656006666346038, 4.588316846032622465, 12.00000000000000000 ) ) ;
#179 = CARTESIAN_POINT ( 'NONE',  ( 4.824518969025303861, -3.147041245337514948, 0.000000000000000000 ) ) ;
#180 = VERTEX_POINT ( 'NONE', #2012 ) ;
#181 = EDGE_CURVE ( 'NONE', #623, #2740, #394, .T. ) ;
#182 = CARTESIAN_POINT ( 'NONE',  ( -6.530671864687544570, -5.231638159468708693, 12.00000000000000000 ) ) ;
#183 = AXIS2_PLACEMENT_3D ( 'NONE', #2119, #806, #1464 ) ;
#184 = VERTEX_POINT ( 'NONE', #2608 ) ;
#185 = CARTESIAN_POINT ( 'NONE',  ( 2.322464273014722025, 6.995915274641618886, 0.000000000000000000 ) ) ;
#186 = VERTEX_POINT ( 'NONE', #1355 ) ;
#187 = FACE_OUTER_BOUND ( 'NONE', #1714, .T. ) ;
#188 = ORIENTED_EDGE ( 'NONE', *, *, #32, .T. ) ;
#189 = CARTESIAN_POINT ( 'NONE',  ( -5.907343465551137207, -4.241403345696569183, 12.00000000000000000 ) ) ;
#190 = DATE_AND_TIME ( #2361, #359 ) ;
#191 = DESIGN_CONTEXT ( 'detailed design', #1634, 'design' ) ;
#192 = CARTESIAN_POINT ( 'NONE',  ( -6.993672153534667757, 4.594372933012287774, 12.00000000000000000 ) ) ;
#193 = CARTESIAN_POINT ( 'NONE',  ( 6.894656006666349590, 4.588316846032622465, 0.000000000000000000 ) ) ;
#194 = ORIENTED_EDGE ( 'NONE', *, *, #1642, .T. ) ;
#195 = CARTESIAN_POINT ( 'NONE',  ( 8.358504305523094757, 0.3938515869037635952, 12.00000000000000178 ) ) ;
#196 = VECTOR ( 'NONE', #2286, 1000.000000000000000 ) ;
#197 = CARTESIAN_POINT ( 'NONE',  ( -6.696538678762629537, 4.577647825018113181, 0.000000000000000000 ) ) ;
#198 = EDGE_CURVE ( 'NONE', #2130, #1610, #905, .T. ) ;
#199 = VERTEX_POINT ( 'NONE', #1731 ) ;
#200 = CARTESIAN_POINT ( 'NONE',  ( -2.506329113924055108, 13.50000000000000000, 0.6962025316455769941 ) ) ;
#201 = CONTEXT_DEPENDENT_SHAPE_REPRESENTATION ( #1782, #2674 ) ;
#202 = ORIENTED_EDGE ( 'NONE', *, *, #975, .F. ) ;
#203 = CARTESIAN_POINT ( 'NONE',  ( 7.132923872213810412, -2.317627457812008185, 12.00000000000000000 ) ) ;
#204 = ORIENTED_EDGE ( 'NONE', *, *, #1356, .F. ) ;
#205 = CARTESIAN_POINT ( 'NONE',  ( 2.208344767702428602, 8.071116789248321766, 0.000000000000000000 ) ) ;
#206 = PERSON_AND_ORGANIZATION_ROLE ( 'creator' ) ;
#207 = CARTESIAN_POINT ( 'NONE',  ( -2.343130036895801460, 7.491379238793245854, 12.00000000000000711 ) ) ;
#208 = CARTESIAN_POINT ( 'NONE',  ( 4.799971562413225534, -1.559605301985973247, 12.00000000000000355 ) ) ;
#209 = CARTESIAN_POINT ( 'NONE',  ( 8.781005085690726020, 0.6630142691165642477, 12.00000000000000000 ) ) ;
#210 = CARTESIAN_POINT ( 'NONE',  ( 2.082915758131235417, 8.556114783037306992, 0.000000000000000000 ) ) ;
#211 = DIRECTION ( 'NONE',  ( 0.000000000000000000, 0.000000000000000000, -1.000000000000000000 ) ) ;
#212 = VECTOR ( 'NONE', #2750, 1000.000000000000000 ) ;
#213 = CARTESIAN_POINT ( 'NONE',  ( 1.502155732314630399, 9.439120569711015207, 0.000000000000000000 ) ) ;
#214 = ORIENTED_EDGE ( 'NONE', *, *, #2444, .F. ) ;
#215 = CARTESIAN_POINT ( 'NONE',  ( -6.400671641935998579, 4.543389483881958846, 12.00000000000001599 ) ) ;
#216 = EDGE_CURVE ( 'NONE', #2237, #1593, #1773, .T. ) ;
#217 = ORIENTED_EDGE ( 'NONE', *, *, #1465, .T. ) ;
#218 = CARTESIAN_POINT ( 'NONE',  ( -6.530671864760538625, -5.231638159654014686, 0.000000000000000000 ) ) ;
#219 = PERSON_AND_ORGANIZATION ( #2239, #516 ) ;
#220 = CARTESIAN_POINT ( 'NONE',  ( -9.441328775402123341, 1.488213670286770540, 0.000000000000000000 ) ) ;
#221 = DIRECTION ( 'NONE',  ( -0.000000000000000000, -0.000000000000000000, -1.000000000000000000 ) ) ;
#222 = APPROVAL_PERSON_ORGANIZATION ( #465, #368, #253 ) ;
#223 = CARTESIAN_POINT ( 'NONE',  ( -6.938893903907228378E-15, 9.953011224704635396, 0.000000000000000000 ) ) ;
#224 = CARTESIAN_POINT ( 'NONE',  ( -8.108283999563168365, 0.2327444237725066478, 11.99999999999999822 ) ) ;
#225 = CARTESIAN_POINT ( 'NONE',  ( -2.506329113924055108, 13.50000000000000000, 10.69620253164558044 ) ) ;
#226 = CARTESIAN_POINT ( 'NONE',  ( -7.493692351462883039, 4.624955478445709645, 0.000000000000000000 ) ) ;
#227 = ORIENTED_EDGE ( 'NONE', *, *, #297, .T. ) ;
#228 = CARTESIAN_POINT ( 'NONE',  ( 2.361250188460723543, 7.192995230092981807, 0.000000000000000000 ) ) ;
#229 = APPROVAL_ROLE ( '' ) ;
#230 = ORIENTED_EDGE ( 'NONE', *, *, #1375, .T. ) ;
#231 = APPROVAL ( #1089, 'UNKNOWN' ) ;
#232 = ORIENTED_EDGE ( 'NONE', *, *, #1646, .T. ) ;
#233 = CARTESIAN_POINT ( 'NONE',  ( 5.859283812646879142, 4.307551783104790033, 0.000000000000000000 ) ) ;
#234 = PERSON_AND_ORGANIZATION ( #2239, #516 ) ;
#235 = CIRCLE ( 'NONE', #2378, 10.00000000000000000 ) ;
#236 = CARTESIAN_POINT ( 'NONE',  ( -8.108283999563159483, 0.2327444237725053711, 0.000000000000000000 ) ) ;
#237 = CYLINDRICAL_SURFACE ( 'NONE', #1853, 10.00000000000000000 ) ;
#238 = B_SPLINE_CURVE_WITH_KNOTS ( 'NONE', 3,
 ( #598, #1675, #1452, #1430 ),
 .UNSPECIFIED., .F., .F.,
 ( 4, 4 ),
 ( 0.000000000000000000, 1.170086868559845339 ),
 .UNSPECIFIED. ) ;
#239 = ADVANCED_FACE ( 'NONE', ( #854, #2577 ), #360, .F. ) ;
#240 = CARTESIAN_POINT ( 'NONE',  ( -6.422946048514706519, -4.954215774865630806, 0.000000000000000000 ) ) ;
#241 = CARTESIAN_POINT ( 'NONE',  ( -2.284244450223207767, 7.783358316048084369, 0.000000000000000000 ) ) ;
#242 = AXIS2_PLACEMENT_3D ( 'NONE', #489, #669, #1550 ) ;
#243 = CARTESIAN_POINT ( 'NONE',  ( -6.604370679972648261, 4.570562234860815032, 0.000000000000000000 ) ) ;
#244 = CARTESIAN_POINT ( 'NONE',  ( -9.465876182014046236, 3.075649613638219648, 0.000000000000000000 ) ) ;
#245 = CARTESIAN_POINT ( 'NONE',  ( -2.726950651943749637, -7.639514351464526065, 0.000000000000000000 ) ) ;
#246 = CARTESIAN_POINT ( 'NONE',  ( -7.132923872213805083, -2.317627457812386105, 0.000000000000000000 ) ) ;
#247 = CALENDAR_DATE ( 2025, 6, 6 ) ;
#248 = VERTEX_POINT ( 'NONE', #1070 ) ;
#249 = DIRECTION ( 'NONE',  ( -1.000000000000000222, -1.665334536937734811E-16, -8.003663640381234989E-17 ) ) ;
#250 = ORIENTED_EDGE ( 'NONE', *, *, #2083, .F. ) ;
#251 = CARTESIAN_POINT ( 'NONE',  ( -5.991008890419743160, -4.294704099738190450, 0.000000000000000000 ) ) ;
#252 = CARTESIAN_POINT ( 'NONE',  ( 2.452482661396970798E-13, -7.500000000000117240, 0.000000000000000000 ) ) ;
#253 = APPROVAL_ROLE ( '' ) ;
#254 = CARTESIAN_POINT ( 'NONE',  ( -2.507690216013505502, -7.437910395382286488, 0.000000000000000000 ) ) ;
#255 = CARTESIAN_POINT ( 'NONE',  ( 7.993670886075939563, 13.50000000000000000, 10.69720253164557988 ) ) ;
#256 = ADVANCED_FACE ( 'NONE', ( #1265 ), #1840, .T. ) ;
#257 = CARTESIAN_POINT ( 'NONE',  ( -5.472734944175708272, 3.988905485927058958, -0.000000000000000000 ) ) ;
#258 = DIRECTION ( 'NONE',  ( 1.000000000000000000, 0.000000000000000000, 0.000000000000000000 ) ) ;
#259 = CARTESIAN_POINT ( 'NONE',  ( -2.506329113924055108, 2.000000000000000000, 8.183694709364671027 ) ) ;
#260 = AXIS2_PLACEMENT_3D ( 'NONE', #1760, #277, #1372 ) ;
#261 = LOCAL_TIME ( 16, 46, 52.00000000000000000, #38 ) ;
#262 = CARTESIAN_POINT ( 'NONE',  ( 5.991008889722118980, -4.294704099293352506, 12.00000000000000000 ) ) ;
#263 = CARTESIAN_POINT ( 'NONE',  ( -2.656539040913415750, -7.579614208211572723, 12.00000000000000000 ) ) ;
#264 = VERTEX_POINT ( 'NONE', #2479 ) ;
#265 = ORIENTED_EDGE ( 'NONE', *, *, #593, .T. ) ;
#266 = CARTESIAN_POINT ( 'NONE',  ( -6.763445381126885536, -6.753463966749097658, 0.000000000000000000 ) ) ;
#267 = LINE ( 'NONE', #1976, #1940 ) ;
#268 = PERSON_AND_ORGANIZATION ( #2239, #516 ) ;
#269 = B_SPLINE_CURVE_WITH_KNOTS ( 'NONE', 3,
 ( #1627, #375, #566, #2272 ),
 .UNSPECIFIED., .F., .F.,
 ( 4, 4 ),
 ( 0.000000000000000000, 1.170086868559664151 ),
 .UNSPECIFIED. ) ;
#270 = CARTESIAN_POINT ( 'NONE',  ( -9.441328775402105578, 1.488213670286778534, 11.99999999999998934 ) ) ;
#271 = CARTESIAN_POINT ( 'NONE',  ( -6.993672153534667757, 4.594372933012287774, 12.00000000000000000 ) ) ;
#272 = CIRCLE ( 'NONE', #1845, 2.281000000000001027 ) ;
#273 = CARTESIAN_POINT ( 'NONE',  ( -4.483872434540669083, 3.615900976672636435, 0.000000000000000000 ) ) ;
#274 = EDGE_CURVE ( 'NONE', #2146, #180, #2089, .T. ) ;
#275 = APPROVAL_PERSON_ORGANIZATION ( #1650, #1166, #1214 ) ;
#276 = CARTESIAN_POINT ( 'NONE',  ( 6.387725773860205791, -4.868748366796374683, 12.00000000000000000 ) ) ;
#277 = DIRECTION ( 'NONE',  ( -0.000000000000000000, -0.000000000000000000, -1.000000000000000000 ) ) ;
#278 = EDGE_CURVE ( 'NONE', #41, #2566, #269, .T. ) ;
#279 = CARTESIAN_POINT ( 'NONE',  ( 2.775557561562891351E-14, -5.046988775295467633, 0.000000000000000000 ) ) ;
#280 = CARTESIAN_POINT ( 'NONE',  ( -5.859283812647522183, 4.307551783104894838, 0.000000000000000000 ) ) ;
#281 = EDGE_LOOP ( 'NONE', ( #476, #493, #1737, #10, #1701 ) ) ;
#282 = ORIENTED_EDGE ( 'NONE', *, *, #993, .T. ) ;
#283 = CARTESIAN_POINT ( 'NONE',  ( -2.233182758816828706, -7.024924596245811337, -0.000000000000000000 ) ) ;
#284 = CALENDAR_DATE ( 2025, 6, 6 ) ;
#285 = CARTESIAN_POINT ( 'NONE',  ( 6.422935811018229302, -4.954223950520262321, 0.000000000000000000 ) ) ;
#286 = CARTESIAN_POINT ( 'NONE',  ( 6.236290550841929736, -4.450965751114215330, 0.000000000000000000 ) ) ;
#287 = AXIS2_PLACEMENT_3D ( 'NONE', #1987, #1941, #2549 ) ;
#288 = CARTESIAN_POINT ( 'NONE',  ( 2.322464273014722469, 6.995915274641618886, 11.99999999999999822 ) ) ;
#289 = APPROVAL_PERSON_ORGANIZATION ( #1111, #2290, #2552 ) ;
#290 = CARTESIAN_POINT ( 'NONE',  ( 2.957494971739786038, -7.827703132519289397, 0.000000000000000000 ) ) ;
#291 = AXIS2_PLACEMENT_3D ( 'NONE', #1081, #2057, #302 ) ;
#292 = APPROVAL ( #2331, 'æœª' ) ;
#293 = CARTESIAN_POINT ( 'NONE',  ( 2.208344767702428602, 8.071116789248321766, 0.000000000000000000 ) ) ;
#294 = CARTESIAN_POINT ( 'NONE',  ( -2.233182758816827818, -7.024924596245807784, 12.00000000000000000 ) ) ;
#295 = CIRCLE ( 'NONE', #1496, 2.281000000000001027 ) ;
#296 = ORIENTED_EDGE ( 'NONE', *, *, #1560, .F. ) ;
#297 = EDGE_CURVE ( 'NONE', #1905, #673, #1066, .T. ) ;
#298 = ORIENTED_EDGE ( 'NONE', *, *, #1229, .T. ) ;
#299 = CARTESIAN_POINT ( 'NONE',  ( 6.772155392964375409, -0.01029943717830812504, 12.00000000000000000 ) ) ;
#300 = COORDINATED_UNIVERSAL_TIME_OFFSET ( 8, 0, .AHEAD. ) ;
#301 = CARTESIAN_POINT ( 'NONE',  ( 6.298954255771816335, -4.683395835600494550, 0.000000000000000000 ) ) ;
#302 = DIRECTION ( 'NONE',  ( 1.000000000000000000, 0.000000000000000000, 0.000000000000000000 ) ) ;
#303 = CARTESIAN_POINT ( 'NONE',  ( -7.570614269378592276, -0.02291015667874163678, 11.99999999999999822 ) ) ;
#304 = CARTESIAN_POINT ( 'NONE',  ( 2.317644985622998366, -7.207163419353229905, 12.00000000000000178 ) ) ;
#305 = CARTESIAN_POINT ( 'NONE',  ( -6.138228046494671020, -4.431347343853168752, 0.000000000000000000 ) ) ;
#306 = DIRECTION ( 'NONE',  ( 0.000000000000000000, 0.000000000000000000, 1.000000000000000000 ) ) ;
#307 = DIRECTION ( 'NONE',  ( 0.000000000000000000, 1.000000000000000000, 0.000000000000000000 ) ) ;
#308 = CARTESIAN_POINT ( 'NONE',  ( -2.233182758816828706, -7.024924596245811337, -0.000000000000000000 ) ) ;
#309 = ORIENTED_EDGE ( 'NONE', *, *, #104, .T. ) ;
#310 = ORIENTED_EDGE ( 'NONE', *, *, #2338, .F. ) ;
#311 = CARTESIAN_POINT ( 'NONE',  ( 2.507714799693546937, -7.437899700421633398, 12.00000000000000888 ) ) ;
#312 = COORDINATED_UNIVERSAL_TIME_OFFSET ( 8, 0, .AHEAD. ) ;
#313 = EDGE_CURVE ( 'NONE', #248, #2580, #787, .T. ) ;
#314 = VECTOR ( 'NONE', #1477, 1000.000000000000000 ) ;
#315 = CARTESIAN_POINT ( 'NONE',  ( -1.502155732314621517, -5.560879430289261904, 0.000000000000000000 ) ) ;
#316 = FACE_OUTER_BOUND ( 'NONE', #977, .T. ) ;
#317 = CARTESIAN_POINT ( 'NONE',  ( -7.570614269378583394, -0.02291015667874390926, 0.000000000000000000 ) ) ;
#318 = CARTESIAN_POINT ( 'NONE',  ( 8.274838854007532163, 0.3405508158861603740, -0.000000000000000000 ) ) ;
#319 = CARTESIAN_POINT ( 'NONE',  ( -6.494314511372127896, -5.139339640982587554, 12.00000000000000000 ) ) ;
#320 = DIRECTION ( 'NONE',  ( 0.000000000000000000, 0.000000000000000000, 1.000000000000000000 ) ) ;
#321 = CARTESIAN_POINT ( 'NONE',  ( 5.935829879567853240, 4.370651491258980670, 12.00000000000000178 ) ) ;
#322 = EDGE_LOOP ( 'NONE', ( #140, #1490, #1924, #1216 ) ) ;
#323 = CARTESIAN_POINT ( 'NONE',  ( 7.371191738586982289, -0.04693806964190226638, 0.000000000000000000 ) ) ;
#324 = PERSON_AND_ORGANIZATION ( #2239, #516 ) ;
#325 = ORIENTED_EDGE ( 'NONE', *, *, #2423, .T. ) ;
#326 = CARTESIAN_POINT ( 'NONE',  ( -2.429053010527122414, 7.266506548828019163, 12.00000000000000000 ) ) ;
#327 = CARTESIAN_POINT ( 'NONE',  ( 6.696543290711860053, 4.577635562164165783, 0.000000000000000000 ) ) ;
#328 = CARTESIAN_POINT ( 'NONE',  ( 4.824518969025301196, -3.147041245337504289, 11.99999999999998579 ) ) ;
#329 = ADVANCED_FACE ( 'NONE', ( #2285 ), #363, .F. ) ;
#330 = CARTESIAN_POINT ( 'NONE',  ( 6.714272332570425661, -5.697735100902652228, -0.000000000000000000 ) ) ;
#331 = AXIS2_PLACEMENT_3D ( 'NONE', #2026, #64, #108 ) ;
#332 = CARTESIAN_POINT ( 'NONE',  ( 6.160239743473693075, 4.555640707412949908, 0.000000000000000000 ) ) ;
#333 = CARTESIAN_POINT ( 'NONE',  ( 5.472734944175829952, 3.988905485927467520, 12.00000000000000000 ) ) ;
#334 = ORIENTED_EDGE ( 'NONE', *, *, #555, .T. ) ;
#335 = CARTESIAN_POINT ( 'NONE',  ( 6.298954255771812782, -4.683395835600498103, 0.000000000000000000 ) ) ;
#336 = PERSON_AND_ORGANIZATION ( #2239, #516 ) ;
#337 = EDGE_LOOP ( 'NONE', ( #1043, #2385, #2475, #217 ) ) ;
#338 = LINE ( 'NONE', #511, #1988 ) ;
#339 = AXIS2_PLACEMENT_3D ( 'NONE', #54, #459, #2164 ) ;
#340 = CARTESIAN_POINT ( 'NONE',  ( -6.993672185098409599, 4.594372934942809295, 12.00000000000000000 ) ) ;
#341 = CARTESIAN_POINT ( 'NONE',  ( 2.322464273014719804, 6.995915274641613557, 0.000000000000000000 ) ) ;
#342 = CARTESIAN_POINT ( 'NONE',  ( -2.233182758816828262, -7.024924596245809560, 12.00000000000000000 ) ) ;
#343 = EDGE_CURVE ( 'NONE', #1846, #1108, #1218, .T. ) ;
#344 = CARTESIAN_POINT ( 'NONE',  ( -2.208344767625415983, -6.928883210454963582, 0.000000000000000000 ) ) ;
#345 = CARTESIAN_POINT ( 'NONE',  ( 4.824518969025299420, -3.147041245337514059, 0.000000000000000000 ) ) ;
#346 = CARTESIAN_POINT ( 'NONE',  ( 6.111289349561167761, 4.468430124432424044, 11.99999999999998579 ) ) ;
#347 = COORDINATED_UNIVERSAL_TIME_OFFSET ( 8, 0, .AHEAD. ) ;
#348 = ORIENTED_EDGE ( 'NONE', *, *, #1690, .F. ) ;
#349 = CARTESIAN_POINT ( 'NONE',  ( -3.006329113924055108, 2.000000000000000000, 8.196202531645580436 ) ) ;
#350 = CARTESIAN_POINT ( 'NONE',  ( 2.452482661396970798E-13, -7.500000000000117240, 12.00000000000000000 ) ) ;
#351 = CARTESIAN_POINT ( 'NONE',  ( 6.400658039661265342, 4.543412586211411863, 0.000000000000000000 ) ) ;
#352 = CARTESIAN_POINT ( 'NONE',  ( -3.344043840211339713, -8.146349429696929434, -0.000000000000000000 ) ) ;
#353 = PLANE ( 'NONE',  #2254 ) ;
#354 = EDGE_CURVE ( 'NONE', #1320, #1717, #154, .T. ) ;
#355 = CARTESIAN_POINT ( 'NONE',  ( 3.344043840211334828, -8.146349429696924105, 0.000000000000000000 ) ) ;
#356 = EDGE_CURVE ( 'NONE', #602, #1538, #2137, .T. ) ;
#357 = CARTESIAN_POINT ( 'NONE',  ( -2.233182758817004565, 7.975075403754635417, 12.00000000000000000 ) ) ;
#358 = PERSON_AND_ORGANIZATION ( #2239, #516 ) ;
#359 = LOCAL_TIME ( 16, 46, 52.00000000000000000, #1513 ) ;
#360 = PLANE ( 'NONE',  #754 ) ;
#361 = ORIENTED_EDGE ( 'NONE', *, *, #2229, .T. ) ;
#362 =( NAMED_UNIT ( * ) SI_UNIT ( $, .STERADIAN. ) SOLID_ANGLE_UNIT ( ) );
#363 = PLANE ( 'NONE',  #2496 ) ;
#364 = CARTESIAN_POINT ( 'NONE',  ( 2.053333403260019008, 5.381790948875003089, 11.99999999999999822 ) ) ;
#365 = CARTESIAN_POINT ( 'NONE',  ( 6.763445381126874878, -6.753463966749096770, 0.000000000000000000 ) ) ;
#366 = ORIENTED_EDGE ( 'NONE', *, *, #354, .T. ) ;
#367 = CARTESIAN_POINT ( 'NONE',  ( 7.993670886075939563, 13.50000000000000000, 10.69720253164557988 ) ) ;
#368 = APPROVAL ( #2536, 'æœª' ) ;
#369 = LOCAL_TIME ( 16, 46, 52.00000000000000000, #675 ) ;
#370 = CARTESIAN_POINT ( 'NONE',  ( 6.894656006666354031, 4.588316846032623353, 12.00000000000000178 ) ) ;
#371 = COORDINATED_UNIVERSAL_TIME_OFFSET ( 8, 0, .AHEAD. ) ;
#372 = EDGE_CURVE ( 'NONE', #699, #1624, #1294, .T. ) ;
#373 = ORIENTED_EDGE ( 'NONE', *, *, #1576, .F. ) ;
#374 = DIRECTION ( 'NONE',  ( 0.000000000000000000, 1.000000000000000000, 0.000000000000000000 ) ) ;
#375 = CARTESIAN_POINT ( 'NONE',  ( 6.604370679972711322, 4.570562234860818585, 12.00000000000000000 ) ) ;
#376 = AXIS2_PLACEMENT_3D ( 'NONE', #1044, #1716, #1892 ) ;
#377 = CARTESIAN_POINT ( 'NONE',  ( 1.502155732314623959, 9.439120569711015207, 0.000000000000000000 ) ) ;
#378 = CARTESIAN_POINT ( 'NONE',  ( 6.772155392964375409, -0.01029943717830813024, -0.000000000000000000 ) ) ;
#379 = ORIENTED_EDGE ( 'NONE', *, *, #928, .T. ) ;
#380 = CARTESIAN_POINT ( 'NONE',  ( 0.9936708860759440043, 13.50000000000000000, 10.69720253164557988 ) ) ;
#381 = CARTESIAN_POINT ( 'NONE',  ( -2.208344767702428602, 8.071116789248321766, 0.000000000000000000 ) ) ;
#382 = PERSON_AND_ORGANIZATION_ROLE ( 'design_supplier' ) ;
#383 = ORIENTED_EDGE ( 'NONE', *, *, #2574, .F. ) ;
#384 = CARTESIAN_POINT ( 'NONE',  ( 6.530671864658125436, -5.231638159394020882, 0.000000000000000000 ) ) ;
#385 = EDGE_CURVE ( 'NONE', #2223, #876, #1721, .T. ) ;
#386 = CARTESIAN_POINT ( 'NONE',  ( 8.029557193585688424, 0.1842891645098989895, 12.00000000000000000 ) ) ;
#387 = UNCERTAINTY_MEASURE_WITH_UNIT (LENGTH_MEASURE( 1.000000000000000082E-05 ), #1271, 'distance_accuracy_value', 'NONE');
#388 = AXIS2_PLACEMENT_3D ( 'NONE', #487, #1997, #2192 ) ;
#389 = CARTESIAN_POINT ( 'NONE',  ( -2.343130036895798352, 7.491379238793244966, 0.000000000000000000 ) ) ;
#390 = CARTESIAN_POINT ( 'NONE',  ( 2.233182759024220143, 7.975075402953391013, 11.99999999999999822 ) ) ;
#391 = CARTESIAN_POINT ( 'NONE',  ( 2.233182759024218367, 7.975075402953396342, -0.000000000000000000 ) ) ;
#392 = ORIENTED_EDGE ( 'NONE', *, *, #385, .F. ) ;
#393 = DIRECTION ( 'NONE',  ( 1.000000000000000000, 0.000000000000000000, 0.000000000000000000 ) ) ;
#394 = B_SPLINE_CURVE_WITH_KNOTS ( 'NONE', 3,
 ( #950, #472, #2205, #2412 ),
 .UNSPECIFIED., .F., .F.,
 ( 4, 4 ),
 ( 0.000000000000000000, 1.170086868559491178 ),
 .UNSPECIFIED. ) ;
#395 = ORIENTED_EDGE ( 'NONE', *, *, #2038, .T. ) ;
#396 = CARTESIAN_POINT ( 'NONE',  ( -4.408389392193486245, -6.067627457811999747, 12.00000000000000000 ) ) ;
#397 = AXIS2_PLACEMENT_3D ( 'NONE', #1469, #1457, #2051 ) ;
#398 = ORIENTED_EDGE ( 'NONE', *, *, #2038, .F. ) ;
#399 = DIRECTION ( 'NONE',  ( 0.000000000000000000, 1.000000000000000000, 0.000000000000000000 ) ) ;
#400 = EDGE_LOOP ( 'NONE', ( #1606, #2656, #2226, #1702, #1720, #2133, #1942, #952, #1253, #728, #1266, #348 ) ) ;
#402 = DIRECTION ( 'NONE',  ( 0.000000000000000000, 1.000000000000000000, 0.000000000000000000 ) ) ;
#401 = LOCAL_TIME ( 16, 46, 52.00000000000000000, #582 ) ;
#403 = CC_DESIGN_DATE_AND_TIME_ASSIGNMENT ( #190, #900, ( #865 ) ) ;
#404 = DIRECTION ( 'NONE',  ( 0.000000000000000000, 0.000000000000000000, 1.000000000000000000 ) ) ;
#405 = CARTESIAN_POINT ( 'NONE',  ( 2.343103861940801558, 7.491385036312878221, 0.000000000000000000 ) ) ;
#406 = ORIENTED_EDGE ( 'NONE', *, *, #1356, .T. ) ;
#407 = EDGE_CURVE ( 'NONE', #2107, #1330, #1034, .T. ) ;
#408 = LINE ( 'NONE', #2755, #1834 ) ;
#409 = DIRECTION ( 'NONE',  ( 0.000000000000000000, -1.000000000000000000, 0.000000000000000000 ) ) ;
#410 = AXIS2_PLACEMENT_3D ( 'NONE', #2522, #399, #1033 ) ;
#411 = VERTEX_POINT ( 'NONE', #625 ) ;
#412 = CARTESIAN_POINT ( 'NONE',  ( -5.472734944175709160, 3.988905485927059846, 12.00000000000000000 ) ) ;
#413 = PERSON_AND_ORGANIZATION ( #1602, #613 ) ;
#414 = VERTEX_POINT ( 'NONE', #2737 ) ;
#415 = ORIENTED_EDGE ( 'NONE', *, *, #928, .F. ) ;
#416 = LINE ( 'NONE', #1243, #2358 ) ;
#417 = PERSON_AND_ORGANIZATION ( #2239, #516 ) ;
#418 = VECTOR ( 'NONE', #1157, 1000.000000000000000 ) ;
#419 = DESIGN_CONTEXT ( 'detailed design', #2150, 'design' ) ;
#420 = CARTESIAN_POINT ( 'NONE',  ( 2.361250188460722210, 7.192995230092974701, 12.00000000000000355 ) ) ;
#421 = CARTESIAN_POINT ( 'NONE',  ( 6.111289349561172202, 4.468430124432423156, 0.000000000000000000 ) ) ;
#422 = CARTESIAN_POINT ( 'NONE',  ( 5.859283812646879142, 4.307551783104790033, 0.000000000000000000 ) ) ;
#423 = EDGE_CURVE ( 'NONE', #2740, #550, #798, .T. ) ;
#424 = CARTESIAN_POINT ( 'NONE',  ( -6.298936487484955826, -4.683415911144956034, 11.99999999999998934 ) ) ;
#425 = AXIS2_PLACEMENT_3D ( 'NONE', #906, #2562, #33 ) ;
#426 = CARTESIAN_POINT ( 'NONE',  ( -20.50632911392404623, 15.00000000000000000, -14.30379746835441956 ) ) ;
#427 = CARTESIAN_POINT ( 'NONE',  ( -8.512945476436200920, 4.345483665702665199, 0.000000000000000000 ) ) ;
#428 = EDGE_LOOP ( 'NONE', ( #1902, #230, #2355, #2640 ) ) ;
#429 = DIRECTION ( 'NONE',  ( 0.000000000000000000, 0.000000000000000000, 1.000000000000000000 ) ) ;
#430 = DATE_TIME_ROLE ( 'classification_date' ) ;
#431 = EDGE_LOOP ( 'NONE', ( #2431, #398, #1763, #2548 ) ) ;
#432 =( LENGTH_UNIT ( ) NAMED_UNIT ( * ) SI_UNIT ( .MILLI., .METRE. ) );
#433 = ORIENTED_EDGE ( 'NONE', *, *, #2003, .F. ) ;
#434 = CARTESIAN_POINT ( 'NONE',  ( -7.132923872213531524, 2.317627457812000191, 12.00000000000000000 ) ) ;
#435 = COORDINATED_UNIVERSAL_TIME_OFFSET ( 8, 0, .AHEAD. ) ;
#436 = CARTESIAN_POINT ( 'NONE',  ( -4.332906349846334493, -8.519353938951391925, 0.000000000000000000 ) ) ;
#437 = APPLICATION_CONTEXT ( 'configuration controlled 3d designs of mechanical parts and assemblies' ) ;
#438 = CARTESIAN_POINT ( 'NONE',  ( 3.344043840211333052, -8.146349429696924105, 12.00000000000000000 ) ) ;
#439 = DIRECTION ( 'NONE',  ( -1.508455196501569950E-16, 1.000000000000000000, 0.000000000000000000 ) ) ;
#440 = CARTESIAN_POINT ( 'NONE',  ( -5.472734944175701166, 3.988905485927053185, -0.000000000000000000 ) ) ;
#441 = CARTESIAN_POINT ( 'NONE',  ( -5.859283812647522183, 4.307551783104894838, 0.000000000000000000 ) ) ;
#442 = CIRCLE ( 'NONE', #1911, 10.00000000000000000 ) ;
#443 = EDGE_CURVE ( 'NONE', #753, #1986, #442, .T. ) ;
#444 = CARTESIAN_POINT ( 'NONE',  ( -4.824518969025145765, -3.147041245337481641, 12.00000000000000711 ) ) ;
#445 = ORIENTED_EDGE ( 'NONE', *, *, #1423, .T. ) ;
#446 = CARTESIAN_POINT ( 'NONE',  ( 5.859283812619222154, 4.307551783081990493, 12.00000000000000355 ) ) ;
#447 = ORIENTED_EDGE ( 'NONE', *, *, #2685, .T. ) ;
#448 = SHAPE_REPRESENTATION ( '\X2\88c5914d4f53\X0\1', ( #2296, #62, #860, #2556 ), #736 ) ;
#449 = ORIENTED_EDGE ( 'NONE', *, *, #2651, .F. ) ;
#450 = CARTESIAN_POINT ( 'NONE',  ( 2.656539040913401539, -7.579614208211558513, 12.00000000000000000 ) ) ;
#451 = DATE_TIME_ROLE ( 'creation_date' ) ;
#452 = CARTESIAN_POINT ( 'NONE',  ( -7.493692351462871493, 4.624955478445708756, 0.000000000000000000 ) ) ;
#453 = FACE_OUTER_BOUND ( 'NONE', #126, .T. ) ;
#454 = CARTESIAN_POINT ( 'NONE',  ( -7.371191737761330742, -0.04693806959179987887, -0.000000000000000000 ) ) ;
#455 = CARTESIAN_POINT ( 'NONE',  ( 2.208344759784730105, 8.071116819863791036, 0.000000000000000000 ) ) ;
#456 = FACE_OUTER_BOUND ( 'NONE', #322, .T. ) ;
#457 = CARTESIAN_POINT ( 'NONE',  ( -5.991008890419749378, -4.294704099738194003, 11.99999999999999822 ) ) ;
#458 = CARTESIAN_POINT ( 'NONE',  ( -5.991008890419743160, -4.294704099738190450, 0.000000000000000000 ) ) ;
#459 = DIRECTION ( 'NONE',  ( 0.000000000000000000, 0.000000000000000000, 1.000000000000000000 ) ) ;
#460 = CALENDAR_DATE ( 2025, 6, 6 ) ;
#461 = CC_DESIGN_PERSON_AND_ORGANIZATION_ASSIGNMENT ( #1274, #206, ( #865 ) ) ;
#462 = ORIENTED_EDGE ( 'NONE', *, *, #1626, .F. ) ;
#463 = ORIENTED_EDGE ( 'NONE', *, *, #1284, .T. ) ;
#464 = CARTESIAN_POINT ( 'NONE',  ( 2.337451422113772992, 7.481848339826695948, 0.000000000000000000 ) ) ;
#465 = PERSON_AND_ORGANIZATION ( #2239, #516 ) ;
#466 = EDGE_CURVE ( 'NONE', #83, #639, #1789, .T. ) ;
#467 = CIRCLE ( 'NONE', #1533, 2.281000000000000139 ) ;
#468 = CARTESIAN_POINT ( 'NONE',  ( 2.284257538061052362, 7.783357719253966245, 12.00000000000000355 ) ) ;
#469 = CARTESIAN_POINT ( 'NONE',  ( -5.907343465571184282, -4.241403345709340300, 0.000000000000000000 ) ) ;
#470 = CARTESIAN_POINT ( 'NONE',  ( -9.465876182014024920, 3.075649613638222313, 0.000000000000000000 ) ) ;
#471 = DIRECTION ( 'NONE',  ( 0.000000000000000000, 0.000000000000000000, 1.000000000000000000 ) ) ;
#472 = CARTESIAN_POINT ( 'NONE',  ( -8.029557193585752373, 0.1842891645099402342, 12.00000000000000000 ) ) ;
#473 = VECTOR ( 'NONE', #650, 1000.000000000000000 ) ;
#474 = CARTESIAN_POINT ( 'NONE',  ( 2.602085213965210642E-14, -5.046988775295465857, 11.99999999999997513 ) ) ;
#475 = CARTESIAN_POINT ( 'NONE',  ( -2.286106919624629974, 6.903616755965064300, 12.00000000000000355 ) ) ;
#476 = ORIENTED_EDGE ( 'NONE', *, *, #343, .T. ) ;
#477 = SHAPE_REPRESENTATION_RELATIONSHIP ( 'NONE' , 'NONE' ,  #1479, #745 ) ;
#478 = ORIENTED_EDGE ( 'NONE', *, *, #1801, .F. ) ;
#479 = CARTESIAN_POINT ( 'NONE',  ( -6.422946048514709183, -4.954215774865640576, 0.000000000000000000 ) ) ;
#480 = CARTESIAN_POINT ( 'NONE',  ( 2.208344767702624001, -6.928883210751606292, 12.00000000000000000 ) ) ;
#481 = PERSON_AND_ORGANIZATION ( #2239, #516 ) ;
#482 = CARTESIAN_POINT ( 'NONE',  ( -6.894656005840293922, 4.588316845982099323, 11.99999999999999822 ) ) ;
#483 = EDGE_CURVE ( 'NONE', #1986, #2253, #416, .T. ) ;
#484 = CARTESIAN_POINT ( 'NONE',  ( 4.493670886075944892, 13.50000000000000000, 4.810580809307060335 ) ) ;
#485 = CARTESIAN_POINT ( 'NONE',  ( 2.053333403260019008, 5.381790948875003089, 11.99999999999999822 ) ) ;
#486 = DIRECTION ( 'NONE',  ( -0.000000000000000000, -0.000000000000000000, -1.000000000000000000 ) ) ;
#487 = CARTESIAN_POINT ( 'NONE',  ( -7.837972830483471931, 0.08896987981745686780, 12.00000000000000000 ) ) ;
#488 = CARTESIAN_POINT ( 'NONE',  ( -4.824518969025146653, -3.147041245337471871, 0.000000000000000000 ) ) ;
#489 = CARTESIAN_POINT ( 'NONE',  ( -3.006329113924055108, 2.000000000000000000, -1.803797468354420230 ) ) ;
#490 = VERTEX_POINT ( 'NONE', #1273 ) ;
#491 = B_SPLINE_CURVE_WITH_KNOTS ( 'NONE', 3,
 ( #2495, #2323, #2276, #603 ),
 .UNSPECIFIED., .F., .F.,
 ( 4, 4 ),
 ( 0.000000000000000000, 1.170086868559718551 ),
 .UNSPECIFIED. ) ;
#492 = DIRECTION ( 'NONE',  ( 1.000000000000000000, 0.000000000000000000, 0.000000000000000000 ) ) ;
#493 = ORIENTED_EDGE ( 'NONE', *, *, #1303, .T. ) ;
#494 = CARTESIAN_POINT ( 'NONE',  ( -2.317659613296776389, -7.207161661006991515, 0.000000000000000000 ) ) ;
#495 = APPROVAL_DATE_TIME ( #2616, #1983 ) ;
#496 = CARTESIAN_POINT ( 'NONE',  ( -6.298936487484965596, -4.683415911144965804, 12.00000000000001776 ) ) ;
#497 = FACE_OUTER_BOUND ( 'NONE', #1912, .T. ) ;
#498 = CC_DESIGN_DATE_AND_TIME_ASSIGNMENT ( #606, #878, ( #1362 ) ) ;
#499 = B_SPLINE_CURVE_WITH_KNOTS ( 'NONE', 3,
 ( #2220, #724, #332, #1790 ),
 .UNSPECIFIED., .F., .F.,
 ( 4, 4 ),
 ( 0.000000000000000000, 1.170086868559664151 ),
 .UNSPECIFIED. ) ;
#500 = CARTESIAN_POINT ( 'NONE',  ( -2.082915758131233641, 8.556114783037314098, 12.00000000000000000 ) ) ;
#501 = LOCAL_TIME ( 16, 46, 52.00000000000000000, #2418 ) ;
#502 = EDGE_CURVE ( 'NONE', #861, #1289, #2523, .T. ) ;
#503 = DIRECTION ( 'NONE',  ( 0.000000000000000000, 1.000000000000000000, 0.000000000000000000 ) ) ;
#504 = CARTESIAN_POINT ( 'NONE',  ( -6.160239743473717056, 4.555640707412454304, 0.000000000000000000 ) ) ;
#505 = CARTESIAN_POINT ( 'NONE',  ( -2.880948904819277345, -7.764603424365501994, 12.00000000000000000 ) ) ;
#506 = ORIENTED_EDGE ( 'NONE', *, *, #121, .F. ) ;
#507 = VERTEX_POINT ( 'NONE', #657 ) ;
#508 = CARTESIAN_POINT ( 'NONE',  ( 5.752902267991007790, -0.2897712499213934700, 11.99999999999999645 ) ) ;
#509 = APPROVAL_ROLE ( '' ) ;
#510 = CARTESIAN_POINT ( 'NONE',  ( 2.082915758131441919, -6.443885216962726759, -0.000000000000000000 ) ) ;
#511 = CARTESIAN_POINT ( 'NONE',  ( 11.49367088607593956, 2.000000000000000000, 8.183694709364671027 ) ) ;
#512 = CARTESIAN_POINT ( 'NONE',  ( -7.493692351462883039, 4.624955478445709645, 0.000000000000000000 ) ) ;
#513 = CARTESIAN_POINT ( 'NONE',  ( 2.082915758131442363, -6.443885216962727647, 12.00000000000000000 ) ) ;
#514 = B_SPLINE_CURVE_WITH_KNOTS ( 'NONE', 3,
 ( #2082, #1686, #622, #1475 ),
 .UNSPECIFIED., .F., .F.,
 ( 4, 4 ),
 ( 0.000000000000000000, 1.170086868559611526 ),
 .UNSPECIFIED. ) ;
#515 = CARTESIAN_POINT ( 'NONE',  ( -2.966545570604168347, 4.083099689633600704, 12.00000000000000355 ) ) ;
#516 = ORGANIZATION ( 'æœª', 'æœª', '' ) ;
#517 = PLANE ( 'NONE',  #2158 ) ;
#518 = AXIS2_PLACEMENT_3D ( 'NONE', #1822, #564, #970 ) ;
#519 = FACE_OUTER_BOUND ( 'NONE', #337, .T. ) ;
#520 = PRODUCT_DEFINITION ( 'æœ', '', #1934, #2711 ) ;
#521 = CARTESIAN_POINT ( 'NONE',  ( -2.082915758131141271, -6.443885216963099793, 12.00000000000000000 ) ) ;
#522 = VECTOR ( 'NONE', #1754, 1000.000000000000000 ) ;
#523 = ORIENTED_EDGE ( 'NONE', *, *, #1212, .T. ) ;
#524 = ORIENTED_EDGE ( 'NONE', *, *, #1729, .T. ) ;
#525 = CARTESIAN_POINT ( 'NONE',  ( 4.824518969025302972, -3.147041245337506066, 12.00000000000000178 ) ) ;
#526 = CALENDAR_DATE ( 2025, 6, 6 ) ;
#527 = CARTESIAN_POINT ( 'NONE',  ( 2.233182759024446185, -7.024924597046641850, 0.000000000000000000 ) ) ;
#528 = CARTESIAN_POINT ( 'NONE',  ( -5.859283812646951972, 4.307551783104424103, 11.99999999999999822 ) ) ;
#529 = CARTESIAN_POINT ( 'NONE',  ( -2.053333403260148682, 5.381790948875196712, 0.000000000000000000 ) ) ;
#530 = CARTESIAN_POINT ( 'NONE',  ( -2.507690216013501949, -7.437910395382269613, 12.00000000000001421 ) ) ;
#531 = CARTESIAN_POINT ( 'NONE',  ( -6.763445381126884648, -6.753463966749085223, 0.000000000000000000 ) ) ;
#532 = CARTESIAN_POINT ( 'NONE',  ( 2.208344767702428602, 8.071116789248321766, 0.000000000000000000 ) ) ;
#533 = CARTESIAN_POINT ( 'NONE',  ( 2.343103861940804222, 7.491385036312877332, 12.00000000000000355 ) ) ;
#534 = ORIENTED_EDGE ( 'NONE', *, *, #1591, .T. ) ;
#535 = APPROVAL ( #149, 'æœª' ) ;
#536 = CIRCLE ( 'NONE', #1337, 10.00000000000000000 ) ;
#537 = LOCAL_TIME ( 16, 46, 52.00000000000000000, #827 ) ;
#538 = CARTESIAN_POINT ( 'NONE',  ( 7.570611421465317292, -0.02292461178216257528, 12.00000000000001421 ) ) ;
#539 = PERSON_AND_ORGANIZATION_ROLE ( 'creator' ) ;
#540 = EDGE_CURVE ( 'NONE', #1793, #2470, #1376, .T. ) ;
#541 = ORIENTED_EDGE ( 'NONE', *, *, #1669, .T. ) ;
#542 = LINE ( 'NONE', #760, #2210 ) ;
#543 = CARTESIAN_POINT ( 'NONE',  ( 2.361250188460723543, 7.192995230092981807, 0.000000000000000000 ) ) ;
#544 = CARTESIAN_POINT ( 'NONE',  ( 6.494314511675442603, -5.139339641752593835, 12.00000000000000178 ) ) ;
#545 = CARTESIAN_POINT ( 'NONE',  ( 2.317644985623002363, -7.207163419353227241, 0.000000000000000000 ) ) ;
#546 = AXIS2_PLACEMENT_3D ( 'NONE', #1001, #987, #1879 ) ;
#547 = CARTESIAN_POINT ( 'NONE',  ( 2.957494971739786038, -7.827703132519289397, 0.000000000000000000 ) ) ;
#548 = LOCAL_TIME ( 16, 46, 52.00000000000000000, #1556 ) ;
#549 = CARTESIAN_POINT ( 'NONE',  ( 6.422935811018229302, -4.954223950520253439, 0.000000000000000000 ) ) ;
#550 = VERTEX_POINT ( 'NONE', #189 ) ;
#551 = CARTESIAN_POINT ( 'NONE',  ( -2.082915758131234085, 8.556114783037310545, 12.00000000000000000 ) ) ;
#552 = APPROVAL_ROLE ( '' ) ;
#553 = ORIENTED_EDGE ( 'NONE', *, *, #850, .T. ) ;
#554 = CARTESIAN_POINT ( 'NONE',  ( 0.9936708860759460027, 2.000000000000000000, -10.96894885826609922 ) ) ;
#555 = EDGE_CURVE ( 'NONE', #1891, #1059, #597, .T. ) ;
#556 = CARTESIAN_POINT ( 'NONE',  ( 6.400658039661268894, 4.543412586211411863, 0.000000000000000000 ) ) ;
#557 = CARTESIAN_POINT ( 'NONE',  ( 7.848789467786630780, 0.08654109137163294718, 0.000000000000000000 ) ) ;
#558 = CARTESIAN_POINT ( 'NONE',  ( -2.317659613296777277, -7.207161661007002174, 11.99999999999999112 ) ) ;
#559 = CARTESIAN_POINT ( 'NONE',  ( 6.530671864658125436, -5.231638159394020882, 0.000000000000000000 ) ) ;
#560 = CARTESIAN_POINT ( 'NONE',  ( 4.332906349846317617, -8.519353938951413241, 0.000000000000000000 ) ) ;
#561 = CARTESIAN_POINT ( 'NONE',  ( 9.465876182014024920, 3.075649613638232083, 12.00000000000000000 ) ) ;
#562 = DATE_AND_TIME ( #1228, #2415 ) ;
#563 = EDGE_LOOP ( 'NONE', ( #2598, #2244, #686, #2033, #1251, #1047, #684, #913, #1687, #56, #1551, #839, #829, #768, #702, #2447, #574, #1685, #1732, #2754 ) ) ;
#564 = DIRECTION ( 'NONE',  ( -1.734723475976804876E-16, -1.000000000000000000, 8.812849075879089503E-32 ) ) ;
#565 = CIRCLE ( 'NONE', #1277, 2.281000000000001027 ) ;
#566 = CARTESIAN_POINT ( 'NONE',  ( 6.160239743473693075, 4.555640707412949908, 12.00000000000000000 ) ) ;
#567 = ADVANCED_FACE ( 'NONE', ( #1048 ), #2724, .F. ) ;
#568 = CARTESIAN_POINT ( 'NONE',  ( 7.371191738586973408, -0.04693806964190170433, 0.000000000000000000 ) ) ;
#569 = CARTESIAN_POINT ( 'NONE',  ( 2.645453300864630819E-14, -5.046988775295481844, 0.000000000000000000 ) ) ;
#570 = CARTESIAN_POINT ( 'NONE',  ( 6.993672153534657987, 4.594372933012287774, 0.000000000000000000 ) ) ;
#571 = CARTESIAN_POINT ( 'NONE',  ( 8.274838854007523281, 0.3405508158861555446, -0.000000000000000000 ) ) ;
#572 = CARTESIAN_POINT ( 'NONE',  ( 5.935829879567853240, 4.370651491258980670, 12.00000000000000178 ) ) ;
#573 = CALENDAR_DATE ( 2025, 6, 6 ) ;
#574 = ORIENTED_EDGE ( 'NONE', *, *, #104, .F. ) ;
#575 = CARTESIAN_POINT ( 'NONE',  ( 5.472734944175834393, 3.988905485927471961, 0.000000000000000000 ) ) ;
#576 = CARTESIAN_POINT ( 'NONE',  ( -4.483872434540669083, 3.615900976672636435, 0.000000000000000000 ) ) ;
#577 = CARTESIAN_POINT ( 'NONE',  ( -4.332906349846334493, -8.519353938951391925, 0.000000000000000000 ) ) ;
#578 = APPROVAL ( #112, 'æœª' ) ;
#579 = LINE ( 'NONE', #367, #2604 ) ;
#580 = EDGE_CURVE ( 'NONE', #1137, #1610, #2240, .T. ) ;
#581 = CARTESIAN_POINT ( 'NONE',  ( 9.441328775402119788, 1.488213670286772317, 0.000000000000000000 ) ) ;
#582 = COORDINATED_UNIVERSAL_TIME_OFFSET ( 8, 0, .AHEAD. ) ;
#583 = CC_DESIGN_APPROVAL ( #701, ( #1814 ) ) ;
#584 = CARTESIAN_POINT ( 'NONE',  ( -7.570614269378592276, -0.02291015667874163678, 11.99999999999999822 ) ) ;
#585 = VERTEX_POINT ( 'NONE', #218 ) ;
#586 = CARTESIAN_POINT ( 'NONE',  ( -2.306000219333572243, -7.306488824363275292, 0.000000000000000000 ) ) ;
#587 = CARTESIAN_POINT ( 'NONE',  ( -7.132923872213531524, 2.317627457812000191, 12.00000000000000000 ) ) ;
#588 = DIRECTION ( 'NONE',  ( 0.000000000000000000, 0.000000000000000000, 1.000000000000000000 ) ) ;
#589 = CARTESIAN_POINT ( 'NONE',  ( 8.274838854007532163, 0.3405508158861603740, -0.000000000000000000 ) ) ;
#590 = ORIENTED_EDGE ( 'NONE', *, *, #1233, .F. ) ;
#591 = PLANE ( 'NONE',  #2096 ) ;
#592 = VECTOR ( 'NONE', #2011, 1000.000000000000000 ) ;
#593 = EDGE_CURVE ( 'NONE', #2198, #1989, #2007, .T. ) ;
#594 = CARTESIAN_POINT ( 'NONE',  ( 5.859283812646883582, 4.307551783104793586, 0.000000000000000000 ) ) ;
#595 = MECHANICAL_CONTEXT ( 'NONE', #1296, 'mechanical' ) ;
#596 = ORIENTED_EDGE ( 'NONE', *, *, #1339, .F. ) ;
#597 = B_SPLINE_CURVE_WITH_KNOTS ( 'NONE', 3,
 ( #2317, #1512, #2513, #2568 ),
 .UNSPECIFIED., .F., .F.,
 ( 4, 4 ),
 ( 0.000000000000000000, 1.170086868559755855 ),
 .UNSPECIFIED. ) ;
#598 = CARTESIAN_POINT ( 'NONE',  ( -5.859283812824874538, 4.307551783251092559, 12.00000000000000000 ) ) ;
#599 = DIRECTION ( 'NONE',  ( 0.000000000000000000, 0.000000000000000000, 1.000000000000000000 ) ) ;
#600 = CARTESIAN_POINT ( 'NONE',  ( 7.272175590864936368, -0.04088198261002309181, 12.00000000000000000 ) ) ;
#601 = CARTESIAN_POINT ( 'NONE',  ( 1.502155732314772951, -5.560879430289009662, 12.00000000000001954 ) ) ;
#602 = VERTEX_POINT ( 'NONE', #2307 ) ;
#603 = CARTESIAN_POINT ( 'NONE',  ( 8.358504278684787181, 0.3938515698058769887, 12.00000000000000000 ) ) ;
#604 = ORIENTED_EDGE ( 'NONE', *, *, #1151, .T. ) ;
#605 = CARTESIAN_POINT ( 'NONE',  ( 2.208344767702428602, 8.071116789248321766, 0.000000000000000000 ) ) ;
#606 = DATE_AND_TIME ( #1473, #1820 ) ;
#607 = PRODUCT_RELATED_PRODUCT_CATEGORY ( 'detail', '', ( #1628 ) ) ;
#608 = VERTEX_POINT ( 'NONE', #846 ) ;
#609 = FACE_OUTER_BOUND ( 'NONE', #400, .T. ) ;
#610 = CARTESIAN_POINT ( 'NONE',  ( 29.49367088607594667, 15.00000000000000000, -14.30379746835441956 ) ) ;
#611 = AXIS2_PLACEMENT_3D ( 'NONE', #51, #94, #2396 ) ;
#612 = CARTESIAN_POINT ( 'NONE',  ( -5.472734944175708272, 3.988905485927058958, -0.000000000000000000 ) ) ;
#613 = ORGANIZATION ( 'NAUO-ORG3', 'UNSPECIFIED', 'UNSPECIFIED' ) ;
#614 = CARTESIAN_POINT ( 'NONE',  ( 2.233182759024445740, -7.024924597046640962, 12.00000000000000000 ) ) ;
#615 = ORIENTED_EDGE ( 'NONE', *, *, #2460, .T. ) ;
#616 = CARTESIAN_POINT ( 'NONE',  ( -4.408389392193486245, -6.067627457811999747, 12.00000000000000000 ) ) ;
#617 = VERTEX_POINT ( 'NONE', #1703 ) ;
#618 = CARTESIAN_POINT ( 'NONE',  ( 7.132923872213810412, -2.317627457812008185, 0.000000000000000000 ) ) ;
#619 = PERSON_AND_ORGANIZATION_ROLE ( 'classification_officer' ) ;
#620 = CIRCLE ( 'NONE', #1028, 9.999999999999998224 ) ;
#621 = VERTEX_POINT ( 'NONE', #2551 ) ;
#622 = CARTESIAN_POINT ( 'NONE',  ( -6.387725773860197798, -4.868748366796358695, 0.000000000000000000 ) ) ;
#623 = VERTEX_POINT ( 'NONE', #640 ) ;
#625 = CARTESIAN_POINT ( 'NONE',  ( 5.907343465566889051, -4.241403345706220129, 12.00000000000000000 ) ) ;
#624 = PRODUCT_DEFINITION_FORMATION_WITH_SPECIFIED_SOURCE ( 'ä»', '', #2471, .NOT_KNOWN. ) ;
#626 = APPLICATION_PROTOCOL_DEFINITION ( 'international standard', 'config_control_design', 1994, #3 ) ;
#627 = CARTESIAN_POINT ( 'NONE',  ( 9.465876182014032025, 3.075649613638229418, 12.00000000000002309 ) ) ;
#628 = EDGE_CURVE ( 'NONE', #1181, #623, #2135, .T. ) ;
#629 = CARTESIAN_POINT ( 'NONE',  ( 9.441328775402133999, 1.488213670286786972, 0.000000000000000000 ) ) ;
#630 = ORIENTED_EDGE ( 'NONE', *, *, #2052, .F. ) ;
#631 = FACE_OUTER_BOUND ( 'NONE', #2516, .T. ) ;
#632 = CARTESIAN_POINT ( 'NONE',  ( -3.006329113924055108, 2.000000000000000000, 8.196202531645580436 ) ) ;
#633 = CARTESIAN_POINT ( 'NONE',  ( -6.772155392964799958, -0.01029943717862171447, 12.00000000000000000 ) ) ;
#634 = VERTEX_POINT ( 'NONE', #26 ) ;
#635 = CARTESIAN_POINT ( 'NONE',  ( 6.530671864658125436, -5.231638159394021770, 0.000000000000000000 ) ) ;
#636 = ORIENTED_EDGE ( 'NONE', *, *, #466, .F. ) ;
#637 =( NAMED_UNIT ( * ) SI_UNIT ( $, .STERADIAN. ) SOLID_ANGLE_UNIT ( ) );
#638 = LOCAL_TIME ( 16, 46, 52.00000000000000000, #1499 ) ;
#639 = VERTEX_POINT ( 'NONE', #882 ) ;
#640 = CARTESIAN_POINT ( 'NONE',  ( -8.358504278852759484, 0.3938515699128868341, 12.00000000000000000 ) ) ;
#641 = APPROVAL_DATE_TIME ( #1704, #118 ) ;
#642 = CIRCLE ( 'NONE', #65, 2.281000000000000139 ) ;
#643 = CARTESIAN_POINT ( 'NONE',  ( -4.799971562413358761, -1.559605301985932613, 0.000000000000000000 ) ) ;
#644 = CARTESIAN_POINT ( 'NONE',  ( 4.799971562413223758, -1.559605301985985903, 0.000000000000000000 ) ) ;
#645 = AXIS2_PLACEMENT_3D ( 'NONE', #1555, #2404, #1943 ) ;
#646 = ADVANCED_FACE ( 'NONE', ( #2389 ), #1540, .T. ) ;
#647 = CARTESIAN_POINT ( 'NONE',  ( 2.082915758131233641, 8.556114783037310545, 0.000000000000000000 ) ) ;
#648 = CARTESIAN_POINT ( 'NONE',  ( -9.441328775402126894, 1.488213670286777424, 12.00000000000002309 ) ) ;
#649 = EDGE_CURVE ( 'NONE', #2545, #2237, #2277, .T. ) ;
#650 = DIRECTION ( 'NONE',  ( -1.000000000000000000, 1.239088197126289831E-16, 0.000000000000000000 ) ) ;
#651 = CARTESIAN_POINT ( 'NONE',  ( -2.102506451816740451, 6.437519814721700762, 0.000000000000000000 ) ) ;
#652 = ORIENTED_EDGE ( 'NONE', *, *, #1690, .T. ) ;
#653 = CARTESIAN_POINT ( 'NONE',  ( 2.208344759784730105, 8.071116819863791036, 0.000000000000000000 ) ) ;
#654 = PERSON_AND_ORGANIZATION_ROLE ( 'classification_officer' ) ;
#655 = ORIENTED_EDGE ( 'NONE', *, *, #1011, .T. ) ;
#656 = ORIENTED_EDGE ( 'NONE', *, *, #2426, .T. ) ;
#657 = CARTESIAN_POINT ( 'NONE',  ( -2.957494971647745885, -7.827703132443417644, 0.000000000000000000 ) ) ;
#658 = APPROVAL_DATE_TIME ( #44, #368 ) ;
#659 = CARTESIAN_POINT ( 'NONE',  ( -6.111278549054357967, 4.468440144895409638, 12.00000000000000888 ) ) ;
#660 = DIRECTION ( 'NONE',  ( 1.000000000000000000, 0.000000000000000000, 0.000000000000000000 ) ) ;
#661 = CARTESIAN_POINT ( 'NONE',  ( -1.502155732314618630, 9.439120569711043629, 12.00000000000001599 ) ) ;
#662 = APPROVAL ( #816, 'UNKNOWN' ) ;
#663 = CARTESIAN_POINT ( 'NONE',  ( -6.400671641935985257, 4.543389483881957958, 0.000000000000000000 ) ) ;
#664 = DIRECTION ( 'NONE',  ( 1.000000000000000000, 0.000000000000000000, 0.000000000000000000 ) ) ;
#665 = AXIS2_PLACEMENT_3D ( 'NONE', #1453, #2360, #2330 ) ;
#666 = CARTESIAN_POINT ( 'NONE',  ( -6.400671641935985257, 4.543389483881957958, 0.000000000000000000 ) ) ;
#667 = EDGE_CURVE ( 'NONE', #2470, #1891, #295, .T. ) ;
#668 = ORIENTED_EDGE ( 'NONE', *, *, #1669, .F. ) ;
#669 = DIRECTION ( 'NONE',  ( 0.000000000000000000, 1.000000000000000000, 0.000000000000000000 ) ) ;
#670 = PERSON_AND_ORGANIZATION ( #1104, #1338 ) ;
#671 = ORIENTED_EDGE ( 'NONE', *, *, #2278, .F. ) ;
#672 = AXIS2_PLACEMENT_3D ( 'NONE', #2289, #1854, #792 ) ;
#673 = VERTEX_POINT ( 'NONE', #480 ) ;
#674 = PLANE ( 'NONE',  #741 ) ;
#675 = COORDINATED_UNIVERSAL_TIME_OFFSET ( 8, 0, .AHEAD. ) ;
#676 = CARTESIAN_POINT ( 'NONE',  ( -6.696538678762625985, 4.577647825018108740, 12.00000000000000355 ) ) ;
#677 = CARTESIAN_POINT ( 'NONE',  ( 6.530671864658125436, -5.231638159394021770, 0.000000000000000000 ) ) ;
#678 = CARTESIAN_POINT ( 'NONE',  ( 2.082915758131234973, 8.556114783037306992, 12.00000000000000000 ) ) ;
#679 = CARTESIAN_POINT ( 'NONE',  ( -2.102506451816740451, 6.437519814721700762, 0.000000000000000000 ) ) ;
#680 = DIRECTION ( 'NONE',  ( 1.000000000000000000, 0.000000000000000000, 0.000000000000000000 ) ) ;
#681 = CARTESIAN_POINT ( 'NONE',  ( -20.50632911392404623, 15.00000000000000000, 10.69620253164558044 ) ) ;
#682 = CARTESIAN_POINT ( 'NONE',  ( -5.484842658736538645, -3.972240646507759987, -0.000000000000000000 ) ) ;
#683 = CARTESIAN_POINT ( 'NONE',  ( 2.957494971739786038, -7.827703132519289397, 0.000000000000000000 ) ) ;
#684 = ORIENTED_EDGE ( 'NONE', *, *, #1437, .F. ) ;
#685 = EDGE_CURVE ( 'NONE', #1456, #1698, #1961, .T. ) ;
#686 = ORIENTED_EDGE ( 'NONE', *, *, #593, .F. ) ;
#687 = CARTESIAN_POINT ( 'NONE',  ( 2.233182759024446629, -7.024924597046645403, 0.000000000000000000 ) ) ;
#688 = CARTESIAN_POINT ( 'NONE',  ( -2.286106919624192990, 6.903616755963953189, 0.000000000000000000 ) ) ;
#689 = APPROVAL_STATUS ( 'not_yet_approved' ) ;
#690 = VECTOR ( 'NONE', #320, 1000.000000000000000 ) ;
#691 = CARTESIAN_POINT ( 'NONE',  ( -2.966545570604168347, 4.083099689633600704, 12.00000000000000355 ) ) ;
#692 = DIRECTION ( 'NONE',  ( 0.000000000000000000, 0.000000000000000000, 1.000000000000000000 ) ) ;
#693 = CARTESIAN_POINT ( 'NONE',  ( -5.752902267991392371, -0.2897712499215130411, 0.000000000000000000 ) ) ;
#694 = LINE ( 'NONE', #1547, #1314 ) ;
#695 = CARTESIAN_POINT ( 'NONE',  ( -6.604370679972648261, 4.570562234860815032, 0.000000000000000000 ) ) ;
#696 = AXIS2_PLACEMENT_3D ( 'NONE', #1454, #1014, #404 ) ;
#697 = CARTESIAN_POINT ( 'NONE',  ( 5.850233213782775721, -8.052155225990523135, 11.99999999999999645 ) ) ;
#698 = CARTESIAN_POINT ( 'NONE',  ( 4.408389392193384992, 6.067627457812251102, 0.000000000000000000 ) ) ;
#699 = VERTEX_POINT ( 'NONE', #688 ) ;
#700 = SHAPE_REPRESENTATION_RELATIONSHIP ( 'NONE' , 'NONE' ,  #2572, #2249 ) ;
#701 = APPROVAL ( #1569, 'æœª' ) ;
#702 = ORIENTED_EDGE ( 'NONE', *, *, #2155, .F. ) ;
#703 = CARTESIAN_POINT ( 'NONE',  ( 4.332906349846322946, -8.519353938951395477, 12.00000000000000355 ) ) ;
#704 = PLANE ( 'NONE',  #645 ) ;
#705 = APPROVAL_DATE_TIME ( #1141, #1573 ) ;
#706 = CARTESIAN_POINT ( 'NONE',  ( -2.082915758131141271, -6.443885216963099793, 0.000000000000000000 ) ) ;
#707 = CARTESIAN_POINT ( 'NONE',  ( 5.907343465469376831, -4.241403345644100042, 11.99999999999999645 ) ) ;
#708 = ADVANCED_FACE ( 'NONE', ( #2374 ), #674, .F. ) ;
#709 = CARTESIAN_POINT ( 'NONE',  ( -6.400671641935991474, 4.543389483881962398, 0.000000000000000000 ) ) ;
#710 = CARTESIAN_POINT ( 'NONE',  ( 5.907343465574437680, -4.241403345711030504, 0.000000000000000000 ) ) ;
#711 = DIRECTION ( 'NONE',  ( 0.000000000000000000, 1.000000000000000000, 0.000000000000000000 ) ) ;
#712 = CARTESIAN_POINT ( 'NONE',  ( 2.507714799693546937, -7.437899700421633398, 12.00000000000000888 ) ) ;
#713 = AXIS2_PLACEMENT_3D ( 'NONE', #252, #2169, #1127 ) ;
#714 = ORIENTED_EDGE ( 'NONE', *, *, #385, .T. ) ;
#715 = ORIENTED_EDGE ( 'NONE', *, *, #2003, .T. ) ;
#716 = CARTESIAN_POINT ( 'NONE',  ( -1.502155732314623293, -5.560879430289271674, 0.000000000000000000 ) ) ;
#717 = PERSON_AND_ORGANIZATION ( #2239, #516 ) ;
#718 = CARTESIAN_POINT ( 'NONE',  ( -4.332906349846329164, -8.519353938951391925, 12.00000000000001776 ) ) ;
#719 = FACE_OUTER_BOUND ( 'NONE', #174, .T. ) ;
#720 = EDGE_CURVE ( 'NONE', #791, #1888, #868, .T. ) ;
#721 = CARTESIAN_POINT ( 'NONE',  ( 5.484842658736842402, -3.972240646507679163, 0.000000000000000000 ) ) ;
#722 = CARTESIAN_POINT ( 'NONE',  ( -2.053333403260152679, 5.381790948875194935, 11.99999999999999645 ) ) ;
#723 = LOCAL_TIME ( 16, 46, 52.00000000000000000, #347 ) ;
#724 = CARTESIAN_POINT ( 'NONE',  ( 6.604370679972711322, 4.570562234860818585, 0.000000000000000000 ) ) ;
#725 = PLANE ( 'NONE',  #388 ) ;
#726 = CARTESIAN_POINT ( 'NONE',  ( 4.799971562413229975, -1.559605301985993009, 11.99999999999999467 ) ) ;
#727 = EDGE_LOOP ( 'NONE', ( #2165, #746, #2328, #96, #2761 ) ) ;
#728 = ORIENTED_EDGE ( 'NONE', *, *, #2024, .T. ) ;
#729 = CARTESIAN_POINT ( 'NONE',  ( 8.108287476342537659, 0.2327317920795298201, 12.00000000000001066 ) ) ;
#730 = PERSON_AND_ORGANIZATION ( #2239, #516 ) ;
#731 = CARTESIAN_POINT ( 'NONE',  ( -6.138228046494662138, -4.431347343853152765, 11.99999999999998757 ) ) ;
#732 = CARTESIAN_POINT ( 'NONE',  ( -8.358504278852750602, 0.3938515699128810610, 0.000000000000000000 ) ) ;
#733 = CARTESIAN_POINT ( 'NONE',  ( -6.696538678762629537, 4.577647825018113181, 0.000000000000000000 ) ) ;
#734 = CARTESIAN_POINT ( 'NONE',  ( 6.111289349561172202, 4.468430124432423156, 0.000000000000000000 ) ) ;
#735 = CARTESIAN_POINT ( 'NONE',  ( 2.507714799693543828, -7.437899700421643168, 0.000000000000000000 ) ) ;
#736 =( GEOMETRIC_REPRESENTATION_CONTEXT ( 3 ) GLOBAL_UNCERTAINTY_ASSIGNED_CONTEXT ( ( #1677 ) ) GLOBAL_UNIT_ASSIGNED_CONTEXT ( ( #40, #2180, #1123 ) ) REPRESENTATION_CONTEXT ( 'NONE', 'WORKASPACE' ) );
#737 = EDGE_CURVE ( 'NONE', #414, #152, #267, .T. ) ;
#738 = CARTESIAN_POINT ( 'NONE',  ( 11.49367088607593956, 13.50000000000000000, 0.6962025316455769941 ) ) ;
#739 = ADVANCED_FACE ( 'NONE', ( #2615 ), #704, .F. ) ;
#740 = CARTESIAN_POINT ( 'NONE',  ( 6.494314511675443491, -5.139339641752596499, 12.00000000000000000 ) ) ;
#741 = AXIS2_PLACEMENT_3D ( 'NONE', #1110, #1767, #1525 ) ;
#742 = ORIENTED_EDGE ( 'NONE', *, *, #1558, .F. ) ;
#743 = CARTESIAN_POINT ( 'NONE',  ( 6.763445381126885536, -6.753463966749109204, 12.00000000000000533 ) ) ;
#744 = APPROVAL_DATE_TIME ( #2185, #1890 ) ;
#745 = ADVANCED_BREP_SHAPE_REPRESENTATION ( '', ( #2654, #287 ), #2468 ) ;
#746 = ORIENTED_EDGE ( 'NONE', *, *, #1560, .T. ) ;
#747 = DIRECTION ( 'NONE',  ( 0.000000000000000000, 0.000000000000000000, 1.000000000000000000 ) ) ;
#748 = DIRECTION ( 'NONE',  ( 0.000000000000000000, 0.000000000000000000, 1.000000000000000000 ) ) ;
#749 = CARTESIAN_POINT ( 'NONE',  ( 6.696543290711863605, 4.577635562164165783, 0.000000000000000000 ) ) ;
#750 = CARTESIAN_POINT ( 'NONE',  ( -6.763445381126883760, -6.753463966749090552, 12.00000000000001776 ) ) ;
#751 = CARTESIAN_POINT ( 'NONE',  ( 2.208344767702432154, 8.071116789248307555, 12.00000000000000000 ) ) ;
#752 = CARTESIAN_POINT ( 'NONE',  ( 6.400658039661268894, 4.543412586211410975, 12.00000000000001066 ) ) ;
#753 = VERTEX_POINT ( 'NONE', #2022 ) ;
#754 = AXIS2_PLACEMENT_3D ( 'NONE', #681, #1651, #409 ) ;
#755 = ADVANCED_FACE ( 'NONE', ( #1530 ), #1603, .T. ) ;
#756 = PRODUCT_DEFINITION_SHAPE ( 'NONE', 'NONE',  #2765 ) ;
#757 = CARTESIAN_POINT ( 'NONE',  ( -1.502155732314625736, 9.439120569711022313, 12.00000000000000533 ) ) ;
#758 = DATE_TIME_ROLE ( 'classification_date' ) ;
#759 = VERTEX_POINT ( 'NONE', #1448 ) ;
#760 = CARTESIAN_POINT ( 'NONE',  ( 11.49367088607593956, 2.000000000000000000, 10.69620253164558044 ) ) ;
#761 = CARTESIAN_POINT ( 'NONE',  ( -5.935829880206405562, 4.370651491784914633, 12.00000000000000000 ) ) ;
#762 = CARTESIAN_POINT ( 'NONE',  ( 6.772155392964380738, -0.01029943717830844249, 12.00000000000000000 ) ) ;
#763 = CARTESIAN_POINT ( 'NONE',  ( 2.726939712873770461, -7.639521561486020573, 0.000000000000000000 ) ) ;
#764 = CIRCLE ( 'NONE', #1124, 2.280999999999999250 ) ;
#765 = CARTESIAN_POINT ( 'NONE',  ( -3.006329113924055108, 13.50000000000000000, -1.803797468354420230 ) ) ;
#766 = SECURITY_CLASSIFICATION ( '', '', #2658 ) ;
#767 = CARTESIAN_POINT ( 'NONE',  ( 7.848789467786627227, 0.08654109137163387699, 11.99999999999998224 ) ) ;
#768 = ORIENTED_EDGE ( 'NONE', *, *, #963, .F. ) ;
#769 = CARTESIAN_POINT ( 'NONE',  ( 2.053333403260016343, 5.381790948874987102, 11.99999999999998401 ) ) ;
#770 = CALENDAR_DATE ( 2025, 6, 6 ) ;
#771 = ADVANCED_FACE ( 'NONE', ( #2302 ), #2326, .F. ) ;
#772 = ORIENTED_EDGE ( 'NONE', *, *, #443, .F. ) ;
#773 = CARTESIAN_POINT ( 'NONE',  ( 7.132923872213531524, 2.317627457812000191, 12.00000000000000000 ) ) ;
#774 = CARTESIAN_POINT ( 'NONE',  ( 5.935829879567860345, 4.370651491258986887, -0.000000000000000000 ) ) ;
#775 = EDGE_CURVE ( 'NONE', #585, #507, #1369, .T. ) ;
#776 = CARTESIAN_POINT ( 'NONE',  ( 8.108287476342528777, 0.2327317920795215767, 12.00000000000000355 ) ) ;
#777 = CIRCLE ( 'NONE', #2692, 2.281000000000001027 ) ;
#778 = CARTESIAN_POINT ( 'NONE',  ( -1.502155732314621517, -5.560879430289261904, 0.000000000000000000 ) ) ;
#779 = CARTESIAN_POINT ( 'NONE',  ( -3.006329113924055108, 2.000000000000000000, -11.80379746835441956 ) ) ;
#780 = CARTESIAN_POINT ( 'NONE',  ( 7.848789467786623675, 0.08654109137163430721, 0.000000000000000000 ) ) ;
#781 = AXIS2_PLACEMENT_3D ( 'NONE', #2259, #1205, #141 ) ;
#782 = CARTESIAN_POINT ( 'NONE',  ( 5.752902267991022889, -0.2897712499213898063, 0.000000000000000000 ) ) ;
#783 = APPROVAL_DATE_TIME ( #138, #1860 ) ;
#784 = ORIENTED_EDGE ( 'NONE', *, *, #2224, .T. ) ;
#785 = CC_DESIGN_PERSON_AND_ORGANIZATION_ASSIGNMENT ( #72, #1391, ( #624 ) ) ;
#786 = CARTESIAN_POINT ( 'NONE',  ( -4.408389392193635459, 6.067627457812033498, 12.00000000000000000 ) ) ;
#787 = LINE ( 'NONE', #1641, #1164 ) ;
#788 = CARTESIAN_POINT ( 'NONE',  ( 2.343103861940805110, 7.491385036312877332, 11.99999999999998934 ) ) ;
#789 = EDGE_CURVE ( 'NONE', #2744, #2130, #1114, .T. ) ;
#790 = CARTESIAN_POINT ( 'NONE',  ( 2.233182759024446185, -7.024924597046641850, 0.000000000000000000 ) ) ;
#791 = VERTEX_POINT ( 'NONE', #1459 ) ;
#792 = DIRECTION ( 'NONE',  ( 1.000000000000000000, 0.000000000000000000, 0.000000000000000000 ) ) ;
#793 = CARTESIAN_POINT ( 'NONE',  ( -2.053333403260143797, 5.381790948875208258, 11.99999999999999822 ) ) ;
#794 = CARTESIAN_POINT ( 'NONE',  ( -7.493692351462872381, 4.624955478445708756, 12.00000000000000178 ) ) ;
#795 = ORIENTED_EDGE ( 'NONE', *, *, #667, .T. ) ;
#796 = DIRECTION ( 'NONE',  ( 1.000000000000000000, 0.000000000000000000, 0.000000000000000000 ) ) ;
#797 = DIRECTION ( 'NONE',  ( -0.000000000000000000, 1.000000000000000000, 0.000000000000000000 ) ) ;
#798 = CIRCLE ( 'NONE', #2630, 2.281000000000000139 ) ;
#799 = DIRECTION ( 'NONE',  ( 0.000000000000000000, 0.000000000000000000, -1.000000000000000000 ) ) ;
#800 = CARTESIAN_POINT ( 'NONE',  ( -2.208344767625415983, -6.928883210454961805, 0.000000000000000000 ) ) ;
#801 = EDGE_CURVE ( 'NONE', #490, #1222, #1099, .T. ) ;
#802 = CARTESIAN_POINT ( 'NONE',  ( 4.493670886075942228, 14.00000000000000000, -1.803797468354420230 ) ) ;
#803 = CARTESIAN_POINT ( 'NONE',  ( 2.102506451816425148, 6.437519814721501810, -0.000000000000000000 ) ) ;
#804 = DATE_AND_TIME ( #2066, #723 ) ;
#805 = ORIENTED_EDGE ( 'NONE', *, *, #2206, .T. ) ;
#806 = DIRECTION ( 'NONE',  ( -0.000000000000000000, 1.000000000000000000, 0.000000000000000000 ) ) ;
#807 = MANIFOLD_SOLID_BREP ( '·ÅÑù1', #1461 ) ;
#808 = DIRECTION ( 'NONE',  ( -0.000000000000000000, -0.000000000000000000, -1.000000000000000000 ) ) ;
#809 = CARTESIAN_POINT ( 'NONE',  ( -20.50632911392404623, 15.00000000000000000, 10.69620253164558044 ) ) ;
#810 = CARTESIAN_POINT ( 'NONE',  ( 6.494314511675442603, -5.139339641752593835, 12.00000000000000178 ) ) ;
#811 = DIRECTION ( 'NONE',  ( 1.000000000000000000, 0.000000000000000000, -0.000000000000000000 ) ) ;
#812 = CC_DESIGN_PERSON_AND_ORGANIZATION_ASSIGNMENT ( #1322, #2569, ( #520 ) ) ;
#813 = CIRCLE ( 'NONE', #1183, 2.281000000000000139 ) ;
#814 = ORIENTED_EDGE ( 'NONE', *, *, #2729, .F. ) ;
#815 = CARTESIAN_POINT ( 'NONE',  ( -6.894656005840284152, 4.588316845982099323, 12.00000000000000000 ) ) ;
#816 = APPROVAL_STATUS ( 'not_yet_approved' ) ;
#817 = ORIENTED_EDGE ( 'NONE', *, *, #2335, .T. ) ;
#818 = CARTESIAN_POINT ( 'NONE',  ( -6.604370679972648261, 4.570562234860815032, 12.00000000000000000 ) ) ;
#819 = CARTESIAN_POINT ( 'NONE',  ( -4.408389392193635459, 6.067627457812033498, 0.000000000000000000 ) ) ;
#820 = CARTESIAN_POINT ( 'NONE',  ( -2.966545570604164350, 4.083099689633590934, 0.000000000000000000 ) ) ;
#821 = CARTESIAN_POINT ( 'NONE',  ( 7.493692351462880374, 4.624955478445709645, -0.000000000000000000 ) ) ;
#822 = AXIS2_PLACEMENT_3D ( 'NONE', #2591, #2607, #680 ) ;
#823 = ORIENTED_EDGE ( 'NONE', *, *, #1878, .F. ) ;
#824 = CARTESIAN_POINT ( 'NONE',  ( 29.49367088607594667, 0.000000000000000000, -14.30379746835441956 ) ) ;
#825 = ORIENTED_EDGE ( 'NONE', *, *, #1729, .F. ) ;
#826 = CARTESIAN_POINT ( 'NONE',  ( -2.286106919624192990, 6.903616755963953189, 0.000000000000000000 ) ) ;
#827 = COORDINATED_UNIVERSAL_TIME_OFFSET ( 8, 0, .AHEAD. ) ;
#828 = EDGE_CURVE ( 'NONE', #180, #1859, #1237, .T. ) ;
#829 = ORIENTED_EDGE ( 'NONE', *, *, #2334, .F. ) ;
#830 = CARTESIAN_POINT ( 'NONE',  ( 7.993670886075939563, 2.000000000000000000, -14.30379746835441956 ) ) ;
#831 = EDGE_LOOP ( 'NONE', ( #406, #668, #1270, #2209, #296, #2305 ) ) ;
#832 = DIRECTION ( 'NONE',  ( 0.000000000000000000, 0.000000000000000000, 1.000000000000000000 ) ) ;
#833 = DATE_TIME_ROLE ( 'classification_date' ) ;
#834 = CARTESIAN_POINT ( 'NONE',  ( 4.483872434540851160, 3.615900976672866474, 11.99999999999999467 ) ) ;
#835 = CARTESIAN_POINT ( 'NONE',  ( 2.102506451816423372, 6.437519814721498257, -0.000000000000000000 ) ) ;
#836 = DIRECTION ( 'NONE',  ( -1.000000000000000000, -1.508455196501569950E-16, 0.000000000000000000 ) ) ;
#837 = CARTESIAN_POINT ( 'NONE',  ( 8.274838854007523281, 0.3405508158861541013, 12.00000000000000178 ) ) ;
#838 = CARTESIAN_POINT ( 'NONE',  ( -6.298936487484955826, -4.683415911144956034, 11.99999999999998934 ) ) ;
#839 = ORIENTED_EDGE ( 'NONE', *, *, #842, .F. ) ;
#840 = CARTESIAN_POINT ( 'NONE',  ( -4.408389392193486245, -6.067627457811999747, 0.000000000000000000 ) ) ;
#841 = VERTEX_POINT ( 'NONE', #856 ) ;
#842 = EDGE_CURVE ( 'NONE', #759, #199, #2078, .T. ) ;
#843 = B_SPLINE_CURVE_WITH_KNOTS ( 'NONE', 3,
 ( #46, #1350, #2420, #902 ),
 .UNSPECIFIED., .F., .F.,
 ( 4, 4 ),
 ( 0.000000000000000000, 1.170086868559491178 ),
 .UNSPECIFIED. ) ;
#844 = VERTEX_POINT ( 'NONE', #1058 ) ;
#846 = CARTESIAN_POINT ( 'NONE',  ( 7.272175590818146240, -0.04088198260716124910, 0.000000000000000000 ) ) ;
#845 = LOCAL_TIME ( 16, 46, 52.00000000000000000, #1962 ) ;
#847 = CALENDAR_DATE ( 2025, 6, 6 ) ;
#848 = CARTESIAN_POINT ( 'NONE',  ( -6.894656005840285928, 4.588316845982098435, -0.000000000000000000 ) ) ;
#849 = CARTESIAN_POINT ( 'NONE',  ( 2.880948904180681058, -7.764603423839082197, 11.99999999999999822 ) ) ;
#850 = EDGE_CURVE ( 'NONE', #2529, #699, #2474, .T. ) ;
#851 = CARTESIAN_POINT ( 'NONE',  ( 11.99367088607593956, 2.000000000000000000, 8.196202531645580436 ) ) ;
#852 = CARTESIAN_POINT ( 'NONE',  ( -6.111278549054364184, 4.468440144895414967, 0.000000000000000000 ) ) ;
#853 = DIRECTION ( 'NONE',  ( 1.000000000000000000, 0.000000000000000000, 0.000000000000000000 ) ) ;
#854 = FACE_OUTER_BOUND ( 'NONE', #431, .T. ) ;
#855 = ORIENTED_EDGE ( 'NONE', *, *, #1079, .F. ) ;
#856 = CARTESIAN_POINT ( 'NONE',  ( -2.208344767625415983, -6.928883210454961805, 0.000000000000000000 ) ) ;
#857 = APPLICATION_CONTEXT ( 'configuration controlled 3d designs of mechanical parts and assemblies' ) ;
#858 = ORIENTED_EDGE ( 'NONE', *, *, #1849, .T. ) ;
#859 = SHAPE_REPRESENTATION_RELATIONSHIP ( 'NONE' , 'NONE' ,  #1017, #2736 ) ;
#860 = AXIS2_PLACEMENT_3D ( 'NONE', #1288, #1552, #1537 ) ;
#861 = VERTEX_POINT ( 'NONE', #1683 ) ;
#862 = CARTESIAN_POINT ( 'NONE',  ( 6.604370679972711322, 4.570562234860818585, 0.000000000000000000 ) ) ;
#863 = APPLICATION_PROTOCOL_DEFINITION ( 'international standard', 'config_control_design', 1994, #2150 ) ;
#864 = AXIS2_PLACEMENT_3D ( 'NONE', #786, #2005, #2463 ) ;
#865 = PRODUCT_DEFINITION ( 'æœ', '', #624, #419 ) ;
#866 = CARTESIAN_POINT ( 'NONE',  ( -8.512945476436204473, 4.345483665702679410, 0.000000000000000000 ) ) ;
#867 = LINE ( 'NONE', #930, #2430 ) ;
#868 = CIRCLE ( 'NONE', #18, 2.281000000000000139 ) ;
#869 = EDGE_CURVE ( 'NONE', #414, #634, #1508, .T. ) ;
#870 = CARTESIAN_POINT ( 'NONE',  ( -2.233182758817004565, 7.975075403754633641, 0.000000000000000000 ) ) ;
#871 = CARTESIAN_POINT ( 'NONE',  ( 2.361250188460722210, 7.192995230092974701, 12.00000000000000355 ) ) ;
#872 = CARTESIAN_POINT ( 'NONE',  ( -6.422946048514704742, -4.954215774865637023, 12.00000000000001066 ) ) ;
#873 = B_SPLINE_CURVE_WITH_KNOTS ( 'NONE', 3,
 ( #1639, #1810, #2034, #1381 ),
 .UNSPECIFIED., .F., .F.,
 ( 4, 4 ),
 ( 0.000000000000000000, 1.170086868559896631 ),
 .UNSPECIFIED. ) ;
#874 = CARTESIAN_POINT ( 'NONE',  ( -7.132923872213805083, -2.317627457812386105, 12.00000000000000000 ) ) ;
#875 = CARTESIAN_POINT ( 'NONE',  ( -4.483872434540642438, 3.615900976672627554, 0.000000000000000000 ) ) ;
#876 = VERTEX_POINT ( 'NONE', #2530 ) ;
#877 = CARTESIAN_POINT ( 'NONE',  ( -2.429053010527122414, 7.266506548828019163, 0.000000000000000000 ) ) ;
#878 = DATE_TIME_ROLE ( 'classification_date' ) ;
#879 = ORIENTED_EDGE ( 'NONE', *, *, #1830, .T. ) ;
#880 = DIRECTION ( 'NONE',  ( 0.000000000000000000, 0.000000000000000000, 1.000000000000000000 ) ) ;
#881 = VERTEX_POINT ( 'NONE', #1699 ) ;
#882 = CARTESIAN_POINT ( 'NONE',  ( -5.859283812824874538, 4.307551783251092559, 12.00000000000000000 ) ) ;
#883 = PERSON_AND_ORGANIZATION_ROLE ( 'design_owner' ) ;
#884 = CARTESIAN_POINT ( 'NONE',  ( -3.344043840211339713, -8.146349429696929434, -0.000000000000000000 ) ) ;
#885 = DIRECTION ( 'NONE',  ( 1.000000000000000000, 0.000000000000000000, 0.000000000000000000 ) ) ;
#886 = AXIS2_PLACEMENT_3D ( 'NONE', #2221, #921, #1119 ) ;
#887 = APPROVAL_PERSON_ORGANIZATION ( #413, #231, #1700 ) ;
#888 = CARTESIAN_POINT ( 'NONE',  ( 2.102506451816425148, 6.437519814721502698, 12.00000000000000000 ) ) ;
#889 = EDGE_CURVE ( 'NONE', #1936, #608, #156, .T. ) ;
#890 = CARTESIAN_POINT ( 'NONE',  ( -6.138228046494677237, -4.431347343853171417, 12.00000000000001066 ) ) ;
#891 = LINE ( 'NONE', #225, #473 ) ;
#892 = CARTESIAN_POINT ( 'NONE',  ( -2.082915758131233197, 8.556114783037314098, -0.000000000000000000 ) ) ;
#893 = CARTESIAN_POINT ( 'NONE',  ( -2.317659613296777277, -7.207161661007003062, 12.00000000000000888 ) ) ;
#894 = DIRECTION ( 'NONE',  ( 1.000000000000000000, 0.000000000000000000, 0.000000000000000000 ) ) ;
#895 = ORIENTED_EDGE ( 'NONE', *, *, #1303, .F. ) ;
#896 = VECTOR ( 'NONE', #2741, 1000.000000000000000 ) ;
#897 = VERTEX_POINT ( 'NONE', #635 ) ;
#898 = CARTESIAN_POINT ( 'NONE',  ( -5.850233213782772168, -8.052155225990530241, 0.000000000000000000 ) ) ;
#899 = DIRECTION ( 'NONE',  ( 1.000000000000000000, 0.000000000000000000, 0.000000000000000000 ) ) ;
#900 = DATE_TIME_ROLE ( 'creation_date' ) ;
#901 = CARTESIAN_POINT ( 'NONE',  ( 1.502155732314629066, 9.439120569711013431, 12.00000000000000355 ) ) ;
#902 = CARTESIAN_POINT ( 'NONE',  ( -7.272175590892507202, -0.04088198261208837725, 0.000000000000000000 ) ) ;
#903 = CC_DESIGN_APPROVAL ( #368, ( #865 ) ) ;
#904 = CARTESIAN_POINT ( 'NONE',  ( -7.570614269378588723, -0.02291015667874116493, 0.000000000000000000 ) ) ;
#905 = B_SPLINE_CURVE_WITH_KNOTS ( 'NONE', 1,
 ( #293, #1148 ),
 .UNSPECIFIED., .F., .F.,
 ( 2, 2 ),
 ( 0.000000000000000000, 1.000000000000000000 ),
 .UNSPECIFIED. ) ;
#906 = CARTESIAN_POINT ( 'NONE',  ( -2.506329113924055108, 13.50000000000000000, 0.6962025316455769941 ) ) ;
#907 = CC_DESIGN_DATE_AND_TIME_ASSIGNMENT ( #2292, #1417, ( #2684 ) ) ;
#908 = CARTESIAN_POINT ( 'NONE',  ( 11.99367088607593956, 2.000000000000000000, -1.803797468354420230 ) ) ;
#909 = CARTESIAN_POINT ( 'NONE',  ( 2.726939712873762911, -7.639521561486019685, 11.99999999999998934 ) ) ;
#910 = CARTESIAN_POINT ( 'NONE',  ( -2.306000219333572243, -7.306488824363275292, 12.00000000000000000 ) ) ;
#911 = ORIENTED_EDGE ( 'NONE', *, *, #1706, .F. ) ;
#912 = EDGE_CURVE ( 'NONE', #2611, #1456, #1492, .T. ) ;
#913 = ORIENTED_EDGE ( 'NONE', *, *, #2172, .F. ) ;
#914 = CARTESIAN_POINT ( 'NONE',  ( 2.602085213965210642E-14, -5.046988775295465857, 11.99999999999997513 ) ) ;
#915 = DIRECTION ( 'NONE',  ( -1.000000000000000000, 0.000000000000000000, -0.000000000000000000 ) ) ;
#916 = CALENDAR_DATE ( 2025, 6, 6 ) ;
#917 = CARTESIAN_POINT ( 'NONE',  ( -5.484842658736543086, -3.972240646507761319, -0.000000000000000000 ) ) ;
#918 = CARTESIAN_POINT ( 'NONE',  ( 2.208344767702384193, -6.928883210750677257, 0.000000000000000000 ) ) ;
#919 = CARTESIAN_POINT ( 'NONE',  ( 6.111289349561179307, 4.468430124432423156, 12.00000000000000355 ) ) ;
#920 = FACE_OUTER_BOUND ( 'NONE', #1495, .T. ) ;
#921 = DIRECTION ( 'NONE',  ( 0.000000000000000000, 0.000000000000000000, -1.000000000000000000 ) ) ;
#922 = CIRCLE ( 'NONE', #696, 10.00000000000000178 ) ;
#923 = CARTESIAN_POINT ( 'NONE',  ( 1.502155732314764292, -5.560879430288996339, 12.00000000000001243 ) ) ;
#924 = ORIENTED_EDGE ( 'NONE', *, *, #1844, .F. ) ;
#925 = VERTEX_POINT ( 'NONE', #2565 ) ;
#926 = CARTESIAN_POINT ( 'NONE',  ( 5.484842658736842402, -3.972240646507677386, 12.00000000000000000 ) ) ;
#927 = PERSON_AND_ORGANIZATION ( #2239, #516 ) ;
#928 = EDGE_CURVE ( 'NONE', #186, #184, #2606, .T. ) ;
#929 = CARTESIAN_POINT ( 'NONE',  ( 2.507714799693543828, -7.437899700421643168, 0.000000000000000000 ) ) ;
#930 = CARTESIAN_POINT ( 'NONE',  ( 0.9936708860759440043, 13.50000000000000000, -14.30379746835441956 ) ) ;
#931 = CARTESIAN_POINT ( 'NONE',  ( 2.343103861940801558, 7.491385036312878221, 0.000000000000000000 ) ) ;
#932 = CARTESIAN_POINT ( 'NONE',  ( -2.343130036895801460, 7.491379238793245854, 12.00000000000000711 ) ) ;
#933 = CARTESIAN_POINT ( 'NONE',  ( -2.656539040913415750, -7.579614208211572723, 0.000000000000000000 ) ) ;
#934 = PLANE ( 'NONE',  #886 ) ;
#935 = CARTESIAN_POINT ( 'NONE',  ( -4.332906349846330052, -8.519353938951388372, 0.000000000000000000 ) ) ;
#936 = AXIS2_PLACEMENT_3D ( 'NONE', #434, #1077, #11 ) ;
#937 = ORIENTED_EDGE ( 'NONE', *, *, #1849, .F. ) ;
#938 = VERTEX_POINT ( 'NONE', #594 ) ;
#939 = CARTESIAN_POINT ( 'NONE',  ( 7.848789467786627227, 0.08654109137163387699, 11.99999999999998224 ) ) ;
#940 = PERSON_AND_ORGANIZATION_ROLE ( 'creator' ) ;
#941 = CARTESIAN_POINT ( 'NONE',  ( -4.799971562413369419, -1.559605301985937054, 12.00000000000001776 ) ) ;
#942 = EDGE_CURVE ( 'NONE', #2056, #844, #1901, .T. ) ;
#943 = CARTESIAN_POINT ( 'NONE',  ( -7.272175590892507202, -0.04088198261208837725, 0.000000000000000000 ) ) ;
#944 = CARTESIAN_POINT ( 'NONE',  ( -2.966545570604167903, 4.083099689633610474, 0.000000000000000000 ) ) ;
#945 = CARTESIAN_POINT ( 'NONE',  ( 6.772155392964375409, -0.01029943717830813024, -0.000000000000000000 ) ) ;
#946 = EDGE_CURVE ( 'NONE', #2103, #1680, #1286, .T. ) ;
#947 = CARTESIAN_POINT ( 'NONE',  ( 6.138221854008094169, -4.431360712238817889, 0.000000000000000000 ) ) ;
#948 = CC_DESIGN_APPROVAL ( #1890, ( #624 ) ) ;
#949 = CARTESIAN_POINT ( 'NONE',  ( 2.306000219333810275, 7.693511175637102184, 12.00000000000000000 ) ) ;
#950 = CARTESIAN_POINT ( 'NONE',  ( -8.358504278852759484, 0.3938515699128868341, 12.00000000000000000 ) ) ;
#951 = CARTESIAN_POINT ( 'NONE',  ( 6.772155392964375409, -0.01029943717830812504, 12.00000000000000000 ) ) ;
#952 = ORIENTED_EDGE ( 'NONE', *, *, #975, .T. ) ;
#953 = EDGE_LOOP ( 'NONE', ( #1974, #2373, #630, #1474 ) ) ;
#954 = CARTESIAN_POINT ( 'NONE',  ( -6.714272332570423885, -5.697735100902650451, 0.000000000000000000 ) ) ;
#955 = APPROVAL_STATUS ( 'not_yet_approved' ) ;
#956 = CARTESIAN_POINT ( 'NONE',  ( 2.645453300864630819E-14, -5.046988775295481844, 0.000000000000000000 ) ) ;
#957 = FACE_OUTER_BOUND ( 'NONE', #831, .T. ) ;
#958 = CIRCLE ( 'NONE', #2733, 10.00000000000000000 ) ;
#959 = CARTESIAN_POINT ( 'NONE',  ( -1.502155732314616632, 9.439120569711041853, 0.000000000000000000 ) ) ;
#960 = B_SPLINE_CURVE_WITH_KNOTS ( 'NONE', 3,
 ( #1282, #2352, #2191, #1744 ),
 .UNSPECIFIED., .F., .F.,
 ( 4, 4 ),
 ( 0.000000000000000000, 1.170086868559718551 ),
 .UNSPECIFIED. ) ;
#961 = CARTESIAN_POINT ( 'NONE',  ( 5.472734944175829952, 3.988905485927467520, 0.000000000000000000 ) ) ;
#962 = CARTESIAN_POINT ( 'NONE',  ( -9.465876182014046236, 3.075649613638201885, 12.00000000000000355 ) ) ;
#963 = EDGE_CURVE ( 'NONE', #2595, #2314, #2214, .T. ) ;
#964 = CARTESIAN_POINT ( 'NONE',  ( -2.306000219333572243, -7.306488824363275292, 0.000000000000000000 ) ) ;
#965 = CARTESIAN_POINT ( 'NONE',  ( 6.894656006666354031, 4.588316846032623353, 12.00000000000000178 ) ) ;
#966 = VERTEX_POINT ( 'NONE', #475 ) ;
#967 = CARTESIAN_POINT ( 'NONE',  ( 1.502155732314622405, 9.439120569711020536, 12.00000000000000355 ) ) ;
#968 = DATE_AND_TIME ( #2200, #1351 ) ;
#969 = ORIENTED_EDGE ( 'NONE', *, *, #1801, .T. ) ;
#970 = DIRECTION ( 'NONE',  ( -1.000000000000000000, 1.734723475976807094E-16, 1.778091562876227272E-15 ) ) ;
#971 = CARTESIAN_POINT ( 'NONE',  ( 2.284257538061051473, 7.783357719253970686, 0.000000000000000000 ) ) ;
#972 = CARTESIAN_POINT ( 'NONE',  ( 2.053333403260022560, 5.381790948874995983, 0.000000000000000000 ) ) ;
#973 = CARTESIAN_POINT ( 'NONE',  ( -7.570614269378572736, -0.02291015667874325354, 12.00000000000002309 ) ) ;
#974 = LINE ( 'NONE', #1400, #2652 ) ;
#975 = EDGE_CURVE ( 'NONE', #1832, #1346, #1447, .T. ) ;
#976 = CARTESIAN_POINT ( 'NONE',  ( 6.298954255771812782, -4.683395835600498103, 0.000000000000000000 ) ) ;
#977 = EDGE_LOOP ( 'NONE', ( #1093, #55, #772, #1302, #879, #714 ) ) ;
#978 = CIRCLE ( 'NONE', #611, 10.00000000000000000 ) ;
#979 = PRODUCT_DEFINITION_SHAPE ( 'NONE', 'NONE',  #1280 ) ;
#980 = CARTESIAN_POINT ( 'NONE',  ( 6.696543290711860053, 4.577635562164165783, 0.000000000000000000 ) ) ;
#981 = ITEM_DEFINED_TRANSFORMATION ( 'NONE', 'NONE', #62,  #287 ) ;
#982 = ORIENTED_EDGE ( 'NONE', *, *, #801, .F. ) ;
#983 = CARTESIAN_POINT ( 'NONE',  ( 8.358504278852747049, 0.3938515699128781189, 0.000000000000000000 ) ) ;
#984 = DIRECTION ( 'NONE',  ( 0.000000000000000000, 0.000000000000000000, 1.000000000000000000 ) ) ;
#985 = CARTESIAN_POINT ( 'NONE',  ( 7.848789467786627227, 0.08654109137163859544, 11.99999999999999822 ) ) ;
#986 = CARTESIAN_POINT ( 'NONE',  ( -5.850233213782790820, -8.052155225990523135, 0.000000000000000000 ) ) ;
#987 = DIRECTION ( 'NONE',  ( -1.734723475976804876E-16, -1.000000000000000000, 1.762569815175820090E-31 ) ) ;
#988 = B_SPLINE_CURVE_WITH_KNOTS ( 'NONE', 1,
 ( #800, #1656 ),
 .UNSPECIFIED., .F., .F.,
 ( 2, 2 ),
 ( 0.000000000000000000, 1.000000000000000000 ),
 .UNSPECIFIED. ) ;
#989 = CC_DESIGN_APPROVAL ( #535, ( #1751 ) ) ;
#990 = CARTESIAN_POINT ( 'NONE',  ( 2.361250188460723987, 7.192995230092972037, 11.99999999999999645 ) ) ;
#991 = CARTESIAN_POINT ( 'NONE',  ( 2.322464273014720249, 6.995915274641615333, 12.00000000000000000 ) ) ;
#992 = APPROVAL_ROLE ( '' ) ;
#993 = EDGE_CURVE ( 'NONE', #925, #1523, #1145, .T. ) ;
#994 = ORIENTED_EDGE ( 'NONE', *, *, #540, .F. ) ;
#995 = CARTESIAN_POINT ( 'NONE',  ( 7.993670886075939563, 2.000000000000000000, 10.69720253164557988 ) ) ;
#996 = B_SPLINE_CURVE_WITH_KNOTS ( 'NONE', 3,
 ( #1590, #933, #964, #344 ),
 .UNSPECIFIED., .F., .F.,
 ( 4, 4 ),
 ( 0.000000000000000000, 1.170086868559627957 ),
 .UNSPECIFIED. ) ;
#997 = CARTESIAN_POINT ( 'NONE',  ( -2.233182758817004565, 7.975075403754635417, 12.00000000000000000 ) ) ;
#998 = CARTESIAN_POINT ( 'NONE',  ( -1.502155732314625958, 9.439120569711024089, 0.000000000000000000 ) ) ;
#999 = AXIS2_PLACEMENT_3D ( 'NONE', #2070, #374, #2512 ) ;
#1000 = CARTESIAN_POINT ( 'NONE',  ( -2.880948904819276901, -7.764603424365501994, 0.000000000000000000 ) ) ;
#1001 = CARTESIAN_POINT ( 'NONE',  ( 11.99367088607593956, 13.50000000000000000, -1.803797468354420230 ) ) ;
#1002 = CC_DESIGN_APPROVAL ( #118, ( #1224 ) ) ;
#1003 = CARTESIAN_POINT ( 'NONE',  ( 2.082915758131233641, 8.556114783037312321, 12.00000000000000000 ) ) ;
#1004 = CIRCLE ( 'NONE', #864, 2.281000000000001027 ) ;
#1005 = VECTOR ( 'NONE', #2759, 1000.000000000000000 ) ;
#1006 = CARTESIAN_POINT ( 'NONE',  ( 6.772155392964383402, -0.01029943717830860729, -0.000000000000000000 ) ) ;
#1007 = SHAPE_DEFINITION_REPRESENTATION ( #979, #2572 ) ;
#1008 = CARTESIAN_POINT ( 'NONE',  ( -2.343130036895803681, 7.491379238793243189, 0.000000000000000000 ) ) ;
#1009 = ORIENTED_EDGE ( 'NONE', *, *, #1155, .F. ) ;
#1010 = PLANE ( 'NONE',  #183 ) ;
#1011 = EDGE_CURVE ( 'NONE', #1989, #2744, #1718, .T. ) ;
#1012 = CARTESIAN_POINT ( 'NONE',  ( -20.50632911392404623, 15.00000000000000000, -14.30379746835441956 ) ) ;
#1013 = UNCERTAINTY_MEASURE_WITH_UNIT (LENGTH_MEASURE( 1.000000000000000082E-05 ), #1510, 'distance_accuracy_value', 'NONE');
#1014 = DIRECTION ( 'NONE',  ( 0.000000000000000000, 1.000000000000000000, 0.000000000000000000 ) ) ;
#1015 = CARTESIAN_POINT ( 'NONE',  ( -1.502155732314622405, -5.560879430289272563, 12.00000000000002132 ) ) ;
#1016 = DIRECTION ( 'NONE',  ( 1.000000000000000000, 0.000000000000000000, 0.000000000000000000 ) ) ;
#1017 = SHAPE_REPRESENTATION ( '\X2\57065f279f7f8f6e\X0\2', ( #287 ), #1623 ) ;
#1018 = CARTESIAN_POINT ( 'NONE',  ( -4.483872434540666418, 3.615900976672631995, 12.00000000000001066 ) ) ;
#1019 = APPROVAL_DATE_TIME ( #1621, #535 ) ;
#1020 = VERTEX_POINT ( 'NONE', #1344 ) ;
#1021 = CARTESIAN_POINT ( 'NONE',  ( -2.208344767625415983, -6.928883210454961805, 0.000000000000000000 ) ) ;
#1022 = CARTESIAN_POINT ( 'NONE',  ( 7.493692351462872381, 4.624955478445709645, -0.000000000000000000 ) ) ;
#1023 = CC_DESIGN_PERSON_AND_ORGANIZATION_ASSIGNMENT ( #268, #539, ( #624 ) ) ;
#1024 = CARTESIAN_POINT ( 'NONE',  ( -2.361237320893932345, 7.193002405491961682, 0.000000000000000000 ) ) ;
#1025 = CARTESIAN_POINT ( 'NONE',  ( 6.763445381126884648, -6.753463966749099434, 12.00000000000000178 ) ) ;
#1026 = EDGE_CURVE ( 'NONE', #881, #966, #1640, .T. ) ;
#1027 = DIRECTION ( 'NONE',  ( 0.000000000000000000, 0.000000000000000000, -1.000000000000000000 ) ) ;
#1028 = AXIS2_PLACEMENT_3D ( 'NONE', #1040, #2483, #1889 ) ;
#1029 = LOCAL_TIME ( 16, 46, 52.00000000000000000, #1049 ) ;
#1030 = CARTESIAN_POINT ( 'NONE',  ( 2.233182759024220143, 7.975075402953394565, -0.000000000000000000 ) ) ;
#1031 = CONTEXT_DEPENDENT_SHAPE_REPRESENTATION ( #2634, #756 ) ;
#1032 = ORIENTED_EDGE ( 'NONE', *, *, #1155, .T. ) ;
#1033 = DIRECTION ( 'NONE',  ( 0.000000000000000000, 0.000000000000000000, 1.000000000000000000 ) ) ;
#1034 = B_SPLINE_CURVE_WITH_KNOTS ( 'NONE', 3,
 ( #1897, #1664, #450, #1927 ),
 .UNSPECIFIED., .F., .F.,
 ( 4, 4 ),
 ( 0.000000000000000000, 1.170086868559685245 ),
 .UNSPECIFIED. ) ;
#1035 = B_SPLINE_CURVE_WITH_KNOTS ( 'NONE', 3,
 ( #66, #504, #695, #79 ),
 .UNSPECIFIED., .F., .F.,
 ( 4, 4 ),
 ( 0.000000000000000000, 1.170086868559845339 ),
 .UNSPECIFIED. ) ;
#1036 = DIRECTION ( 'NONE',  ( 0.000000000000000000, 1.000000000000000000, 0.000000000000000000 ) ) ;
#1037 = CARTESIAN_POINT ( 'NONE',  ( 5.935829879567858569, 4.370651491258985111, 12.00000000000000000 ) ) ;
#1038 = CARTESIAN_POINT ( 'NONE',  ( 8.108287476342534106, 0.2327317920795304584, 0.000000000000000000 ) ) ;
#1039 = ORIENTED_EDGE ( 'NONE', *, *, #1435, .T. ) ;
#1040 = CARTESIAN_POINT ( 'NONE',  ( 11.99367088607593956, 14.00000000000000000, -1.803797468354420230 ) ) ;
#1041 = EDGE_CURVE ( 'NONE', #248, #1020, #1971, .T. ) ;
#1042 = CIRCLE ( 'NONE', #1445, 2.281000000000000139 ) ;
#1043 = ORIENTED_EDGE ( 'NONE', *, *, #1172, .F. ) ;
#1044 = CARTESIAN_POINT ( 'NONE',  ( -4.408389392193486245, -6.067627457811999747, 0.000000000000000000 ) ) ;
#1045 = ORIENTED_EDGE ( 'NONE', *, *, #2132, .T. ) ;
#1046 = DIRECTION ( 'NONE',  ( -0.000000000000000000, -0.000000000000000000, -1.000000000000000000 ) ) ;
#1047 = ORIENTED_EDGE ( 'NONE', *, *, #889, .F. ) ;
#1048 = FACE_OUTER_BOUND ( 'NONE', #2357, .T. ) ;
#1049 = COORDINATED_UNIVERSAL_TIME_OFFSET ( 8, 0, .AHEAD. ) ;
#1050 = CARTESIAN_POINT ( 'NONE',  ( 8.781005085690726020, 0.6630142691165642477, 12.00000000000000000 ) ) ;
#1051 = CARTESIAN_POINT ( 'NONE',  ( 5.991008889722122532, -4.294704099293354282, 12.00000000000000178 ) ) ;
#1052 = CIRCLE ( 'NONE', #339, 2.281000000000001027 ) ;
#1053 = ORIENTED_EDGE ( 'NONE', *, *, #1339, .T. ) ;
#1054 = DIRECTION ( 'NONE',  ( 0.000000000000000000, 0.000000000000000000, 1.000000000000000000 ) ) ;
#1055 = EDGE_CURVE ( 'NONE', #2130, #2529, #1052, .T. ) ;
#1056 = CARTESIAN_POINT ( 'NONE',  ( -2.322464272711821653, 6.995915273871759155, -0.000000000000000000 ) ) ;
#1057 = ORIENTED_EDGE ( 'NONE', *, *, #14, .F. ) ;
#1058 = CARTESIAN_POINT ( 'NONE',  ( -2.208344767777715489, -6.928883211043858736, 12.00000000000000000 ) ) ;
#1059 = VERTEX_POINT ( 'NONE', #1106 ) ;
#1060 = CARTESIAN_POINT ( 'NONE',  ( -6.993672153534667757, 4.594372933012287774, 12.00000000000000000 ) ) ;
#1061 = VERTEX_POINT ( 'NONE', #2398 ) ;
#1062 = CARTESIAN_POINT ( 'NONE',  ( 11.99367088607593956, 2.000000000000000000, -1.803797468354420230 ) ) ;
#1063 = CALENDAR_DATE ( 2025, 6, 6 ) ;
#1064 = CARTESIAN_POINT ( 'NONE',  ( -2.361237320893930125, 7.193002405491951023, 11.99999999999999645 ) ) ;
#1065 = CARTESIAN_POINT ( 'NONE',  ( 7.570611421465333279, -0.02292461178215900869, 12.00000000000000000 ) ) ;
#1066 = CIRCLE ( 'NONE', #1426, 2.281000000000000139 ) ;
#1067 = CARTESIAN_POINT ( 'NONE',  ( -1.502155732314625958, 9.439120569711024089, 0.000000000000000000 ) ) ;
#1068 = CARTESIAN_POINT ( 'NONE',  ( -2.233182758817002789, 7.975075403754638970, 0.000000000000000000 ) ) ;
#1069 = CARTESIAN_POINT ( 'NONE',  ( -7.272175590892508090, -0.04088198261208852990, 0.000000000000000000 ) ) ;
#1070 = CARTESIAN_POINT ( 'NONE',  ( 0.9936708860759440043, 13.50000000000000000, -10.96894885826609922 ) ) ;
#1071 = VERTEX_POINT ( 'NONE', #280 ) ;
#1072 = DIRECTION ( 'NONE',  ( 0.000000000000000000, 0.000000000000000000, 1.000000000000000000 ) ) ;
#1073 = CC_DESIGN_PERSON_AND_ORGANIZATION_ASSIGNMENT ( #2669, #2228, ( #2050 ) ) ;
#1074 = ORIENTED_EDGE ( 'NONE', *, *, #540, .T. ) ;
#1075 = ORIENTED_EDGE ( 'NONE', *, *, #407, .T. ) ;
#1077 = DIRECTION ( 'NONE',  ( 0.000000000000000000, 0.000000000000000000, 1.000000000000000000 ) ) ;
#1076 = LOCAL_TIME ( 16, 46, 52.00000000000000000, #2696 ) ;
#1078 = DATE_AND_TIME ( #2138, #369 ) ;
#1079 = EDGE_CURVE ( 'NONE', #2686, #861, #1893, .T. ) ;
#1080 = CARTESIAN_POINT ( 'NONE',  ( -9.465876182014024920, 3.075649613638222313, 0.000000000000000000 ) ) ;
#1081 = CARTESIAN_POINT ( 'NONE',  ( -4.408389392193635459, 6.067627457812033498, 0.000000000000000000 ) ) ;
#1082 = CARTESIAN_POINT ( 'NONE',  ( 9.465876182014032025, 3.075649613638229418, 12.00000000000002309 ) ) ;
#1083 = CARTESIAN_POINT ( 'NONE',  ( -8.512945476436200920, 4.345483665702665199, 0.000000000000000000 ) ) ;
#1084 = CARTESIAN_POINT ( 'NONE',  ( 2.957494971740015188, -7.827703132519475027, 11.99999999999999822 ) ) ;
#1085 = CARTESIAN_POINT ( 'NONE',  ( 2.208344767702384193, -6.928883210750677257, 0.000000000000000000 ) ) ;
#1086 = B_SPLINE_CURVE_WITH_KNOTS ( 'NONE', 3,
 ( #1668, #134, #1434, #170 ),
 .UNSPECIFIED., .F., .F.,
 ( 4, 4 ),
 ( 0.000000000000000000, 1.170086868559627957 ),
 .UNSPECIFIED. ) ;
#1087 = ORIENTED_EDGE ( 'NONE', *, *, #1026, .F. ) ;
#1088 = CARTESIAN_POINT ( 'NONE',  ( -5.935829880206405562, 4.370651491784914633, 12.00000000000000000 ) ) ;
#1089 = APPROVAL_STATUS ( 'not_yet_approved' ) ;
#1090 = ORIENTED_EDGE ( 'NONE', *, *, #1864, .F. ) ;
#1091 = CARTESIAN_POINT ( 'NONE',  ( 0.000000000000000000, 0.000000000000000000, 0.000000000000000000 ) ) ;
#1092 = LOCAL_TIME ( 16, 46, 52.00000000000000000, #1291 ) ;
#1093 = ORIENTED_EDGE ( 'NONE', *, *, #14, .T. ) ;
#1094 = CARTESIAN_POINT ( 'NONE',  ( 7.993670886075939563, 2.000000000000000000, -10.96894885826609922 ) ) ;
#1095 = COORDINATED_UNIVERSAL_TIME_OFFSET ( 8, 0, .AHEAD. ) ;
#1096 = CARTESIAN_POINT ( 'NONE',  ( -2.322464272711821209, 6.995915273871760043, 12.00000000000000000 ) ) ;
#1097 = EDGE_CURVE ( 'NONE', #1922, #876, #922, .T. ) ;
#1098 = CARTESIAN_POINT ( 'NONE',  ( -2.208344767625415983, -6.928883210454963582, 0.000000000000000000 ) ) ;
#1099 = CIRCLE ( 'NONE', #2434, 2.281000000000000139 ) ;
#1100 = CARTESIAN_POINT ( 'NONE',  ( -2.361237320893930125, 7.193002405491951023, 11.99999999999999645 ) ) ;
#1101 = CARTESIAN_POINT ( 'NONE',  ( -7.848792042523773382, 0.08651440597800413856, 12.00000000000000355 ) ) ;
#1102 = CARTESIAN_POINT ( 'NONE',  ( 7.993670886075950222, 13.50000000000000000, -10.96894885826609922 ) ) ;
#1103 = CARTESIAN_POINT ( 'NONE',  ( -5.850233213782795261, -8.052155225990542675, 12.00000000000001776 ) ) ;
#1104 = PERSON ( 'NAUO-PER2', 'UNSPECIFIED', 'UNSPECIFIED', ('UNSPECIFIED'), ('UNSPECIFIED'), ('UNSPECIFIED') ) ;
#1105 = CARTESIAN_POINT ( 'NONE',  ( 1.502155732314771175, -5.560879430289006997, 0.000000000000000000 ) ) ;
#1106 = CARTESIAN_POINT ( 'NONE',  ( -2.286106919624192546, 6.903616755963952301, 0.000000000000000000 ) ) ;
#1107 = ORIENTED_EDGE ( 'NONE', *, *, #2651, .T. ) ;
#1108 = VERTEX_POINT ( 'NONE', #2502 ) ;
#1109 = CARTESIAN_POINT ( 'NONE',  ( 1.502155732314771175, -5.560879430289006997, 0.000000000000000000 ) ) ;
#1110 = CARTESIAN_POINT ( 'NONE',  ( 0.000000000000000000, 0.000000000000000000, 0.000000000000000000 ) ) ;
#1111 = PERSON_AND_ORGANIZATION ( #2239, #516 ) ;
#1112 = CARTESIAN_POINT ( 'NONE',  ( -7.848792042523786705, 0.08651440597800345855, 11.99999999999997158 ) ) ;
#1113 = CARTESIAN_POINT ( 'NONE',  ( 0.000000000000000000, 15.00000000000000000, 0.000000000000000000 ) ) ;
#1114 = B_SPLINE_CURVE_WITH_KNOTS ( 'NONE', 3,
 ( #2519, #2116, #1937, #605 ),
 .UNSPECIFIED., .F., .F.,
 ( 4, 4 ),
 ( 0.000000000000000000, 1.170086868559896631 ),
 .UNSPECIFIED. ) ;
#1115 = CC_DESIGN_PERSON_AND_ORGANIZATION_ASSIGNMENT ( #2018, #100, ( #1615 ) ) ;
#1116 = AXIS2_PLACEMENT_3D ( 'NONE', #587, #984, #1835 ) ;
#1117 = CARTESIAN_POINT ( 'NONE',  ( -4.824518969025148429, -3.147041245337477200, 0.000000000000000000 ) ) ;
#1118 = CARTESIAN_POINT ( 'NONE',  ( -8.029557193585752373, 0.1842891645099402342, 0.000000000000000000 ) ) ;
#1119 = DIRECTION ( 'NONE',  ( 0.000000000000000000, -1.000000000000000000, 0.000000000000000000 ) ) ;
#1120 = CARTESIAN_POINT ( 'NONE',  ( -2.082915758131141715, -6.443885216963101570, 0.000000000000000000 ) ) ;
#1121 = CARTESIAN_POINT ( 'NONE',  ( -2.208344767777715489, -6.928883211043858736, 12.00000000000000000 ) ) ;
#1122 = ORIENTED_EDGE ( 'NONE', *, *, #216, .T. ) ;
#1123 =( NAMED_UNIT ( * ) SI_UNIT ( $, .STERADIAN. ) SOLID_ANGLE_UNIT ( ) );
#1124 = AXIS2_PLACEMENT_3D ( 'NONE', #2202, #692, #885 ) ;
#1125 = DIRECTION ( 'NONE',  ( 0.000000000000000000, 1.000000000000000000, 0.000000000000000000 ) ) ;
#1126 = CARTESIAN_POINT ( 'NONE',  ( -2.880948904819274681, -7.764603424365499329, 0.000000000000000000 ) ) ;
#1127 = DIRECTION ( 'NONE',  ( 1.000000000000000000, 0.000000000000000000, 0.000000000000000000 ) ) ;
#1128 = APPROVAL_STATUS ( 'not_yet_approved' ) ;
#1129 = CARTESIAN_POINT ( 'NONE',  ( -5.850233213782790820, -8.052155225990523135, 0.000000000000000000 ) ) ;
#1130 = CARTESIAN_POINT ( 'NONE',  ( 2.452482661396970798E-13, -7.500000000000117240, 12.00000000000000000 ) ) ;
#1131 = LOCAL_TIME ( 16, 46, 52.00000000000000000, #2732 ) ;
#1132 = CARTESIAN_POINT ( 'NONE',  ( -5.935829880206402009, 4.370651491784913745, 0.000000000000000000 ) ) ;
#1133 = CARTESIAN_POINT ( 'NONE',  ( -8.358504278852750602, 0.3938515699128810610, 0.000000000000000000 ) ) ;
#1134 = CARTESIAN_POINT ( 'NONE',  ( 7.993670886075939563, 13.50000000000000000, -14.30379746835441956 ) ) ;
#1135 = ADVANCED_FACE ( 'NONE', ( #157 ), #1863, .T. ) ;
#1136 = CARTESIAN_POINT ( 'NONE',  ( -7.371191737761322749, -0.04693806959179951804, -0.000000000000000000 ) ) ;
#1137 = VERTEX_POINT ( 'NONE', #1220 ) ;
#1138 = CARTESIAN_POINT ( 'NONE',  ( -1.217552208246116578E-13, 15.00000000000000178, -10.20598196460405660 ) ) ;
#1139 = VERTEX_POINT ( 'NONE', #600 ) ;
#1140 = CARTESIAN_POINT ( 'NONE',  ( 5.991008889722118980, -4.294704099293352506, 12.00000000000000000 ) ) ;
#1141 = DATE_AND_TIME ( #284, #501 ) ;
#1142 = APPROVAL_PERSON_ORGANIZATION ( #234, #118, #12 ) ;
#1143 = CARTESIAN_POINT ( 'NONE',  ( -2.880948904819274681, -7.764603424365499329, 12.00000000000000178 ) ) ;
#1144 = DIRECTION ( 'NONE',  ( 1.000000000000000000, 0.000000000000000000, 0.000000000000000000 ) ) ;
#1145 = B_SPLINE_CURVE_WITH_KNOTS ( 'NONE', 3,
 ( #2178, #1762, #2579, #683 ),
 .UNSPECIFIED., .F., .F.,
 ( 4, 4 ),
 ( 0.000000000000000000, 1.170086868559685245 ),
 .UNSPECIFIED. ) ;
#1146 = CARTESIAN_POINT ( 'NONE',  ( -2.233182758817003233, 7.975075403754638970, 12.00000000000000000 ) ) ;
#1147 = LINE ( 'NONE', #1996, #592 ) ;
#1148 = CARTESIAN_POINT ( 'NONE',  ( 8.358504278852761260, 0.3938515699128857239, 12.00000000000000178 ) ) ;
#1149 = CARTESIAN_POINT ( 'NONE',  ( 2.880948904180683279, -7.764603423839081309, 11.99999999999999822 ) ) ;
#1150 = ORIENTED_EDGE ( 'NONE', *, *, #502, .F. ) ;
#1151 = EDGE_CURVE ( 'NONE', #1717, #1538, #1655, .T. ) ;
#1152 = ORIENTED_EDGE ( 'NONE', *, *, #2712, .F. ) ;
#1153 = CARTESIAN_POINT ( 'NONE',  ( 7.371191738586973408, -0.04693806964190170433, 12.00000000000000000 ) ) ;
#1154 = CALENDAR_DATE ( 2025, 6, 6 ) ;
#1155 = EDGE_CURVE ( 'NONE', #617, #159, #1635, .T. ) ;
#1156 = CARTESIAN_POINT ( 'NONE',  ( 2.317644985623002363, -7.207163419353227241, 0.000000000000000000 ) ) ;
#1157 = DIRECTION ( 'NONE',  ( 0.000000000000000000, 0.000000000000000000, -1.000000000000000000 ) ) ;
#1158 = CARTESIAN_POINT ( 'NONE',  ( -9.441328775402109130, 1.488213670286769874, 0.000000000000000000 ) ) ;
#1159 = CARTESIAN_POINT ( 'NONE',  ( 7.493692351462880374, 4.624955478445709645, -0.000000000000000000 ) ) ;
#1160 = CARTESIAN_POINT ( 'NONE',  ( -4.799971562413358761, -1.559605301985932613, 0.000000000000000000 ) ) ;
#1161 = CARTESIAN_POINT ( 'NONE',  ( 29.49367088607594667, 15.00000000000000000, 10.69620253164558044 ) ) ;
#1162 = CARTESIAN_POINT ( 'NONE',  ( 11.99367088607593956, 14.00000000000000000, -1.803797468354420230 ) ) ;
#1163 = CARTESIAN_POINT ( 'NONE',  ( -1.502155732314623293, -5.560879430289271674, 0.000000000000000000 ) ) ;
#1164 = VECTOR ( 'NONE', #2490, 1000.000000000000000 ) ;
#1165 = VERTEX_POINT ( 'NONE', #2524 ) ;
#1166 = APPROVAL ( #2486, 'æœª' ) ;
#1167 = ORIENTED_EDGE ( 'NONE', *, *, #2224, .F. ) ;
#1168 = CARTESIAN_POINT ( 'NONE',  ( 3.344043840211334828, -8.146349429696924105, 0.000000000000000000 ) ) ;
#1169 = SECURITY_CLASSIFICATION_LEVEL ( 'unclassified' ) ;
#1170 = CARTESIAN_POINT ( 'NONE',  ( -6.422946048514702966, -4.954215774865634359, 11.99999999999998757 ) ) ;
#1171 = CARTESIAN_POINT ( 'NONE',  ( -5.907343465551137207, -4.241403345696569183, 12.00000000000000000 ) ) ;
#1172 = EDGE_CURVE ( 'NONE', #2611, #1285, #2086, .T. ) ;
#1173 = CARTESIAN_POINT ( 'NONE',  ( -2.343130036895803681, 7.491379238793243189, 0.000000000000000000 ) ) ;
#1174 = CARTESIAN_POINT ( 'NONE',  ( 8.781005085690733125, 0.6630142691165690216, 0.000000000000000000 ) ) ;
#1175 = CARTESIAN_POINT ( 'NONE',  ( -6.696538678762625985, 4.577647825018108740, 12.00000000000000355 ) ) ;
#1176 = CARTESIAN_POINT ( 'NONE',  ( -5.907343465571184282, -4.241403345709340300, 0.000000000000000000 ) ) ;
#1177 = CARTESIAN_POINT ( 'NONE',  ( 6.111289349561167761, 4.468430124432424044, 11.99999999999998579 ) ) ;
#1178 = ORIENTED_EDGE ( 'NONE', *, *, #946, .F. ) ;
#1179 = CARTESIAN_POINT ( 'NONE',  ( 2.082915758131233641, 8.556114783037312321, 12.00000000000000000 ) ) ;
#1180 = DATE_AND_TIME ( #1768, #176 ) ;
#1181 = VERTEX_POINT ( 'NONE', #192 ) ;
#1182 = DIRECTION ( 'NONE',  ( 0.000000000000000000, 1.000000000000000000, 0.000000000000000000 ) ) ;
#1183 = AXIS2_PLACEMENT_3D ( 'NONE', #1387, #1354, #2440 ) ;
#1184 = CARTESIAN_POINT ( 'NONE',  ( 2.102506451816425148, 6.437519814721501810, -0.000000000000000000 ) ) ;
#1185 = PRODUCT_DEFINITION_SHAPE ( 'NONE', 'NONE',  #520 ) ;
#1186 = ADVANCED_FACE ( 'NONE', ( #2514 ), #1826, .T. ) ;
#1187 = CARTESIAN_POINT ( 'NONE',  ( 4.799971562413225534, -1.559605301985973247, 12.00000000000000355 ) ) ;
#1188 = CARTESIAN_POINT ( 'NONE',  ( -3.344043840211335272, -8.146349429696927658, 12.00000000000000000 ) ) ;
#1189 = CARTESIAN_POINT ( 'NONE',  ( -5.859283812647521295, 4.307551783104894838, 0.000000000000000000 ) ) ;
#1190 = CARTESIAN_POINT ( 'NONE',  ( 4.483872434540835172, 3.615900976672861589, 11.99999999999998224 ) ) ;
#1191 = ORIENTED_EDGE ( 'NONE', *, *, #685, .F. ) ;
#1192 = CIRCLE ( 'NONE', #107, 10.00000000000000178 ) ;
#1193 = CARTESIAN_POINT ( 'NONE',  ( 6.400658039661268894, 4.543412586211411863, 0.000000000000000000 ) ) ;
#1194 = PERSON_AND_ORGANIZATION_ROLE ( 'classification_officer' ) ;
#1195 = ORIENTED_EDGE ( 'NONE', *, *, #2617, .F. ) ;
#1196 = CARTESIAN_POINT ( 'NONE',  ( -2.208344767702430822, 8.071116789248312884, 12.00000000000000000 ) ) ;
#1197 = CARTESIAN_POINT ( 'NONE',  ( -6.894656005840284152, 4.588316845982099323, 12.00000000000000000 ) ) ;
#1198 = CARTESIAN_POINT ( 'NONE',  ( 7.371191738586986730, -0.04693806964190243985, 12.00000000000000178 ) ) ;
#1199 = CARTESIAN_POINT ( 'NONE',  ( 5.484842658736842402, -3.972240646507679163, 0.000000000000000000 ) ) ;
#1200 = FACE_OUTER_BOUND ( 'NONE', #2343, .T. ) ;
#1201 = CARTESIAN_POINT ( 'NONE',  ( 7.371191738586982289, -0.04693806964190226638, 0.000000000000000000 ) ) ;
#1202 = CARTESIAN_POINT ( 'NONE',  ( 5.484842658736844179, -3.972240646507680051, 0.000000000000000000 ) ) ;
#1203 = ITEM_DEFINED_TRANSFORMATION ( 'NONE', 'NONE', #860,  #287 ) ;
#1204 = ORIENTED_EDGE ( 'NONE', *, *, #2334, .T. ) ;
#1205 = DIRECTION ( 'NONE',  ( 0.000000000000000000, 1.000000000000000000, 0.000000000000000000 ) ) ;
#1206 = CARTESIAN_POINT ( 'NONE',  ( 2.233182759024220143, 7.975075402953394565, -0.000000000000000000 ) ) ;
#1207 = CARTESIAN_POINT ( 'NONE',  ( 5.484842658736839738, -3.972240646507677386, 12.00000000000000000 ) ) ;
#1208 = CARTESIAN_POINT ( 'NONE',  ( -6.894656005840293922, 4.588316845982099323, 11.99999999999999822 ) ) ;
#1209 = CARTESIAN_POINT ( 'NONE',  ( 2.208344767702624001, -6.928883210751606292, 12.00000000000000000 ) ) ;
#1210 = CC_DESIGN_SECURITY_CLASSIFICATION ( #1470, ( #1751 ) ) ;
#1211 = CARTESIAN_POINT ( 'NONE',  ( 8.512945476436215131, 4.345483665702673193, 12.00000000000000533 ) ) ;
#1212 = EDGE_CURVE ( 'NONE', #1165, #1241, #2117, .T. ) ;
#1213 = CARTESIAN_POINT ( 'NONE',  ( -2.361237320893931013, 7.193002405491952800, 12.00000000000001599 ) ) ;
#1214 = APPROVAL_ROLE ( '' ) ;
#1215 = CARTESIAN_POINT ( 'NONE',  ( -8.512945476436211578, 4.345483665702684739, 12.00000000000002132 ) ) ;
#1216 = ORIENTED_EDGE ( 'NONE', *, *, #737, .F. ) ;
#1217 = CARTESIAN_POINT ( 'NONE',  ( -5.859283812646951972, 4.307551783104424103, 11.99999999999999822 ) ) ;
#1218 = LINE ( 'NONE', #2071, #86 ) ;
#1219 = B_SPLINE_CURVE_WITH_KNOTS ( 'NONE', 3,
 ( #677, #1336, #286, #1571 ),
 .UNSPECIFIED., .F., .F.,
 ( 4, 4 ),
 ( 0.000000000000000000, 1.170086868559555127 ),
 .UNSPECIFIED. ) ;
#1220 = CARTESIAN_POINT ( 'NONE',  ( 7.272175591122630678, -0.04088198262578426195, 12.00000000000000178 ) ) ;
#1221 = CARTESIAN_POINT ( 'NONE',  ( -2.880948904819274681, -7.764603424365499329, 12.00000000000000178 ) ) ;
#1222 = VERTEX_POINT ( 'NONE', #1951 ) ;
#1223 = LINE ( 'NONE', #160, #173 ) ;
#1224 = SECURITY_CLASSIFICATION ( '', '', #1928 ) ;
#1225 = CIRCLE ( 'NONE', #2476, 2.281000000000000139 ) ;
#1226 = VECTOR ( 'NONE', #429, 1000.000000000000000 ) ;
#1227 = CARTESIAN_POINT ( 'NONE',  ( 7.493692351462872381, 4.624955478445709645, -0.000000000000000000 ) ) ;
#1228 = CALENDAR_DATE ( 2025, 6, 6 ) ;
#1229 = EDGE_CURVE ( 'NONE', #1071, #2499, #2719, .T. ) ;
#1230 = ORIENTED_EDGE ( 'NONE', *, *, #720, .T. ) ;
#1231 = CARTESIAN_POINT ( 'NONE',  ( -6.160239743473717056, 4.555640707412454304, 12.00000000000000000 ) ) ;
#1232 = CARTESIAN_POINT ( 'NONE',  ( 2.343103861940804222, 7.491385036312879997, 0.000000000000000000 ) ) ;
#1233 = EDGE_CURVE ( 'NONE', #2511, #621, #2225, .T. ) ;
#1234 = CARTESIAN_POINT ( 'NONE',  ( -2.082915758131234973, 8.556114783037308769, -0.000000000000000000 ) ) ;
#1235 = CARTESIAN_POINT ( 'NONE',  ( 7.848789467786630780, 0.08654109137163294718, 0.000000000000000000 ) ) ;
#1236 = DIRECTION ( 'NONE',  ( 0.000000000000000000, -0.000000000000000000, 1.000000000000000000 ) ) ;
#1237 = B_SPLINE_CURVE_WITH_KNOTS ( 'NONE', 3,
 ( #2745, #1268, #2147, #1252 ),
 .UNSPECIFIED., .F., .F.,
 ( 4, 4 ),
 ( 0.000000000000000000, 1.170086868559491178 ),
 .UNSPECIFIED. ) ;
#1238 = CARTESIAN_POINT ( 'NONE',  ( 6.993672153534665981, 4.594372933012287774, 12.00000000000000000 ) ) ;
#1239 = CALENDAR_DATE ( 2025, 6, 6 ) ;
#1240 = VECTOR ( 'NONE', #1578, 1000.000000000000000 ) ;
#1241 = VERTEX_POINT ( 'NONE', #1505 ) ;
#1242 = CARTESIAN_POINT ( 'NONE',  ( -2.656539040913415750, -7.579614208211572723, 0.000000000000000000 ) ) ;
#1243 = CARTESIAN_POINT ( 'NONE',  ( 11.99367088607593956, 2.000000000000000000, 8.196202531645580436 ) ) ;
#1244 = DIRECTION ( 'NONE',  ( 1.000000000000000000, 0.000000000000000000, 0.000000000000000000 ) ) ;
#1245 = EDGE_CURVE ( 'NONE', #1320, #602, #1695, .T. ) ;
#1246 = CARTESIAN_POINT ( 'NONE',  ( 8.274838854007523281, 0.3405508158861541013, 12.00000000000000178 ) ) ;
#1247 = ORIENTED_EDGE ( 'NONE', *, *, #278, .T. ) ;
#1248 = CARTESIAN_POINT ( 'NONE',  ( -7.272175590856929439, -0.04088198260991248584, 12.00000000000000000 ) ) ;
#1249 = CIRCLE ( 'NONE', #47, 2.281000000000000139 ) ;
#1250 = CC_DESIGN_APPROVAL ( #1573, ( #766 ) ) ;
#1251 = ORIENTED_EDGE ( 'NONE', *, *, #2426, .F. ) ;
#1252 = CARTESIAN_POINT ( 'NONE',  ( -7.272175590856929439, -0.04088198260991248584, 12.00000000000000000 ) ) ;
#1253 = ORIENTED_EDGE ( 'NONE', *, *, #1558, .T. ) ;
#1254 = CARTESIAN_POINT ( 'NONE',  ( -7.272175590768164000, -0.04088198260448330790, 11.99999999999999645 ) ) ;
#1255 = ORIENTED_EDGE ( 'NONE', *, *, #2507, .F. ) ;
#1256 = CARTESIAN_POINT ( 'NONE',  ( 4.493670886075944892, 2.000000000000000000, 4.810580809307060335 ) ) ;
#1257 = APPROVAL_DATE_TIME ( #1755, #292 ) ;
#1258 = DESIGN_CONTEXT ( 'detailed design', #2489, 'design' ) ;
#1259 = CARTESIAN_POINT ( 'NONE',  ( 2.337451422113772992, 7.481848339826695948, 0.000000000000000000 ) ) ;
#1260 = CARTESIAN_POINT ( 'NONE',  ( 2.507714799693546048, -7.437899700421636062, 11.99999999999998934 ) ) ;
#1261 = ADVANCED_FACE ( 'NONE', ( #456 ), #2381, .F. ) ;
#1262 = AXIS2_PLACEMENT_3D ( 'NONE', #1091, #880, #1735 ) ;
#1263 = CARTESIAN_POINT ( 'NONE',  ( 11.49367088607593956, 13.50000000000000000, 10.69620253164558044 ) ) ;
#1264 = EDGE_CURVE ( 'NONE', #841, #925, #1673, .T. ) ;
#1265 = FACE_OUTER_BOUND ( 'NONE', #1476, .T. ) ;
#1266 = ORIENTED_EDGE ( 'NONE', *, *, #2533, .T. ) ;
#1267 = VECTOR ( 'NONE', #1798, 1000.000000000000000 ) ;
#1268 = CARTESIAN_POINT ( 'NONE',  ( -8.029557193585752373, 0.1842891645099402342, 12.00000000000000000 ) ) ;
#1269 = CONTEXT_DEPENDENT_SHAPE_REPRESENTATION ( #1486, #2030 ) ;
#1270 = ORIENTED_EDGE ( 'NONE', *, *, #52, .F. ) ;
#1271 =( LENGTH_UNIT ( ) NAMED_UNIT ( * ) SI_UNIT ( .MILLI., .METRE. ) );
#1272 = ORIENTED_EDGE ( 'NONE', *, *, #2371, .T. ) ;
#1273 = CARTESIAN_POINT ( 'NONE',  ( -6.530671864760560830, -5.231638159654074194, 11.99999999999999822 ) ) ;
#1274 = PERSON_AND_ORGANIZATION ( #2239, #516 ) ;
#1275 = CARTESIAN_POINT ( 'NONE',  ( -5.935829880206394904, 4.370651491784906639, 11.99999999999999822 ) ) ;
#1276 = CARTESIAN_POINT ( 'NONE',  ( 8.781005085690733125, 0.6630142691165690216, 0.000000000000000000 ) ) ;
#1277 = AXIS2_PLACEMENT_3D ( 'NONE', #1730, #486, #258 ) ;
#1278 = B_SPLINE_CURVE_WITH_KNOTS ( 'NONE', 3,
 ( #1196, #2478, #326, #2021 ),
 .UNSPECIFIED., .F., .F.,
 ( 4, 4 ),
 ( 0.000000000000000000, 1.170086868559755855 ),
 .UNSPECIFIED. ) ;
#1279 = CARTESIAN_POINT ( 'NONE',  ( -2.957494971681620122, -7.827703132471341085, 12.00000000000000178 ) ) ;
#1280 = PRODUCT_DEFINITION ( 'æœ', '', #1751, #191 ) ;
#1281 = CARTESIAN_POINT ( 'NONE',  ( 1.502155732314630399, 9.439120569711015207, 0.000000000000000000 ) ) ;
#1282 = CARTESIAN_POINT ( 'NONE',  ( 7.272175590818145352, -0.04088198260716122828, 0.000000000000000000 ) ) ;
#1283 = CARTESIAN_POINT ( 'NONE',  ( -1.502155732314616632, 9.439120569711041853, 0.000000000000000000 ) ) ;
#1284 = EDGE_CURVE ( 'NONE', #2120, #2167, #565, .T. ) ;
#1285 = VERTEX_POINT ( 'NONE', #50 ) ;
#1286 = LINE ( 'NONE', #2369, #2659 ) ;
#1287 = ORIENTED_EDGE ( 'NONE', *, *, #1097, .F. ) ;
#1288 = CARTESIAN_POINT ( 'NONE',  ( 2.014834436240515756E-15, -2.439603963816312356E-15, -10.20598196460380613 ) ) ;
#1289 = VERTEX_POINT ( 'NONE', #1102 ) ;
#1290 = CARTESIAN_POINT ( 'NONE',  ( 11.99367088607593956, 2.000000000000000000, -1.803797468354420230 ) ) ;
#1291 = COORDINATED_UNIVERSAL_TIME_OFFSET ( 8, 0, .AHEAD. ) ;
#1292 = CARTESIAN_POINT ( 'NONE',  ( -2.233182758817003233, 7.975075403754638970, 12.00000000000000000 ) ) ;
#1293 = CARTESIAN_POINT ( 'NONE',  ( -5.907343465571187835, -4.241403345709341188, 0.000000000000000000 ) ) ;
#1294 = CIRCLE ( 'NONE', #2010, 2.281000000000001027 ) ;
#1295 = CARTESIAN_POINT ( 'NONE',  ( -2.506329113924055108, 2.000000000000000000, 0.6962025316455769941 ) ) ;
#1296 = APPLICATION_CONTEXT ( 'configuration controlled 3d designs of mechanical parts and assemblies' ) ;
#1297 = CARTESIAN_POINT ( 'NONE',  ( -2.726950651943752746, -7.639514351464538500, 11.99999999999999645 ) ) ;
#1298 = CARTESIAN_POINT ( 'NONE',  ( 6.236290550841929736, -4.450965751114215330, 12.00000000000000000 ) ) ;
#1299 = CARTESIAN_POINT ( 'NONE',  ( -6.993672185098409599, 4.594372934942809295, 12.00000000000000000 ) ) ;
#1300 = ORIENTED_EDGE ( 'NONE', *, *, #1423, .F. ) ;
#1301 = CARTESIAN_POINT ( 'NONE',  ( -2.957494971681620122, -7.827703132471341085, 12.00000000000000178 ) ) ;
#1302 = ORIENTED_EDGE ( 'NONE', *, *, #2444, .T. ) ;
#1303 = EDGE_CURVE ( 'NONE', #1108, #634, #891, .T. ) ;
#1304 = ORIENTED_EDGE ( 'NONE', *, *, #1450, .F. ) ;
#1306 = DIRECTION ( 'NONE',  ( 0.000000000000000000, 1.000000000000000000, 0.000000000000000000 ) ) ;
#1305 = CC_DESIGN_SECURITY_CLASSIFICATION ( #1615, ( #49 ) ) ;
#1307 = PERSON_AND_ORGANIZATION ( #2239, #516 ) ;
#1308 = CARTESIAN_POINT ( 'NONE',  ( -8.781005085690726020, 0.6630142691165658020, 12.00000000000000000 ) ) ;
#1309 = DIRECTION ( 'NONE',  ( -0.000000000000000000, -0.000000000000000000, -1.000000000000000000 ) ) ;
#1310 = CARTESIAN_POINT ( 'NONE',  ( -2.102506451816739119, 6.437519814721698097, 12.00000000000000000 ) ) ;
#1311 = CARTESIAN_POINT ( 'NONE',  ( 1.366094737331735587E-14, 9.953011224704617632, 0.000000000000000000 ) ) ;
#1312 = CARTESIAN_POINT ( 'NONE',  ( 2.208344759784729217, 8.071116819863787484, 0.000000000000000000 ) ) ;
#1313 = CARTESIAN_POINT ( 'NONE',  ( -2.361237320893928793, 7.193002405491951023, 0.000000000000000000 ) ) ;
#1314 = VECTOR ( 'NONE', #211, 1000.000000000000000 ) ;
#1315 = CARTESIAN_POINT ( 'NONE',  ( -5.850233213782772168, -8.052155225990530241, 0.000000000000000000 ) ) ;
#1316 = DIRECTION ( 'NONE',  ( 0.000000000000000000, 1.000000000000000000, 0.000000000000000000 ) ) ;
#1317 = ORIENTED_EDGE ( 'NONE', *, *, #842, .T. ) ;
#1318 = DIRECTION ( 'NONE',  ( 0.9832805969273866742, 0.1820968635263177371, -1.715005183600102983E-16 ) ) ;
#1319 = CC_DESIGN_PERSON_AND_ORGANIZATION_ASSIGNMENT ( #2282, #2257, ( #1280 ) ) ;
#1320 = VERTEX_POINT ( 'NONE', #426 ) ;
#1321 = CARTESIAN_POINT ( 'NONE',  ( 7.132923872213531524, 2.317627457812000191, 0.000000000000000000 ) ) ;
#1322 = PERSON_AND_ORGANIZATION ( #2239, #516 ) ;
#1323 = CARTESIAN_POINT ( 'NONE',  ( 1.301042606982605321E-14, 9.953011224704617632, 11.99999999999998757 ) ) ;
#1324 = CARTESIAN_POINT ( 'NONE',  ( 2.208344767702614231, -6.928883210751566324, 12.00000000000000000 ) ) ;
#1325 = CARTESIAN_POINT ( 'NONE',  ( -2.322464272711821209, 6.995915273871760043, 12.00000000000000000 ) ) ;
#1326 = CARTESIAN_POINT ( 'NONE',  ( -20.50632911392404623, 15.00000000000000000, -14.30379746835441956 ) ) ;
#1327 = DIRECTION ( 'NONE',  ( 0.000000000000000000, 0.000000000000000000, 1.000000000000000000 ) ) ;
#1328 = CARTESIAN_POINT ( 'NONE',  ( 2.233182759024445740, -7.024924597046640962, 12.00000000000000000 ) ) ;
#1329 = CARTESIAN_POINT ( 'NONE',  ( -2.286106919624629974, 6.903616755965064300, 12.00000000000000355 ) ) ;
#1330 = VERTEX_POINT ( 'NONE', #2543 ) ;
#1331 = ORIENTED_EDGE ( 'NONE', *, *, #1706, .T. ) ;
#1332 = CARTESIAN_POINT ( 'NONE',  ( -3.344043840211337937, -8.146349429696927658, -0.000000000000000000 ) ) ;
#1333 = DIRECTION ( 'NONE',  ( 0.000000000000000000, 0.000000000000000000, 1.000000000000000000 ) ) ;
#1334 = PERSON_AND_ORGANIZATION ( #2239, #516 ) ;
#1335 = CARTESIAN_POINT ( 'NONE',  ( -6.763445381126884648, -6.753463966749085223, 0.000000000000000000 ) ) ;
#1336 = CARTESIAN_POINT ( 'NONE',  ( 6.387725773860205791, -4.868748366796374683, 0.000000000000000000 ) ) ;
#1337 = AXIS2_PLACEMENT_3D ( 'NONE', #2623, #307, #1342 ) ;
#1338 = ORGANIZATION ( 'NAUO-ORG2', 'UNSPECIFIED', 'UNSPECIFIED' ) ;
#1339 = EDGE_CURVE ( 'NONE', #2167, #791, #960, .T. ) ;
#1340 = CARTESIAN_POINT ( 'NONE',  ( 2.284257538061052362, 7.783357719253966245, 12.00000000000000355 ) ) ;
#1341 = CARTESIAN_POINT ( 'NONE',  ( 8.358504305523094757, 0.3938515869037635952, 12.00000000000000178 ) ) ;
#1342 = DIRECTION ( 'NONE',  ( 0.000000000000000000, 0.000000000000000000, 1.000000000000000000 ) ) ;
#1343 = CARTESIAN_POINT ( 'NONE',  ( 6.298954255771809230, -4.683395835600490109, 11.99999999999999289 ) ) ;
#1344 = CARTESIAN_POINT ( 'NONE',  ( 0.9936708860759440043, 13.50000000000000000, -14.30379746835441956 ) ) ;
#1345 = ORIENTED_EDGE ( 'NONE', *, *, #912, .F. ) ;
#1346 = VERTEX_POINT ( 'NONE', #632 ) ;
#1347 = CARTESIAN_POINT ( 'NONE',  ( 6.138221854008102163, -4.431360712238826771, 12.00000000000000888 ) ) ;
#1348 = DATE_TIME_ROLE ( 'classification_date' ) ;
#1349 = CARTESIAN_POINT ( 'NONE',  ( -5.850233213782773944, -8.052155225990533793, 11.99999999999998046 ) ) ;
#1350 = CARTESIAN_POINT ( 'NONE',  ( -8.029557193585752373, 0.1842891645099402342, 0.000000000000000000 ) ) ;
#1351 = LOCAL_TIME ( 16, 46, 52.00000000000000000, #312 ) ;
#1352 = CARTESIAN_POINT ( 'NONE',  ( -8.274838854705517832, 0.3405508163308269554, 0.000000000000000000 ) ) ;
#1353 = EDGE_CURVE ( 'NONE', #184, #2642, #2039, .T. ) ;
#1354 = DIRECTION ( 'NONE',  ( 0.000000000000000000, 0.000000000000000000, 1.000000000000000000 ) ) ;
#1355 = CARTESIAN_POINT ( 'NONE',  ( 6.993672153534665981, 4.594372933012287774, 12.00000000000000000 ) ) ;
#1356 = EDGE_CURVE ( 'NONE', #1680, #2028, #1192, .T. ) ;
#1357 = CARTESIAN_POINT ( 'NONE',  ( -8.108283999563168365, 0.2327444237725095899, 0.000000000000000000 ) ) ;
#1358 = EDGE_LOOP ( 'NONE', ( #39, #2016, #1122, #2540, #113, #2531, #656, #615, #265, #655, #2697, #2578, #2344, #506, #1909, #462, #2399, #1377, #1596, #937, #2443, #21 ) ) ;
#1359 = CARTESIAN_POINT ( 'NONE',  ( -6.772155392964795517, -0.01029943717862140222, 0.000000000000000000 ) ) ;
#1360 = CARTESIAN_POINT ( 'NONE',  ( -2.726950651943749637, -7.639514351464526065, 0.000000000000000000 ) ) ;
#1361 = PERSON_AND_ORGANIZATION ( #2239, #516 ) ;
#1362 = SECURITY_CLASSIFICATION ( '', '', #2148 ) ;
#1363 = CARTESIAN_POINT ( 'NONE',  ( -6.494314511372127896, -5.139339640982587554, 12.00000000000000000 ) ) ;
#1364 = CARTESIAN_POINT ( 'NONE',  ( -20.50632911392404623, 15.00000000000000000, 10.69620253164558044 ) ) ;
#1365 = CARTESIAN_POINT ( 'NONE',  ( -6.494314511372124343, -5.139339640982581336, 11.99999999999999822 ) ) ;
#1366 = AXIS2_PLACEMENT_3D ( 'NONE', #2393, #221, #1144 ) ;
#1367 = CARTESIAN_POINT ( 'NONE',  ( 4.332906349846320282, -8.519353938951388372, 12.00000000000000533 ) ) ;
#1368 = CARTESIAN_POINT ( 'NONE',  ( -5.472734944175701166, 3.988905485927054073, 12.00000000000000000 ) ) ;
#1369 = CIRCLE ( 'NONE', #1855, 2.281000000000000139 ) ;
#1370 = CARTESIAN_POINT ( 'NONE',  ( 8.358504278852761260, 0.3938515699128857239, 12.00000000000000178 ) ) ;
#1371 = CC_DESIGN_PERSON_AND_ORGANIZATION_ASSIGNMENT ( #717, #2213, ( #1814 ) ) ;
#1372 = DIRECTION ( 'NONE',  ( 1.000000000000000000, 0.000000000000000000, 0.000000000000000000 ) ) ;
#1373 = CARTESIAN_POINT ( 'NONE',  ( -7.570614269378583394, -0.02291015667874390926, 0.000000000000000000 ) ) ;
#1374 = ORIENTED_EDGE ( 'NONE', *, *, #466, .T. ) ;
#1375 = EDGE_CURVE ( 'NONE', #2580, #2493, #694, .T. ) ;
#1376 = B_SPLINE_CURVE_WITH_KNOTS ( 'NONE', 3,
 ( #1884, #1466, #2121, #205 ),
 .UNSPECIFIED., .F., .F.,
 ( 4, 4 ),
 ( 0.000000000000000000, 1.170086868559896631 ),
 .UNSPECIFIED. ) ;
#1377 = ORIENTED_EDGE ( 'NONE', *, *, #2128, .F. ) ;
#1378 = CARTESIAN_POINT ( 'NONE',  ( 1.502155732314764292, -5.560879430288996339, 12.00000000000001243 ) ) ;
#1379 = DATE_TIME_ROLE ( 'creation_date' ) ;
#1380 = CARTESIAN_POINT ( 'NONE',  ( 4.332906349846325611, -8.519353938951402583, 0.000000000000000000 ) ) ;
#1381 = CARTESIAN_POINT ( 'NONE',  ( 2.208344767702412614, 8.071116789248383938, 12.00000000000000178 ) ) ;
#1382 = CARTESIAN_POINT ( 'NONE',  ( -9.465876182014046236, 3.075649613638219648, 0.000000000000000000 ) ) ;
#1383 = CARTESIAN_POINT ( 'NONE',  ( 5.752902267991014007, -0.2897712499213973558, 0.000000000000000000 ) ) ;
#1384 = B_SPLINE_CURVE_WITH_KNOTS ( 'NONE', 3,
 ( #1883, #1242, #586, #1021 ),
 .UNSPECIFIED., .F., .F.,
 ( 4, 4 ),
 ( 0.000000000000000000, 1.170086868559627957 ),
 .UNSPECIFIED. ) ;
#1385 = CARTESIAN_POINT ( 'NONE',  ( -6.772155392964793741, -0.01029943717862135885, 12.00000000000000000 ) ) ;
#1386 = CIRCLE ( 'NONE', #260, 2.281000000000001027 ) ;
#1387 = CARTESIAN_POINT ( 'NONE',  ( 7.132923872213531524, 2.317627457812000191, 12.00000000000000000 ) ) ;
#1388 = CARTESIAN_POINT ( 'NONE',  ( 6.763445381126877542, -6.753463966749102099, 0.000000000000000000 ) ) ;
#1389 = ORIENTED_EDGE ( 'NONE', *, *, #828, .F. ) ;
#1390 = CARTESIAN_POINT ( 'NONE',  ( 4.824518969025299420, -3.147041245337514059, 0.000000000000000000 ) ) ;
#1391 = PERSON_AND_ORGANIZATION_ROLE ( 'design_supplier' ) ;
#1392 = EDGE_CURVE ( 'NONE', #1402, #2258, #1954, .T. ) ;
#1393 = ORIENTED_EDGE ( 'NONE', *, *, #1435, .F. ) ;
#1394 = CARTESIAN_POINT ( 'NONE',  ( -2.208344767625415983, -6.928883210454963582, 0.000000000000000000 ) ) ;
#1395 = VECTOR ( 'NONE', #145, 1000.000000000000000 ) ;
#1396 = CARTESIAN_POINT ( 'NONE',  ( 1.502155732314622405, 9.439120569711020536, 12.00000000000000355 ) ) ;
#1397 = CARTESIAN_POINT ( 'NONE',  ( 8.108287476342534106, 0.2327317920795304584, 0.000000000000000000 ) ) ;
#1398 = CC_DESIGN_APPROVAL ( #1860, ( #1280 ) ) ;
#1399 = CARTESIAN_POINT ( 'NONE',  ( -5.991008890419743160, -4.294704099738190450, 12.00000000000000000 ) ) ;
#1400 = CARTESIAN_POINT ( 'NONE',  ( 29.49367088607594667, 15.00000000000000000, -14.30379746835441956 ) ) ;
#1401 = CARTESIAN_POINT ( 'NONE',  ( 8.274838854007532163, 0.3405508158861603740, 12.00000000000000000 ) ) ;
#1402 = VERTEX_POINT ( 'NONE', #2143 ) ;
#1403 = CARTESIAN_POINT ( 'NONE',  ( 2.284257538061052806, 7.783357719253968021, 11.99999999999999467 ) ) ;
#1404 = PERSON_AND_ORGANIZATION ( #2239, #516 ) ;
#1405 = ORIENTED_EDGE ( 'NONE', *, *, #2632, .T. ) ;
#1406 = CC_DESIGN_PERSON_AND_ORGANIZATION_ASSIGNMENT ( #336, #1857, ( #1751 ) ) ;
#1407 = CARTESIAN_POINT ( 'NONE',  ( 0.9936708860759460027, 2.000000000000000000, -14.30379746835441956 ) ) ;
#1408 = AXIS2_PLACEMENT_3D ( 'NONE', #2728, #2088, #811 ) ;
#1409 = CARTESIAN_POINT ( 'NONE',  ( 4.483872434540852936, 3.615900976672863365, 0.000000000000000000 ) ) ;
#1410 = PRODUCT ( '\X2\57065f279f7f8f6e\X0\1', '\X2\57065f279f7f8f6e\X0\1', '', ( #595 ) ) ;
#1411 = CARTESIAN_POINT ( 'NONE',  ( 5.850233213782773056, -8.052155225990537346, 11.99999999999999289 ) ) ;
#1412 = CARTESIAN_POINT ( 'NONE',  ( 4.332906349846325611, -8.519353938951402583, 0.000000000000000000 ) ) ;
#1413 = DIRECTION ( 'NONE',  ( 0.000000000000000000, 1.000000000000000000, 0.000000000000000000 ) ) ;
#1414 = CARTESIAN_POINT ( 'NONE',  ( 5.850233213782777497, -8.052155225990517806, 0.000000000000000000 ) ) ;
#1415 = AXIS2_PLACEMENT_3D ( 'NONE', #2110, #588, #1244 ) ;
#1416 = CARTESIAN_POINT ( 'NONE',  ( 6.111289349561179307, 4.468430124432425821, 0.000000000000000000 ) ) ;
#1417 = DATE_TIME_ROLE ( 'classification_date' ) ;
#1418 = VERTEX_POINT ( 'NONE', #1084 ) ;
#1419 = CARTESIAN_POINT ( 'NONE',  ( 7.272175590818146240, -0.04088198260716124910, 0.000000000000000000 ) ) ;
#1420 = CARTESIAN_POINT ( 'NONE',  ( 2.322464273014722025, 6.995915274641618886, 0.000000000000000000 ) ) ;
#1421 = CARTESIAN_POINT ( 'NONE',  ( 9.441328775402133999, 1.488213670286786972, 0.000000000000000000 ) ) ;
#1422 = CARTESIAN_POINT ( 'NONE',  ( -7.848792042523786705, 0.08651440597800345855, 11.99999999999997158 ) ) ;
#1423 = EDGE_CURVE ( 'NONE', #1859, #2105, #1042, .T. ) ;
#1424 = CARTESIAN_POINT ( 'NONE',  ( 6.530671864760535072, -5.231638159654002251, 12.00000000000000178 ) ) ;
#1425 = CARTESIAN_POINT ( 'NONE',  ( 6.494314511675443491, -5.139339641752594723, 0.000000000000000000 ) ) ;
#1426 = AXIS2_PLACEMENT_3D ( 'NONE', #350, #2084, #1654 ) ;
#1427 = CARTESIAN_POINT ( 'NONE',  ( 2.966545570604290027, 4.083099689633559848, 12.00000000000002132 ) ) ;
#1428 = APPLICATION_PROTOCOL_DEFINITION ( 'international standard', 'config_control_design', 1994, #1296 ) ;
#1429 = VERTEX_POINT ( 'NONE', #1933 ) ;
#1430 = CARTESIAN_POINT ( 'NONE',  ( -6.993672153534667757, 4.594372933012287774, 12.00000000000000000 ) ) ;
#1431 = CARTESIAN_POINT ( 'NONE',  ( 2.053333403260017676, 5.381790948875003089, 0.000000000000000000 ) ) ;
#1432 = CARTESIAN_POINT ( 'NONE',  ( -2.102506451816742228, 6.437519814721706091, 0.000000000000000000 ) ) ;
#1433 = CARTESIAN_POINT ( 'NONE',  ( -5.850233213782773944, -8.052155225990533793, 11.99999999999998046 ) ) ;
#1434 = CARTESIAN_POINT ( 'NONE',  ( -2.306000219333572243, -7.306488824363275292, 12.00000000000000000 ) ) ;
#1435 = EDGE_CURVE ( 'NONE', #2499, #2511, #467, .T. ) ;
#1436 = CC_DESIGN_SECURITY_CLASSIFICATION ( #1224, ( #1934 ) ) ;
#1437 = EDGE_CURVE ( 'NONE', #2625, #1936, #2267, .T. ) ;
#1438 = CARTESIAN_POINT ( 'NONE',  ( -2.966545570604171456, 4.083099689633597151, 11.99999999999998757 ) ) ;
#1439 = SECURITY_CLASSIFICATION_LEVEL ( 'unclassified' ) ;
#1440 = CARTESIAN_POINT ( 'NONE',  ( -6.894656005840294810, 4.588316845982099323, -0.000000000000000000 ) ) ;
#1441 = CYLINDRICAL_SURFACE ( 'NONE', #999, 10.00000000000000000 ) ;
#1442 = CARTESIAN_POINT ( 'NONE',  ( -5.472734944175709160, 3.988905485927059846, 12.00000000000000000 ) ) ;
#1443 = CARTESIAN_POINT ( 'NONE',  ( -20.50632911392404623, 0.000000000000000000, -14.30379746835441956 ) ) ;
#1444 = CARTESIAN_POINT ( 'NONE',  ( 5.752902267991014007, -0.2897712499213973558, 0.000000000000000000 ) ) ;
#1445 = AXIS2_PLACEMENT_3D ( 'NONE', #874, #1919, #5 ) ;
#1446 = CARTESIAN_POINT ( 'NONE',  ( 2.656539040913401539, -7.579614208211558513, 12.00000000000000000 ) ) ;
#1447 = CIRCLE ( 'NONE', #242, 10.00000000000000000 ) ;
#1448 = CARTESIAN_POINT ( 'NONE',  ( -6.530671864760536849, -5.231638159654014686, 0.000000000000000000 ) ) ;
#1449 = APPROVAL_STATUS ( 'not_yet_approved' ) ;
#1450 = EDGE_CURVE ( 'NONE', #2470, #2146, #1494, .T. ) ;
#1451 = ORIENTED_EDGE ( 'NONE', *, *, #1764, .F. ) ;
#1452 = CARTESIAN_POINT ( 'NONE',  ( -6.604370679972648261, 4.570562234860815032, 12.00000000000000000 ) ) ;
#1453 = CARTESIAN_POINT ( 'NONE',  ( -4.408389392193635459, 6.067627457812033498, 12.00000000000000000 ) ) ;
#1454 = CARTESIAN_POINT ( 'NONE',  ( -3.006329113924055108, 14.00000000000000000, -1.803797468354420230 ) ) ;
#1455 = CARTESIAN_POINT ( 'NONE',  ( 2.322464273014719804, 6.995915274641613557, 0.000000000000000000 ) ) ;
#1456 = VERTEX_POINT ( 'NONE', #2204 ) ;
#1457 = DIRECTION ( 'NONE',  ( -0.000000000000000000, -0.000000000000000000, -1.000000000000000000 ) ) ;
#1458 = EDGE_LOOP ( 'NONE', ( #1972, #1645, #2093, #194 ) ) ;
#1459 = CARTESIAN_POINT ( 'NONE',  ( 8.358504278852747049, 0.3938515699128781189, 0.000000000000000000 ) ) ;
#1460 = ITEM_DEFINED_TRANSFORMATION ( 'NONE', 'NONE', #2556,  #287 ) ;
#1461 = CLOSED_SHELL ( 'NONE', ( #256, #1747, #646, #755 ) ) ;
#1462 = SECURITY_CLASSIFICATION ( '', '', #2760 ) ;
#1463 = ORIENTED_EDGE ( 'NONE', *, *, #1233, .T. ) ;
#1464 = DIRECTION ( 'NONE',  ( 1.000000000000000000, 0.000000000000000000, 0.000000000000000000 ) ) ;
#1465 = EDGE_CURVE ( 'NONE', #602, #1285, #974, .T. ) ;
#1466 = CARTESIAN_POINT ( 'NONE',  ( 2.429053010526672551, 7.266506548827921463, 0.000000000000000000 ) ) ;
#1467 = CARTESIAN_POINT ( 'NONE',  ( 9.441328775402123341, 1.488213670286770096, 11.99999999999998224 ) ) ;
#1468 = CARTESIAN_POINT ( 'NONE',  ( 4.483872434540841390, 3.615900976672866474, 0.000000000000000000 ) ) ;
#1469 = CARTESIAN_POINT ( 'NONE',  ( -7.132923872213805083, -2.317627457812386105, 0.000000000000000000 ) ) ;
#1470 = SECURITY_CLASSIFICATION ( '', '', #2459 ) ;
#1471 = ORIENTED_EDGE ( 'NONE', *, *, #278, .F. ) ;
#1472 = DIRECTION ( 'NONE',  ( 1.000000000000000000, 0.000000000000000000, 0.000000000000000000 ) ) ;
#1473 = CALENDAR_DATE ( 2025, 6, 6 ) ;
#1474 = ORIENTED_EDGE ( 'NONE', *, *, #32, .F. ) ;
#1475 = CARTESIAN_POINT ( 'NONE',  ( -6.530671864760536849, -5.231638159654014686, 0.000000000000000000 ) ) ;
#1476 = EDGE_LOOP ( 'NONE', ( #2518, #2341, #25, #70, #1451, #1536, #478, #982, #449, #1300, #1389, #2414, #1304, #795, #334, #2312, #298, #1039, #1463, #123, #1331, #2715 ) ) ;
#1477 = DIRECTION ( 'NONE',  ( 0.000000000000000000, 0.000000000000000000, 1.000000000000000000 ) ) ;
#1478 = APPROVAL_DATE_TIME ( #1914, #2290 ) ;
#1479 = SHAPE_REPRESENTATION ( '\X2\6cf558f34f53\X0\', ( #287 ), #2468 ) ;
#1480 = CC_DESIGN_DATE_AND_TIME_ASSIGNMENT ( #2641, #833, ( #1224 ) ) ;
#1481 = CARTESIAN_POINT ( 'NONE',  ( 6.111289349561179307, 4.468430124432423156, 12.00000000000000355 ) ) ;
#1482 = CARTESIAN_POINT ( 'NONE',  ( 2.082915758131442363, -6.443885216962727647, 12.00000000000000000 ) ) ;
#1483 =( GEOMETRIC_REPRESENTATION_CONTEXT ( 3 ) GLOBAL_UNCERTAINTY_ASSIGNED_CONTEXT ( ( #387 ) ) GLOBAL_UNIT_ASSIGNED_CONTEXT ( ( #1271, #2488, #362 ) ) REPRESENTATION_CONTEXT ( 'NONE', 'WORKASPACE' ) );
#1484 = EDGE_CURVE ( 'NONE', #2028, #1922, #1667, .T. ) ;
#1485 = CARTESIAN_POINT ( 'NONE',  ( -3.006329113924055108, 14.00000000000000000, -11.80379746835441956 ) ) ;
#1486 =( REPRESENTATION_RELATIONSHIP ('NONE','NONE', #448, #1479 ) REPRESENTATION_RELATIONSHIP_WITH_TRANSFORMATION ( #1460 )SHAPE_REPRESENTATION_RELATIONSHIP( ) );
#1487 = CARTESIAN_POINT ( 'NONE',  ( -6.714272332570422108, -5.697735100902645122, 12.00000000000000000 ) ) ;
#1488 = CARTESIAN_POINT ( 'NONE',  ( 2.452482661396970798E-13, -7.500000000000117240, 0.000000000000000000 ) ) ;
#1489 = CARTESIAN_POINT ( 'NONE',  ( -2.284244450223207767, 7.783358316048084369, 0.000000000000000000 ) ) ;
#1490 = ORIENTED_EDGE ( 'NONE', *, *, #2278, .T. ) ;
#1491 = AXIS2_PLACEMENT_3D ( 'NONE', #2571, #2407, #1993 ) ;
#1492 = LINE ( 'NONE', #2342, #1226 ) ;
#1493 = APPROVAL_STATUS ( 'not_yet_approved' ) ;
#1494 = B_SPLINE_CURVE_WITH_KNOTS ( 'NONE', 1,
 ( #532, #1774 ),
 .UNSPECIFIED., .F., .F.,
 ( 2, 2 ),
 ( 0.000000000000000000, 1.000000000000000000 ),
 .UNSPECIFIED. ) ;
#1495 = EDGE_LOOP ( 'NONE', ( #652, #715, #2679, #214 ) ) ;
#1496 = AXIS2_PLACEMENT_3D ( 'NONE', #2583, #1333, #899 ) ;
#1497 = ORIENTED_EDGE ( 'NONE', *, *, #2155, .T. ) ;
#1498 = DIRECTION ( 'NONE',  ( -0.000000000000000000, -0.000000000000000000, -1.000000000000000000 ) ) ;
#1499 = COORDINATED_UNIVERSAL_TIME_OFFSET ( 8, 0, .AHEAD. ) ;
#1500 = CARTESIAN_POINT ( 'NONE',  ( -2.284244450223209544, 7.783358316048087922, 11.99999999999999289 ) ) ;
#1501 = CARTESIAN_POINT ( 'NONE',  ( 8.358504305523094757, 0.3938515869037635952, 12.00000000000000178 ) ) ;
#1502 = CARTESIAN_POINT ( 'NONE',  ( -2.082915758131234973, 8.556114783037308769, -0.000000000000000000 ) ) ;
#1503 = CC_DESIGN_PERSON_AND_ORGANIZATION_ASSIGNMENT ( #1566, #883, ( #1628 ) ) ;
#1504 = CARTESIAN_POINT ( 'NONE',  ( -5.752902267991386154, -0.2897712499215123749, 11.99999999999999289 ) ) ;
#1505 = CARTESIAN_POINT ( 'NONE',  ( -8.358504278852752378, 0.3938515699128833369, 0.000000000000000000 ) ) ;
#1506 = CARTESIAN_POINT ( 'NONE',  ( -2.053333403260148682, 5.381790948875196712, 0.000000000000000000 ) ) ;
#1507 = ORIENTED_EDGE ( 'NONE', *, *, #198, .F. ) ;
#1508 = LINE ( 'NONE', #1906, #1005 ) ;
#1509 = ORIENTED_EDGE ( 'NONE', *, *, #1591, .F. ) ;
#1510 =( LENGTH_UNIT ( ) NAMED_UNIT ( * ) SI_UNIT ( .MILLI., .METRE. ) );
#1511 = ORIENTED_EDGE ( 'NONE', *, *, #1026, .T. ) ;
#1512 = CARTESIAN_POINT ( 'NONE',  ( -2.306000219333798729, 7.693511175637147481, 0.000000000000000000 ) ) ;
#1513 = COORDINATED_UNIVERSAL_TIME_OFFSET ( 8, 0, .AHEAD. ) ;
#1514 = CARTESIAN_POINT ( 'NONE',  ( -9.465876182014046236, 3.075649613638201885, 12.00000000000000355 ) ) ;
#1515 = FACE_OUTER_BOUND ( 'NONE', #2099, .T. ) ;
#1516 = AXIS2_PLACEMENT_3D ( 'NONE', #464, #2184, #915 ) ;
#1517 = CARTESIAN_POINT ( 'NONE',  ( -2.361237320893932345, 7.193002405491961682, 0.000000000000000000 ) ) ;
#1518 = CARTESIAN_POINT ( 'NONE',  ( -6.894656005840294810, 4.588316845982099323, -0.000000000000000000 ) ) ;
#1519 = DIRECTION ( 'NONE',  ( 0.000000000000000000, 0.000000000000000000, 1.000000000000000000 ) ) ;
#1520 = CC_DESIGN_PERSON_AND_ORGANIZATION_ASSIGNMENT ( #219, #1944, ( #1934 ) ) ;
#1521 = CARTESIAN_POINT ( 'NONE',  ( -6.714272332570422108, -5.697735100902645122, 12.00000000000000000 ) ) ;
#1522 = CARTESIAN_POINT ( 'NONE',  ( -2.429053010527122414, 7.266506548828019163, 12.00000000000000000 ) ) ;
#1523 = VERTEX_POINT ( 'NONE', #547 ) ;
#1524 = ORIENTED_EDGE ( 'NONE', *, *, #720, .F. ) ;
#1525 = DIRECTION ( 'NONE',  ( 1.000000000000000000, 0.000000000000000000, 0.000000000000000000 ) ) ;
#1526 = PERSON_AND_ORGANIZATION ( #2239, #516 ) ;
#1527 = CARTESIAN_POINT ( 'NONE',  ( -2.726950651943751414, -7.639514351464529618, 0.000000000000000000 ) ) ;
#1528 = CARTESIAN_POINT ( 'NONE',  ( 2.208344767702428602, 8.071116789248321766, 0.000000000000000000 ) ) ;
#1529 = CARTESIAN_POINT ( 'NONE',  ( -6.894656005840285928, 4.588316845982098435, -0.000000000000000000 ) ) ;
#1530 = FACE_OUTER_BOUND ( 'NONE', #2550, .T. ) ;
#1531 = CARTESIAN_POINT ( 'NONE',  ( -3.006329113924055108, 14.00000000000000000, -1.803797468354420230 ) ) ;
#1532 = FACE_BOUND ( 'NONE', #953, .T. ) ;
#1533 = AXIS2_PLACEMENT_3D ( 'NONE', #19, #2576, #664 ) ;
#1534 = CARTESIAN_POINT ( 'NONE',  ( 2.317644985622995257, -7.207163419353227241, 11.99999999999999289 ) ) ;
#1535 = DIRECTION ( 'NONE',  ( 1.000000000000000000, 0.000000000000000000, 0.000000000000000000 ) ) ;
#1536 = ORIENTED_EDGE ( 'NONE', *, *, #297, .F. ) ;
#1537 = DIRECTION ( 'NONE',  ( 0.4723356173524525525, 0.8814187793440061425, 6.120683343767779281E-17 ) ) ;
#1538 = VERTEX_POINT ( 'NONE', #1161 ) ;
#1539 = CARTESIAN_POINT ( 'NONE',  ( -2.082915758131141271, -6.443885216963099793, 12.00000000000000000 ) ) ;
#1540 = PLANE ( 'NONE',  #1516 ) ;
#1541 = APPROVAL_ROLE ( '' ) ;
#1542 = ADVANCED_FACE ( 'NONE', ( #920 ), #517, .F. ) ;
#1543 = CARTESIAN_POINT ( 'NONE',  ( -6.138228046494671020, -4.431347343853168752, 0.000000000000000000 ) ) ;
#1544 = DIRECTION ( 'NONE',  ( 0.000000000000000000, 1.000000000000000000, 0.000000000000000000 ) ) ;
#1545 = VECTOR ( 'NONE', #37, 1000.000000000000000 ) ;
#1546 = CARTESIAN_POINT ( 'NONE',  ( -5.991008890419749378, -4.294704099738194003, 0.000000000000000000 ) ) ;
#1547 = CARTESIAN_POINT ( 'NONE',  ( 0.9936708860759460027, 2.000000000000000000, 10.69720253164557988 ) ) ;
#1548 = CARTESIAN_POINT ( 'NONE',  ( -2.208344767702430822, 8.071116789248312884, 12.00000000000000000 ) ) ;
#1549 = CARTESIAN_POINT ( 'NONE',  ( -3.344043840211337937, -8.146349429696927658, -0.000000000000000000 ) ) ;
#1550 = DIRECTION ( 'NONE',  ( 0.000000000000000000, 0.000000000000000000, 1.000000000000000000 ) ) ;
#1551 = ORIENTED_EDGE ( 'NONE', *, *, #1646, .F. ) ;
#1552 = DIRECTION ( 'NONE',  ( -3.457646957424258672E-17, -5.091238851168775759E-17, 0.9999999999999998890 ) ) ;
#1553 = EDGE_LOOP ( 'NONE', ( #433, #1821, #671, #895 ) ) ;
#1554 = CARTESIAN_POINT ( 'NONE',  ( -5.484842658736538645, -3.972240646507759987, -0.000000000000000000 ) ) ;
#1555 = CARTESIAN_POINT ( 'NONE',  ( -20.50632911392404623, 15.00000000000000000, -14.30379746835441956 ) ) ;
#1556 = COORDINATED_UNIVERSAL_TIME_OFFSET ( 8, 0, .AHEAD. ) ;
#1557 = CARTESIAN_POINT ( 'NONE',  ( -2.233182758816828262, -7.024924596245810449, -0.000000000000000000 ) ) ;
#1558 = EDGE_CURVE ( 'NONE', #1346, #152, #235, .T. ) ;
#1559 = CARTESIAN_POINT ( 'NONE',  ( -3.006329113924055108, 2.000000000000000000, -1.803797468354420230 ) ) ;
#1560 = EDGE_CURVE ( 'NONE', #2103, #248, #958, .T. ) ;
#1561 = CARTESIAN_POINT ( 'NONE',  ( -2.102506451816742228, 6.437519814721706091, 0.000000000000000000 ) ) ;
#1562 = DIRECTION ( 'NONE',  ( 0.000000000000000000, 1.000000000000000000, -1.508455196501569950E-16 ) ) ;
#1563 = DIRECTION ( 'NONE',  ( 0.000000000000000000, 0.000000000000000000, 1.000000000000000000 ) ) ;
#1564 = CARTESIAN_POINT ( 'NONE',  ( -2.507690216013506390, -7.437910395382290041, 0.000000000000000000 ) ) ;
#1565 = ORIENTED_EDGE ( 'NONE', *, *, #1925, .T. ) ;
#1566 = PERSON_AND_ORGANIZATION ( #2239, #516 ) ;
#1567 = ORIENTED_EDGE ( 'NONE', *, *, #1484, .F. ) ;
#1568 = CARTESIAN_POINT ( 'NONE',  ( 2.775557561562891351E-14, -5.046988775295467633, 0.000000000000000000 ) ) ;
#1569 = APPROVAL_STATUS ( 'not_yet_approved' ) ;
#1570 = CARTESIAN_POINT ( 'NONE',  ( 6.714272332570425661, -5.697735100902652228, -0.000000000000000000 ) ) ;
#1571 = CARTESIAN_POINT ( 'NONE',  ( 5.907343465574443009, -4.241403345711033168, 0.000000000000000000 ) ) ;
#1572 = ORGANIZATION ( 'NAUO-ORG1', 'UNSPECIFIED', 'UNSPECIFIED' ) ;
#1573 = APPROVAL ( #955, 'æœª' ) ;
#1574 = CARTESIAN_POINT ( 'NONE',  ( -2.233182758816828262, -7.024924596245809560, 12.00000000000000000 ) ) ;
#1575 = CARTESIAN_POINT ( 'NONE',  ( -4.483872434540645990, 3.615900976672636435, 12.00000000000000000 ) ) ;
#1576 = EDGE_CURVE ( 'NONE', #1610, #186, #813, .T. ) ;
#1577 = CARTESIAN_POINT ( 'NONE',  ( 6.387725773860205791, -4.868748366796374683, 0.000000000000000000 ) ) ;
#1578 = DIRECTION ( 'NONE',  ( -1.508455196501569950E-16, -1.000000000000000000, 0.000000000000000000 ) ) ;
#1579 = CARTESIAN_POINT ( 'NONE',  ( 5.752902267991007790, -0.2897712499213934700, 11.99999999999999645 ) ) ;
#1580 = ORIENTED_EDGE ( 'NONE', *, *, #2729, .T. ) ;
#1581 = ORIENTED_EDGE ( 'NONE', *, *, #168, .F. ) ;
#1582 = CARTESIAN_POINT ( 'NONE',  ( 2.880948904180680614, -7.764603423839081309, -0.000000000000000000 ) ) ;
#1583 = PERSON_AND_ORGANIZATION_ROLE ( 'design_supplier' ) ;
#1584 = CARTESIAN_POINT ( 'NONE',  ( -4.824518969025145765, -3.147041245337467874, 11.99999999999998934 ) ) ;
#1585 = DIRECTION ( 'NONE',  ( 1.000000000000000000, 0.000000000000000000, 0.000000000000000000 ) ) ;
#1586 = CARTESIAN_POINT ( 'NONE',  ( -2.361237320893928793, 7.193002405491951023, 0.000000000000000000 ) ) ;
#1587 = CARTESIAN_POINT ( 'NONE',  ( -1.502155732314622405, -5.560879430289272563, 12.00000000000002132 ) ) ;
#1588 = CARTESIAN_POINT ( 'NONE',  ( -2.082915758131141271, -6.443885216963099793, 0.000000000000000000 ) ) ;
#1589 = AXIS2_PLACEMENT_3D ( 'NONE', #246, #2610, #1535 ) ;
#1590 = CARTESIAN_POINT ( 'NONE',  ( -2.957494971647748105, -7.827703132443419420, 0.000000000000000000 ) ) ;
#1591 = EDGE_CURVE ( 'NONE', #1888, #938, #499, .T. ) ;
#1592 = CARTESIAN_POINT ( 'NONE',  ( 6.772155392964383402, -0.01029943717830860729, -0.000000000000000000 ) ) ;
#1593 = VERTEX_POINT ( 'NONE', #290 ) ;
#1594 = CARTESIAN_POINT ( 'NONE',  ( 4.332906349846317617, -8.519353938951413241, 0.000000000000000000 ) ) ;
#1595 = APPROVAL_DATE_TIME ( #1609, #701 ) ;
#1596 = ORIENTED_EDGE ( 'NONE', *, *, #942, .F. ) ;
#1597 = CYLINDRICAL_SURFACE ( 'NONE', #2698, 10.00000000000000000 ) ;
#1598 = CARTESIAN_POINT ( 'NONE',  ( 2.966545570604282478, 4.083099689633554519, 0.000000000000000000 ) ) ;
#1599 = CARTESIAN_POINT ( 'NONE',  ( 5.991008889722122532, -4.294704099293354282, 12.00000000000000178 ) ) ;
#1600 = CARTESIAN_POINT ( 'NONE',  ( -6.494314511372124343, -5.139339640982581336, -0.000000000000000000 ) ) ;
#1601 = CLOSED_SHELL ( 'NONE', ( #2067, #69, #1135, #1186 ) ) ;
#1602 = PERSON ( 'NAUO-PER3', 'UNSPECIFIED', 'UNSPECIFIED', ('UNSPECIFIED'), ('UNSPECIFIED'), ('UNSPECIFIED') ) ;
#1603 = B_SPLINE_SURFACE_WITH_KNOTS ( 'NONE', 3, 1, ( 
 ( #455, #1710 ),
 ( #210, #4 ),
 ( #1281, #1950 ),
 ( #1311, #103 ),
 ( #959, #648 ),
 ( #2380, #2160 ),
 ( #1068, #2560 ),
 ( #241, #224 ),
 ( #1173, #1101 ),
 ( #1586, #303 ),
 ( #2006, #17 ),
 ( #679, #2437 ),
 ( #529, #1504 ),
 ( #944, #1743 ),
 ( #2337, #2575 ),
 ( #440, #2589 ),
 ( #2365, #31 ),
 ( #852, #890 ),
 ( #663, #424 ),
 ( #733, #872 ),
 ( #1518, #1365 ),
 ( #512, #1487 ),
 ( #1083, #1811 ),
 ( #1382, #2217 ),
 ( #1158, #90 ),
 ( #2661, #2126 ),
 ( #2351, #1800 ),
 ( #2232, #1297 ),
 ( #1918, #2647 ),
 ( #317, #2142 ),
 ( #1932, #1727 ),
 ( #1359, #1539 ),
 ( #2445, #2199 ),
 ( #2614, #914 ),
 ( #2212, #1378 ),
 ( #1554, #1990 ),
 ( #251, #2657 ),
 ( #1781, #2388 ),
 ( #99, #311 ),
 ( #479, #1808 ),
 ( #2183, #2432 ),
 ( #954, #57 ),
 ( #266, #703 ),
 ( #898, #2417 ),
 ( #2628, #743 ),
 ( #1332, #2402 ),
 ( #1126, #1753 ),
 ( #1360, #1975 ),
 ( #71, #1766 ),
 ( #494, #1347 ),
 ( #283, #1140 ),
 ( #2599, #926 ),
 ( #716, #525 ),
 ( #1568, #1795 ),
 ( #1109, #508 ),
 ( #1959, #299 ),
 ( #687, #1153 ),
 ( #2001, #538 ),
 ( #84, #939 ),
 ( #2643, #729 ),
 ( #1582, #2227 ),
 ( #1168, #2017 ),
 ( #1594, #2168 ),
 ( #42, #561 ),
 ( #2458, #2031 ),
 ( #2695, #111 ),
 ( #2497, #370 ),
 ( #1660, #124 ),
 ( #335, #1636 ),
 ( #2268, #346 ),
 ( #2682, #572 ),
 ( #1202, #2508 ),
 ( #1390, #1831 ),
 ( #1870, #1427 ),
 ( #782, #769 ),
 ( #1006, #2242 ),
 ( #323, #991 ),
 ( #2054, #2079 ),
 ( #2668, #1608 ),
 ( #2281, #1403 ),
 ( #1842, #1620 ),
 ( #161, #1179 ),
 ( #581, #967 ),
 ( #2705, #2485 ),
 ( #1818, #757 ),
 ( #1227, #551 ),
 ( #2256, #357 ),
 ( #980, #137 ),
 ( #1193, #2472 ),
 ( #1416, #1213 ),
 ( #2043, #2065 ),
 ( #2720, #148 ),
 ( #1856, #793 ),
 ( #1649, #1438 ),
 ( #2291, #1018 ),
 ( #803, #412 ),
 ( #185, #1088 ),
 ( #228, #1880 ),
 ( #2731, #215 ),
 ( #2313, #2104 ),
 ( #1030, #815 ),
 ( #653, #2131 ) ),
 .UNSPECIFIED., .T., .F., .F.,
 ( 4, 1, 1, 1, 2, 1, 1, 1, 2, 1, 1, 1, 2, 1, 1, 1, 2, 1, 1, 1, 2, 1, 1, 1, 2, 1, 1, 1, 2, 1, 1, 1, 2, 1, 1, 1, 2, 1, 1, 1, 2, 1, 1, 1, 2, 1, 1, 1, 2, 1, 1, 1, 2, 1, 1, 1, 2, 1, 1, 1, 2, 1, 1, 1, 2, 1, 1, 1, 2, 1, 1, 1, 2, 1, 1, 1, 2, 1, 1, 1, 4 ),
 ( 2, 2 ),
 ( 0.000000000000000000, 0.02086768923310218168, 0.04173537846620436337, 0.06260306769930654158, 0.08347075693240872674, 0.08760306741796972108, 0.09173537790353071542, 0.09586768838909170976, 0.09999999887465270410, 0.1208676881077558607, 0.1417353773408590034, 0.1626030665739621461, 0.1834707558070652889, 0.1876030668552989000, 0.1917353779035325112, 0.1958676889517661501, 0.1999999999999997613, 0.2208676892331019326, 0.2417353784662041316, 0.2626030676993063029, 0.2834707569324084742, 0.2876030674179692603, 0.2917353779035299910, 0.2958676883890907217, 0.2999999988746515633, 0.3208676881077546783, 0.3417353773408577933, 0.3626030665739610193, 0.3834707558070641342, 0.3876030668552974401, 0.3917353779035308570, 0.3958676889517641628, 0.3999999999999974687, 0.4208676892330996400, 0.4417353784662018112, 0.4626030676993039825, 0.4834707569324061538, 0.4876030674179669955, 0.4917353779035279482, 0.4958676883890887899, 0.4999999988746497426, 0.5208676881077528575, 0.5417353773408559725, 0.5626030665739591985, 0.5834707558070623135, 0.5876030668552957303, 0.5917353779035293693, 0.5958676889517627862, 0.5999999999999963141, 0.6208676892330985408, 0.6417353784662007676, 0.6626030676993028834, 0.6834707569324051102, 0.6876030674179660629, 0.6917353779035269046, 0.6958676883890879683, 0.6999999988746489210, 0.7208676881077520360, 0.7417353773408550399, 0.7626030665739583769, 0.7834707558070614919, 0.7876030668552953529, 0.7917353779035292138, 0.7958676889517631858, 0.7999999999999970468, 0.8208676892330992736, 0.8417353784662013894, 0.8626030676993036161, 0.8834707569324058429, 0.8876030674179671287, 0.8917353779035284145, 0.8958676883890894782, 0.8999999988746509860, 0.9208676881077541010, 0.9417353773408572160, 0.9626030665739603309, 0.9834707558070634459, 0.9876030668552975289, 0.9917353779035318340, 0.9958676889517659170, 1.000000000000000000 ),
 ( 0.000000000000000000, 1.000000000000000000 ),
 .UNSPECIFIED. ) ;
#1604 = CARTESIAN_POINT ( 'NONE',  ( -6.236290550841554925, -4.450965751114441815, 0.000000000000000000 ) ) ;
#1605 = CARTESIAN_POINT ( 'NONE',  ( 2.102506451816423816, 6.437519814721499145, 12.00000000000000000 ) ) ;
#1606 = ORIENTED_EDGE ( 'NONE', *, *, #443, .T. ) ;
#1607 = CC_DESIGN_DATE_AND_TIME_ASSIGNMENT ( #125, #1637, ( #1470 ) ) ;
#1608 = CARTESIAN_POINT ( 'NONE',  ( 2.343103861940804222, 7.491385036312877332, 12.00000000000000355 ) ) ;
#1609 = DATE_AND_TIME ( #1154, #548 ) ;
#1610 = VERTEX_POINT ( 'NONE', #1370 ) ;
#1611 = CARTESIAN_POINT ( 'NONE',  ( 5.859283812879628961, 4.307551783296653447, 12.00000000000000178 ) ) ;
#1612 = CIRCLE ( 'NONE', #672, 2.280999999999999250 ) ;
#1613 = CARTESIAN_POINT ( 'NONE',  ( -2.053333403260143797, 5.381790948875208258, 11.99999999999999822 ) ) ;
#1614 = CARTESIAN_POINT ( 'NONE',  ( 6.138221854008105716, -4.431360712238824995, 11.99999999999999645 ) ) ;
#1615 = SECURITY_CLASSIFICATION ( '', '', #1169 ) ;
#1616 = CARTESIAN_POINT ( 'NONE',  ( -6.714272332570423885, -5.697735100902648675, 12.00000000000000000 ) ) ;
#1617 = CARTESIAN_POINT ( 'NONE',  ( 2.286106919626245570, 6.903616755970015006, 12.00000000000000000 ) ) ;
#1618 = CARTESIAN_POINT ( 'NONE',  ( 8.781005085690733125, 0.6630142691165690216, 12.00000000000000000 ) ) ;
#1619 = ORIENTED_EDGE ( 'NONE', *, *, #483, .T. ) ;
#1620 = CARTESIAN_POINT ( 'NONE',  ( 2.233182759024218367, 7.975075402953396342, 12.00000000000000000 ) ) ;
#1621 = DATE_AND_TIME ( #2080, #1131 ) ;
#1622 = B_SPLINE_CURVE_WITH_KNOTS ( 'NONE', 3,
 ( #1176, #1604, #1815, #2664 ),
 .UNSPECIFIED., .F., .F.,
 ( 4, 4 ),
 ( 0.000000000000000000, 1.170086868559611526 ),
 .UNSPECIFIED. ) ;
#1623 =( GEOMETRIC_REPRESENTATION_CONTEXT ( 3 ) GLOBAL_UNCERTAINTY_ASSIGNED_CONTEXT ( ( #2537 ) ) GLOBAL_UNIT_ASSIGNED_CONTEXT ( ( #432, #1719, #2597 ) ) REPRESENTATION_CONTEXT ( 'NONE', 'WORKASPACE' ) );
#1624 = VERTEX_POINT ( 'NONE', #1189 ) ;
#1625 = LINE ( 'NONE', #995, #418 ) ;
#1626 = EDGE_CURVE ( 'NONE', #1330, #1750, #1807, .T. ) ;
#1627 = CARTESIAN_POINT ( 'NONE',  ( 6.993672153459121965, 4.594372933007668358, 12.00000000000000178 ) ) ;
#1628 = PRODUCT ( '\X2\88c5914d4f53\X0\1', '\X2\88c5914d4f53\X0\1', '', ( #2626 ) ) ;
#1629 = CARTESIAN_POINT ( 'NONE',  ( 2.102506451816423372, 6.437519814721498257, -0.000000000000000000 ) ) ;
#1630 = CARTESIAN_POINT ( 'NONE',  ( -2.233182758816828262, -7.024924596245810449, -0.000000000000000000 ) ) ;
#1631 = VECTOR ( 'NONE', #1947, 1000.000000000000000 ) ;
#1632 = CARTESIAN_POINT ( 'NONE',  ( 11.49367088607593956, 13.50000000000000000, 8.183694709364671027 ) ) ;
#1633 = CARTESIAN_POINT ( 'NONE',  ( 8.108287476342527000, 0.2327317920795229922, 0.000000000000000000 ) ) ;
#1634 = APPLICATION_CONTEXT ( 'configuration controlled 3d designs of mechanical parts and assemblies' ) ;
#1635 = CIRCLE ( 'NONE', #1415, 2.281000000000001027 ) ;
#1636 = CARTESIAN_POINT ( 'NONE',  ( 6.400658039661268894, 4.543412586211410975, 12.00000000000001066 ) ) ;
#1637 = DATE_TIME_ROLE ( 'classification_date' ) ;
#1638 = ORIENTED_EDGE ( 'NONE', *, *, #1659, .F. ) ;
#1639 = CARTESIAN_POINT ( 'NONE',  ( 2.286106919590973785, 6.903616755880470635, 12.00000000000000178 ) ) ;
#1640 = B_SPLINE_CURVE_WITH_KNOTS ( 'NONE', 3,
 ( #2384, #1749, #1522, #1329 ),
 .UNSPECIFIED., .F., .F.,
 ( 4, 4 ),
 ( 0.000000000000000000, 1.170086868559755855 ),
 .UNSPECIFIED. ) ;
#1641 = CARTESIAN_POINT ( 'NONE',  ( 0.9936708860759440043, 2.000000000000000000, -10.96894885826609922 ) ) ;
#1642 = EDGE_CURVE ( 'NONE', #1320, #2611, #1147, .T. ) ;
#1643 = CARTESIAN_POINT ( 'NONE',  ( -6.696538678762609109, 4.577647825018108740, 0.000000000000000000 ) ) ;
#1644 = CARTESIAN_POINT ( 'NONE',  ( -6.298936487484965596, -4.683415911144965804, 12.00000000000001776 ) ) ;
#1645 = ORIENTED_EDGE ( 'NONE', *, *, #2354, .F. ) ;
#1646 = EDGE_CURVE ( 'NONE', #199, #2545, #996, .T. ) ;
#1647 = CARTESIAN_POINT ( 'NONE',  ( 5.907343465574437680, -4.241403345711030504, 0.000000000000000000 ) ) ;
#1648 = AXIS2_PLACEMENT_3D ( 'NONE', #1062, #402, #599 ) ;
#1649 = CARTESIAN_POINT ( 'NONE',  ( 2.966545570604282478, 4.083099689633554519, 0.000000000000000000 ) ) ;
#1650 = PERSON_AND_ORGANIZATION ( #2239, #516 ) ;
#1651 = DIRECTION ( 'NONE',  ( 0.000000000000000000, 0.000000000000000000, -1.000000000000000000 ) ) ;
#1652 = ORIENTED_EDGE ( 'NONE', *, *, #628, .F. ) ;
#1653 = DIRECTION ( 'NONE',  ( 1.000000000000000000, 0.000000000000000000, 0.000000000000000000 ) ) ;
#1654 = DIRECTION ( 'NONE',  ( 1.000000000000000000, 0.000000000000000000, 0.000000000000000000 ) ) ;
#1655 = LINE ( 'NONE', #809, #2618 ) ;
#1656 = CARTESIAN_POINT ( 'NONE',  ( 5.907343465469376831, -4.241403345644100042, 11.99999999999999645 ) ) ;
#1657 = CC_DESIGN_PERSON_AND_ORGANIZATION_ASSIGNMENT ( #2706, #1194, ( #1470 ) ) ;
#1658 = LINE ( 'NONE', #2077, #1395 ) ;
#1659 = EDGE_CURVE ( 'NONE', #264, #617, #129, .T. ) ;
#1660 = CARTESIAN_POINT ( 'NONE',  ( 6.422935811018229302, -4.954223950520253439, 0.000000000000000000 ) ) ;
#1661 = APPROVAL_DATE_TIME ( #562, #662 ) ;
#1662 = ORIENTED_EDGE ( 'NONE', *, *, #737, .T. ) ;
#1663 = CARTESIAN_POINT ( 'NONE',  ( 2.286106919590973785, 6.903616755880470635, 12.00000000000000178 ) ) ;
#1664 = CARTESIAN_POINT ( 'NONE',  ( 2.306000219334031875, -7.306488824362877388, 12.00000000000000000 ) ) ;
#1665 = CARTESIAN_POINT ( 'NONE',  ( -2.233182758817004565, 7.975075403754633641, 0.000000000000000000 ) ) ;
#1666 = CARTESIAN_POINT ( 'NONE',  ( 2.053333403260022560, 5.381790948874995983, 0.000000000000000000 ) ) ;
#1667 = CIRCLE ( 'NONE', #2029, 10.00000000000000178 ) ;
#1668 = CARTESIAN_POINT ( 'NONE',  ( -2.957494971740012080, -7.827703132519475027, 12.00000000000000000 ) ) ;
#1669 = EDGE_CURVE ( 'NONE', #1832, #2028, #1804, .T. ) ;
#1670 = ORIENTED_EDGE ( 'NONE', *, *, #628, .T. ) ;
#1671 = DIRECTION ( 'NONE',  ( 1.000000000000000000, 0.000000000000000000, -1.239088197126289831E-16 ) ) ;
#1672 = CALENDAR_DATE ( 2025, 6, 6 ) ;
#1673 = CIRCLE ( 'NONE', #2482, 2.281000000000000139 ) ;
#1674 = ORIENTED_EDGE ( 'NONE', *, *, #372, .T. ) ;
#1675 = CARTESIAN_POINT ( 'NONE',  ( -6.160239743473717056, 4.555640707412454304, 12.00000000000000000 ) ) ;
#1676 = DIRECTION ( 'NONE',  ( 1.000000000000000000, 0.000000000000000000, 0.000000000000000000 ) ) ;
#1677 = UNCERTAINTY_MEASURE_WITH_UNIT (LENGTH_MEASURE( 1.000000000000000082E-05 ), #40, 'distance_accuracy_value', 'NONE');
#1678 = DIRECTION ( 'NONE',  ( 0.000000000000000000, 0.000000000000000000, 1.000000000000000000 ) ) ;
#1679 = CARTESIAN_POINT ( 'NONE',  ( 6.696543290711863605, 4.577635562164165783, 0.000000000000000000 ) ) ;
#1680 = VERTEX_POINT ( 'NONE', #2653 ) ;
#1681 = CARTESIAN_POINT ( 'NONE',  ( -2.208344767702428602, 8.071116789248321766, 0.000000000000000000 ) ) ;
#1682 = ORIENTED_EDGE ( 'NONE', *, *, #274, .T. ) ;
#1683 = CARTESIAN_POINT ( 'NONE',  ( 7.993670886075939563, 2.000000000000000000, -10.96894885826609922 ) ) ;
#1684 = CC_DESIGN_PERSON_AND_ORGANIZATION_ASSIGNMENT ( #730, #1583, ( #49 ) ) ;
#1685 = ORIENTED_EDGE ( 'NONE', *, *, #372, .F. ) ;
#1686 = CARTESIAN_POINT ( 'NONE',  ( -6.236290550841554925, -4.450965751114441815, 0.000000000000000000 ) ) ;
#1687 = ORIENTED_EDGE ( 'NONE', *, *, #216, .F. ) ;
#1688 = CARTESIAN_POINT ( 'NONE',  ( 8.358504278852761260, 0.3938515699128857239, 12.00000000000000178 ) ) ;
#1689 = APPROVAL_STATUS ( 'not_yet_approved' ) ;
#1690 = EDGE_CURVE ( 'NONE', #753, #1429, #1982, .T. ) ;
#1691 = CARTESIAN_POINT ( 'NONE',  ( 2.102506451816425148, 6.437519814721502698, 12.00000000000000000 ) ) ;
#1692 = CARTESIAN_POINT ( 'NONE',  ( 6.772155392964380738, -0.01029943717830844249, 12.00000000000000000 ) ) ;
#1693 = ORIENTED_EDGE ( 'NONE', *, *, #2574, .T. ) ;
#1694 = CARTESIAN_POINT ( 'NONE',  ( 1.502155732314623959, 9.439120569711015207, 0.000000000000000000 ) ) ;
#1695 = LINE ( 'NONE', #1326, #1771 ) ;
#1696 = CARTESIAN_POINT ( 'NONE',  ( -6.422946048514704742, -4.954215774865637023, 12.00000000000001066 ) ) ;
#1697 = CC_DESIGN_APPROVAL ( #662, ( #2684 ) ) ;
#1698 = VERTEX_POINT ( 'NONE', #2040 ) ;
#1699 = CARTESIAN_POINT ( 'NONE',  ( -2.208344767702430822, 8.071116789248312884, 12.00000000000000000 ) ) ;
#1700 = APPROVAL_ROLE ( '' ) ;
#1701 = ORIENTED_EDGE ( 'NONE', *, *, #1830, .F. ) ;
#1702 = ORIENTED_EDGE ( 'NONE', *, *, #2507, .T. ) ;
#1703 = CARTESIAN_POINT ( 'NONE',  ( 2.208344767702432154, 8.071116789248307555, 12.00000000000000000 ) ) ;
#1704 = DATE_AND_TIME ( #27, #2694 ) ;
#1705 = CARTESIAN_POINT ( 'NONE',  ( -2.082915758131233641, 8.556114783037314098, 12.00000000000000000 ) ) ;
#1706 = EDGE_CURVE ( 'NONE', #2152, #585, #1622, .T. ) ;
#1707 = CARTESIAN_POINT ( 'NONE',  ( 7.848789467786627227, 0.08654109137163859544, 11.99999999999999822 ) ) ;
#1708 = AXIS2_PLACEMENT_3D ( 'NONE', #2500, #1046, #1910 ) ;
#1709 = CARTESIAN_POINT ( 'NONE',  ( 6.894656006666346038, 4.588316846032622465, 12.00000000000000000 ) ) ;
#1710 = CARTESIAN_POINT ( 'NONE',  ( -6.993672185098409599, 4.594372934942809295, 12.00000000000000000 ) ) ;
#1711 = DIRECTION ( 'NONE',  ( 1.000000000000000000, 0.000000000000000000, 0.000000000000000000 ) ) ;
#1712 = CC_DESIGN_SECURITY_CLASSIFICATION ( #1362, ( #2766 ) ) ;
#1713 = CARTESIAN_POINT ( 'NONE',  ( 2.208344759784730105, 8.071116819863791036, 0.000000000000000000 ) ) ;
#1714 = EDGE_LOOP ( 'NONE', ( #2000, #392, #817, #1662, #742, #325 ) ) ;
#1715 = CIRCLE ( 'NONE', #1366, 2.281000000000001027 ) ;
#1716 = DIRECTION ( 'NONE',  ( 0.000000000000000000, 0.000000000000000000, 1.000000000000000000 ) ) ;
#1717 = VERTEX_POINT ( 'NONE', #119 ) ;
#1718 = CIRCLE ( 'NONE', #2391, 2.281000000000001027 ) ;
#1719 =( NAMED_UNIT ( * ) PLANE_ANGLE_UNIT ( ) SI_UNIT ( $, .RADIAN. ) );
#1720 = ORIENTED_EDGE ( 'NONE', *, *, #2052, .T. ) ;
#1721 = LINE ( 'NONE', #1256, #1869 ) ;
#1722 = CALENDAR_DATE ( 2025, 6, 6 ) ;
#1723 = CARTESIAN_POINT ( 'NONE',  ( -7.371191737761330742, -0.04693806959179987887, -0.000000000000000000 ) ) ;
#1724 = PLANE ( 'NONE',  #1491 ) ;
#1725 = ADVANCED_FACE ( 'NONE', ( #2677 ), #353, .F. ) ;
#1726 = CARTESIAN_POINT ( 'NONE',  ( -2.966545570604164350, 4.083099689633590934, 0.000000000000000000 ) ) ;
#1727 = CARTESIAN_POINT ( 'NONE',  ( -2.233182758816827818, -7.024924596245807784, 12.00000000000000000 ) ) ;
#1728 = MANIFOLD_SOLID_BREP ( '·ÅÑù1', #1601 ) ;
#1729 = EDGE_CURVE ( 'NONE', #1139, #2667, #491, .T. ) ;
#1730 = CARTESIAN_POINT ( 'NONE',  ( 7.132923872213810412, -2.317627457812008185, 0.000000000000000000 ) ) ;
#1731 = CARTESIAN_POINT ( 'NONE',  ( -2.957494971647748105, -7.827703132443419420, 0.000000000000000000 ) ) ;
#1732 = ORIENTED_EDGE ( 'NONE', *, *, #850, .F. ) ;
#1733 = DIRECTION ( 'NONE',  ( -0.000000000000000000, -0.000000000000000000, -1.000000000000000000 ) ) ;
#1734 = ORIENTED_EDGE ( 'NONE', *, *, #2371, .F. ) ;
#1735 = DIRECTION ( 'NONE',  ( 1.000000000000000000, 0.000000000000000000, 0.000000000000000000 ) ) ;
#1736 = AXIS2_PLACEMENT_3D ( 'NONE', #1162, #711, #1563 ) ;
#1737 = ORIENTED_EDGE ( 'NONE', *, *, #869, .F. ) ;
#1738 = CARTESIAN_POINT ( 'NONE',  ( -20.50632911392404623, 0.000000000000000000, 10.69620253164558044 ) ) ;
#1739 = APPROVAL_STATUS ( 'not_yet_approved' ) ;
#1740 = CARTESIAN_POINT ( 'NONE',  ( -8.274838854705523161, 0.3405508163308291758, 12.00000000000000000 ) ) ;
#1741 = DIRECTION ( 'NONE',  ( -1.508455196501569950E-16, 1.000000000000000000, 0.000000000000000000 ) ) ;
#1742 = CARTESIAN_POINT ( 'NONE',  ( -6.696538678762609109, 4.577647825018108740, 0.000000000000000000 ) ) ;
#1743 = CARTESIAN_POINT ( 'NONE',  ( -4.799971562413360537, -1.559605301985931058, 11.99999999999999645 ) ) ;
#1744 = CARTESIAN_POINT ( 'NONE',  ( 8.358504278852747049, 0.3938515699128781189, 0.000000000000000000 ) ) ;
#1745 = CARTESIAN_POINT ( 'NONE',  ( -4.332906349846330052, -8.519353938951379490, 11.99999999999999645 ) ) ;
#1746 = VECTOR ( 'NONE', #1054, 1000.000000000000000 ) ;
#1747 = ADVANCED_FACE ( 'NONE', ( #1200 ), #2102, .T. ) ;
#1748 = CARTESIAN_POINT ( 'NONE',  ( -8.274838854705524938, 0.3405508163308300085, 0.000000000000000000 ) ) ;
#1749 = CARTESIAN_POINT ( 'NONE',  ( -2.306000219333798729, 7.693511175637147481, 12.00000000000000000 ) ) ;
#1750 = VERTEX_POINT ( 'NONE', #1424 ) ;
#1751 = PRODUCT_DEFINITION_FORMATION_WITH_SPECIFIED_SOURCE ( 'ä»', '', #1410, .NOT_KNOWN. ) ;
#1752 = ORIENTED_EDGE ( 'NONE', *, *, #1264, .F. ) ;
#1753 = CARTESIAN_POINT ( 'NONE',  ( 6.494314511675443491, -5.139339641752596499, 12.00000000000000000 ) ) ;
#1754 = DIRECTION ( 'NONE',  ( 1.000000000000000000, 0.000000000000000000, 0.000000000000000000 ) ) ;
#1755 = DATE_AND_TIME ( #2109, #638 ) ;
#1756 = CARTESIAN_POINT ( 'NONE',  ( -7.848792042523779600, 0.08651440597800473531, 0.000000000000000000 ) ) ;
#1757 = CARTESIAN_POINT ( 'NONE',  ( -5.907343465493205770, -4.241403345659660928, 12.00000000000000355 ) ) ;
#1758 = CARTESIAN_POINT ( 'NONE',  ( -5.484842658736543086, -3.972240646507761319, -0.000000000000000000 ) ) ;
#1759 = CARTESIAN_POINT ( 'NONE',  ( -7.661477064454913055, -0.06469268076364427522, 0.000000000000000000 ) ) ;
#1760 = CARTESIAN_POINT ( 'NONE',  ( 7.132923872213810412, -2.317627457812008185, 12.00000000000000000 ) ) ;
#1761 = CARTESIAN_POINT ( 'NONE',  ( -6.494314511372127896, -5.139339640982587554, -0.000000000000000000 ) ) ;
#1762 = CARTESIAN_POINT ( 'NONE',  ( 2.306000219334031875, -7.306488824362877388, 0.000000000000000000 ) ) ;
#1763 = ORIENTED_EDGE ( 'NONE', *, *, #1151, .F. ) ;
#1764 = EDGE_CURVE ( 'NONE', #673, #1418, #120, .T. ) ;
#1765 = DIRECTION ( 'NONE',  ( 0.000000000000000000, 0.000000000000000000, 1.000000000000000000 ) ) ;
#1766 = CARTESIAN_POINT ( 'NONE',  ( 6.298954255771809230, -4.683395835600490109, 11.99999999999999289 ) ) ;
#1767 = DIRECTION ( 'NONE',  ( -0.000000000000000000, 1.000000000000000000, 0.000000000000000000 ) ) ;
#1768 = CALENDAR_DATE ( 2025, 6, 6 ) ;
#1769 = CARTESIAN_POINT ( 'NONE',  ( -8.274838854705517832, 0.3405508163308269554, 0.000000000000000000 ) ) ;
#1770 = CARTESIAN_POINT ( 'NONE',  ( 7.272175590818145352, -0.04088198260716122828, 0.000000000000000000 ) ) ;
#1771 = VECTOR ( 'NONE', #1967, 1000.000000000000000 ) ;
#1772 = CARTESIAN_POINT ( 'NONE',  ( 5.472734944175834393, 3.988905485927471961, 12.00000000000000000 ) ) ;
#1773 = B_SPLINE_CURVE_WITH_KNOTS ( 'NONE', 3,
 ( #1085, #2544, #6, #2129 ),
 .UNSPECIFIED., .F., .F.,
 ( 4, 4 ),
 ( 0.000000000000000000, 1.170086868559685245 ),
 .UNSPECIFIED. ) ;
#1774 = CARTESIAN_POINT ( 'NONE',  ( -6.993672153534667757, 4.594372933012287774, 12.00000000000000000 ) ) ;
#1775 = DIRECTION ( 'NONE',  ( 0.000000000000000000, 0.000000000000000000, 1.000000000000000000 ) ) ;
#1776 = CARTESIAN_POINT ( 'NONE',  ( 6.714272332570423885, -5.697735100902650451, 12.00000000000000000 ) ) ;
#1777 = ORIENTED_EDGE ( 'NONE', *, *, #667, .F. ) ;
#1778 = APPLICATION_PROTOCOL_DEFINITION ( 'international standard', 'config_control_design', 1994, #857 ) ;
#1779 = CC_DESIGN_PERSON_AND_ORGANIZATION_ASSIGNMENT ( #670, #654, ( #1362 ) ) ;
#1780 = ORIENTED_EDGE ( 'NONE', *, *, #1908, .T. ) ;
#1781 = CARTESIAN_POINT ( 'NONE',  ( -6.138228046494666579, -4.431347343853155429, 0.000000000000000000 ) ) ;
#1782 =( REPRESENTATION_RELATIONSHIP ('NONE','NONE', #448, #1017 ) REPRESENTATION_RELATIONSHIP_WITH_TRANSFORMATION ( #1203 )SHAPE_REPRESENTATION_RELATIONSHIP( ) );
#1783 = PERSON_AND_ORGANIZATION_ROLE ( 'classification_officer' ) ;
#1784 = CARTESIAN_POINT ( 'NONE',  ( 2.726939712873770461, -7.639521561486020573, 0.000000000000000000 ) ) ;
#1785 = LINE ( 'NONE', #2633, #1631 ) ;
#1786 = EDGE_CURVE ( 'NONE', #1289, #1958, #579, .T. ) ;
#1787 = CARTESIAN_POINT ( 'NONE',  ( 2.507714799693546048, -7.437899700421636062, 11.99999999999998934 ) ) ;
#1788 = CARTESIAN_POINT ( 'NONE',  ( -7.493692351462871493, 4.624955478445708756, 0.000000000000000000 ) ) ;
#1789 = CIRCLE ( 'NONE', #665, 2.281000000000001027 ) ;
#1790 = CARTESIAN_POINT ( 'NONE',  ( 5.859283812646883582, 4.307551783104793586, 0.000000000000000000 ) ) ;
#1791 = CARTESIAN_POINT ( 'NONE',  ( 4.408389392193487133, -6.067627457811999747, 12.00000000000000000 ) ) ;
#1792 = CARTESIAN_POINT ( 'NONE',  ( -6.763445381126885536, -6.753463966749097658, 0.000000000000000000 ) ) ;
#1793 = VERTEX_POINT ( 'NONE', #2704 ) ;
#1794 = VERTEX_POINT ( 'NONE', #182 ) ;
#1795 = CARTESIAN_POINT ( 'NONE',  ( 4.799971562413229975, -1.559605301985993009, 11.99999999999999467 ) ) ;
#1796 = COORDINATED_UNIVERSAL_TIME_OFFSET ( 8, 0, .AHEAD. ) ;
#1797 = CARTESIAN_POINT ( 'NONE',  ( 1.502155732314765624, -5.560879430288991898, 0.000000000000000000 ) ) ;
#1798 = DIRECTION ( 'NONE',  ( 0.000000000000000000, -1.000000000000000000, 0.000000000000000000 ) ) ;
#1799 = CC_DESIGN_SECURITY_CLASSIFICATION ( #766, ( #624 ) ) ;
#1800 = CARTESIAN_POINT ( 'NONE',  ( -2.880948904819277345, -7.764603424365501994, 12.00000000000000000 ) ) ;
#1801 = EDGE_CURVE ( 'NONE', #1222, #1905, #1086, .T. ) ;
#1802 = CARTESIAN_POINT ( 'NONE',  ( 8.512945476436225789, 4.345483665702673193, 0.000000000000000000 ) ) ;
#1803 = CARTESIAN_POINT ( 'NONE',  ( -6.422946048514702966, -4.954215774865634359, 11.99999999999998757 ) ) ;
#1804 = LINE ( 'NONE', #2637, #1887 ) ;
#1805 = CARTESIAN_POINT ( 'NONE',  ( 2.233182759024446629, -7.024924597046645403, 0.000000000000000000 ) ) ;
#1806 = ORIENTED_EDGE ( 'NONE', *, *, #775, .F. ) ;
#1807 = CIRCLE ( 'NONE', #331, 2.280999999999999250 ) ;
#1808 = CARTESIAN_POINT ( 'NONE',  ( 2.726939712873762911, -7.639521561486019685, 11.99999999999998934 ) ) ;
#1809 = COORDINATED_UNIVERSAL_TIME_OFFSET ( 8, 0, .AHEAD. ) ;
#1810 = CARTESIAN_POINT ( 'NONE',  ( 2.429053010526672551, 7.266506548827921463, 12.00000000000000000 ) ) ;
#1811 = CARTESIAN_POINT ( 'NONE',  ( -6.763445381126882872, -6.753463966749075453, 11.99999999999998046 ) ) ;
#1812 = CARTESIAN_POINT ( 'NONE',  ( 7.570611421465314628, -0.02292461178216129158, 0.000000000000000000 ) ) ;
#1813 = CARTESIAN_POINT ( 'NONE',  ( -2.726950651943751414, -7.639514351464529618, 0.000000000000000000 ) ) ;
#1814 = PRODUCT_DEFINITION ( 'æœ', '', #49, #1258 ) ;
#1815 = CARTESIAN_POINT ( 'NONE',  ( -6.387725773860197798, -4.868748366796358695, 0.000000000000000000 ) ) ;
#1816 = CARTESIAN_POINT ( 'NONE',  ( 7.570611421465317292, -0.02292461178216257528, 12.00000000000001421 ) ) ;
#1817 = ORIENTED_EDGE ( 'NONE', *, *, #2712, .T. ) ;
#1818 = CARTESIAN_POINT ( 'NONE',  ( 8.512945476436204473, 4.345483665702682963, 0.000000000000000000 ) ) ;
#1819 = DATE_AND_TIME ( #2032, #2197 ) ;
#1820 = LOCAL_TIME ( 16, 46, 52.00000000000000000, #1907 ) ;
#1821 = ORIENTED_EDGE ( 'NONE', *, *, #2533, .F. ) ;
#1822 = CARTESIAN_POINT ( 'NONE',  ( -3.006329113924055108, 13.50000000000000000, -1.803797468354420230 ) ) ;
#1823 = CARTESIAN_POINT ( 'NONE',  ( 9.441328775402119788, 1.488213670286772317, 0.000000000000000000 ) ) ;
#1824 = CARTESIAN_POINT ( 'NONE',  ( 5.752902267991030882, -0.2897712499213903614, 11.99999999999999822 ) ) ;
#1825 = CARTESIAN_POINT ( 'NONE',  ( -6.714272332570422108, -5.697735100902646010, 0.000000000000000000 ) ) ;
#1826 = B_SPLINE_SURFACE_WITH_KNOTS ( 'NONE', 3, 1, ( 
 ( #2491, #2725 ),
 ( #2297, #1050 ),
 ( #377, #1467 ),
 ( #2308, #627 ),
 ( #998, #2538 ),
 ( #1234, #2097 ),
 ( #1665, #178 ),
 ( #2059, #167 ),
 ( #389, #1851 ),
 ( #1024, #1481 ),
 ( #1876, #1037 ),
 ( #1432, #1885 ),
 ( #2738, #834 ),
 ( #820, #143 ),
 ( #576, #364 ),
 ( #612, #1691 ),
 ( #2332, #2702 ),
 ( #1899, #420 ),
 ( #2752, #788 ),
 ( #1643, #468 ),
 ( #848, #390 ),
 ( #452, #2554 ),
 ( #866, #901 ),
 ( #1080, #1323 ),
 ( #220, #2392 ),
 ( #2139, #1705 ),
 ( #1769, #1292 ),
 ( #236, #1500 ),
 ( #1756, #207 ),
 ( #2585, #1064 ),
 ( #1723, #1096 ),
 ( #2570, #2602 ),
 ( #2619, #1915 ),
 ( #643, #691 ),
 ( #28, #13 ),
 ( #917, #2156 ),
 ( #45, #1275 ),
 ( #1543, #659 ),
 ( #1946, #60 ),
 ( #1929, #676 ),
 ( #2406, #482 ),
 ( #2123, #2362 ),
 ( #1335, #2347 ),
 ( #1129, #1514 ),
 ( #436, #270 ),
 ( #884, #1308 ),
 ( #2171, #1740 ),
 ( #1527, #2376 ),
 ( #254, #1112 ),
 ( #2186, #1978 ),
 ( #1557, #1963 ),
 ( #706, #2004 ),
 ( #315, #2419 ),
 ( #956, #941 ),
 ( #1797, #1584 ),
 ( #510, #87 ),
 ( #527, #2435 ),
 ( #1156, #731 ),
 ( #929, #496 ),
 ( #1784, #1170 ),
 ( #1992, #1363 ),
 ( #74, #2645 ),
 ( #1380, #2019 ),
 ( #2230, #1349 ),
 ( #2631, #718 ),
 ( #1570, #101 ),
 ( #2201, #1143 ),
 ( #285, #2215 ),
 ( #301, #530 ),
 ( #2675, #2036 ),
 ( #2421, #1574 ),
 ( #721, #116 ),
 ( #2438, #1587 ),
 ( #2452, #2048 ),
 ( #1383, #2233 ),
 ( #945, #513 ),
 ( #568, #91 ),
 ( #1812, #304 ),
 ( #557, #1787 ),
 ( #1397, #2635 ),
 ( #318, #2662 ),
 ( #1174, #2465 ),
 ( #1421, #1367 ),
 ( #2218, #1411 ),
 ( #1802, #2023 ),
 ( #1159, #105 ),
 ( #2008, #544 ),
 ( #749, #2273 ),
 ( #351, #2649 ),
 ( #734, #1614 ),
 ( #2262, #1599 ),
 ( #961, #1207 ),
 ( #2248, #328 ),
 ( #76, #1187 ),
 ( #972, #1824 ),
 ( #1629, #762 ),
 ( #341, #1198 ),
 ( #132, #1836 ),
 ( #931, #985 ),
 ( #2689, #776 ),
 ( #2480, #837 ),
 ( #1312, #1341 ) ),
 .UNSPECIFIED., .T., .F., .F.,
 ( 4, 1, 1, 1, 2, 1, 1, 1, 2, 1, 1, 1, 2, 1, 1, 1, 2, 1, 1, 1, 2, 1, 1, 1, 2, 1, 1, 1, 2, 1, 1, 1, 2, 1, 1, 1, 2, 1, 1, 1, 2, 1, 1, 1, 2, 1, 1, 1, 2, 1, 1, 1, 2, 1, 1, 1, 2, 1, 1, 1, 2, 1, 1, 1, 2, 1, 1, 1, 2, 1, 1, 1, 2, 1, 1, 1, 2, 1, 1, 1, 4 ),
 ( 2, 2 ),
 ( 0.000000000000000000, 0.02086768923310218515, 0.04173537846620437031, 0.06260306769930655546, 0.08347075693240874061, 0.08760306741797002639, 0.09173537790353133992, 0.09586768838909262569, 0.09999999887465392534, 0.1208676881077570681, 0.1417353773408602247, 0.1626030665739633396, 0.1834707558070664823, 0.1876030668553005931, 0.1917353779035346761, 0.1958676889517688147, 0.2000000000000029254, 0.2208676892331050967, 0.2417353784662072957, 0.2626030676993095225, 0.2834707569324116383, 0.2876030674179727020, 0.2917353779035336547, 0.2958676883890946074, 0.2999999988746556712, 0.3208676881077588416, 0.3417353773408619011, 0.3626030665739650716, 0.3834707558070682420, 0.3876030668553018810, 0.3917353779035354644, 0.3958676889517690478, 0.4000000000000026867, 0.4208676892331048580, 0.4417353784662070293, 0.4626030676993092006, 0.4834707569324113718, 0.4876030674179722135, 0.4917353779035329442, 0.4958676883890936749, 0.4999999988746545165, 0.5208676881077576315, 0.5417353773408608575, 0.5626030665739639725, 0.5834707558070670874, 0.5876030668553005043, 0.5917353779035338102, 0.5958676889517671160, 0.6000000000000004219, 0.6208676892331026487, 0.6417353784662048755, 0.6626030676993071022, 0.6834707569324092180, 0.6876030674179700597, 0.6917353779035311234, 0.6958676883890919651, 0.6999999988746528068, 0.7208676881077560328, 0.7417353773408590367, 0.7626030665739620407, 0.7834707558070652667, 0.7876030668552986835, 0.7917353779035323225, 0.7958676889517659614, 0.7999999999999993783, 0.8208676892331016051, 0.8417353784662036098, 0.8626030676993058366, 0.8834707569324080634, 0.8876030674179690161, 0.8917353779035299688, 0.8958676883890908105, 0.8999999988746518742, 0.9208676881077549892, 0.9417353773408581041, 0.9626030665739612191, 0.9834707558070643341, 0.9876030668552981950, 0.9917353779035322781, 0.9958676889517661390, 1.000000000000000000 ),
 ( 0.000000000000000000, 1.000000000000000000 ),
 .UNSPECIFIED. ) ;
#1827 = DIRECTION ( 'NONE',  ( 0.000000000000000000, 0.000000000000000000, 1.000000000000000000 ) ) ;
#1828 = CARTESIAN_POINT ( 'NONE',  ( 2.053333403260016343, 5.381790948874987102, 11.99999999999998401 ) ) ;
#1829 = ORIENTED_EDGE ( 'NONE', *, *, #181, .T. ) ;
#1830 = EDGE_CURVE ( 'NONE', #1846, #2223, #2510, .T. ) ;
#1831 = CARTESIAN_POINT ( 'NONE',  ( 4.483872434540835172, 3.615900976672861589, 11.99999999999998224 ) ) ;
#1832 = VERTEX_POINT ( 'NONE', #779 ) ;
#1833 = DIRECTION ( 'NONE',  ( 0.000000000000000000, 1.000000000000000000, 0.000000000000000000 ) ) ;
#1834 = VECTOR ( 'NONE', #2141, 1000.000000000000000 ) ;
#1835 = DIRECTION ( 'NONE',  ( 1.000000000000000000, 0.000000000000000000, 0.000000000000000000 ) ) ;
#1836 = CARTESIAN_POINT ( 'NONE',  ( 7.570611421465333279, -0.02292461178215900869, 12.00000000000000000 ) ) ;
#1837 = CC_DESIGN_APPROVAL ( #1166, ( #1470 ) ) ;
#1838 = CARTESIAN_POINT ( 'NONE',  ( -7.371191737761324525, -0.04693806959179953192, 12.00000000000000000 ) ) ;
#1839 = DIRECTION ( 'NONE',  ( 0.000000000000000000, 1.000000000000000000, 0.000000000000000000 ) ) ;
#1840 = B_SPLINE_SURFACE_WITH_KNOTS ( 'NONE', 3, 1, ( 
 ( #1713, #1299 ),
 ( #1935, #794 ),
 ( #213, #1215 ),
 ( #2563, #2324 ),
 ( #1283, #1952 ),
 ( #892, #1858 ),
 ( #1920, #151 ),
 ( #1489, #2498 ),
 ( #1008, #2283 ),
 ( #1313, #584 ),
 ( #1056, #20 ),
 ( #651, #633 ),
 ( #1506, #2340 ),
 ( #2353, #2068 ),
 ( #875, #444 ),
 ( #2144, #2114 ),
 ( #2162, #457 ),
 ( #2707, #2757 ),
 ( #666, #838 ),
 ( #197, #1696 ),
 ( #1440, #1904 ),
 ( #226, #1521 ),
 ( #427, #2367 ),
 ( #244, #1103 ),
 ( #34, #1745 ),
 ( #2592, #2207 ),
 ( #1748, #505 ),
 ( #1357, #2014 ),
 ( #53, #1985 ),
 ( #1373, #893 ),
 ( #1136, #294 ),
 ( #2655, #521 ),
 ( #2593, #67 ),
 ( #2222, #474 ),
 ( #488, #923 ),
 ( #682, #1998 ),
 ( #458, #1328 ),
 ( #2383, #1534 ),
 ( #95, #712 ),
 ( #1953, #909 ),
 ( #1761, #1149 ),
 ( #2427, #2177 ),
 ( #1792, #2624 ),
 ( #1315, #697 ),
 ( #935, #2163 ),
 ( #1549, #1776 ),
 ( #2397, #740 ),
 ( #245, #2413 ),
 ( #1564, #1343 ),
 ( #2194, #80 ),
 ( #308, #262 ),
 ( #1120, #2639 ),
 ( #1163, #1970 ),
 ( #279, #726 ),
 ( #1105, #1579 ),
 ( #2609, #951 ),
 ( #1805, #2368 ),
 ( #36, #1816 ),
 ( #2693, #767 ),
 ( #1841, #2469 ),
 ( #2666, #1401 ),
 ( #355, #1618 ),
 ( #560, #122 ),
 ( #1414, #135 ),
 ( #1388, #1211 ),
 ( #2236, #2455 ),
 ( #1425, #965 ),
 ( #549, #2279 ),
 ( #976, #752 ),
 ( #2252, #1177 ),
 ( #2027, #321 ),
 ( #109, #333 ),
 ( #345, #1190 ),
 ( #2041, #2266 ),
 ( #2053, #1828 ),
 ( #1592, #1605 ),
 ( #1201, #2442 ),
 ( #2678, #990 ),
 ( #780, #533 ),
 ( #1633, #2484 ),
 ( #571, #2063 ),
 ( #146, #1003 ),
 ( #1823, #1396 ),
 ( #2058, #2247 ),
 ( #1862, #2501 ),
 ( #1022, #2260 ),
 ( #2464, #997 ),
 ( #327, #2047 ),
 ( #556, #142 ),
 ( #2688, #2450 ),
 ( #774, #1848 ),
 ( #575, #2673 ),
 ( #1409, #1613 ),
 ( #1598, #2710 ),
 ( #1431, #130 ),
 ( #1184, #1442 ),
 ( #1420, #761 ),
 ( #543, #2035 ),
 ( #1232, #115 ),
 ( #971, #2701 ),
 ( #1206, #1197 ),
 ( #2295, #340 ) ),
 .UNSPECIFIED., .T., .F., .F.,
 ( 4, 1, 1, 1, 2, 1, 1, 1, 2, 1, 1, 1, 2, 1, 1, 1, 2, 1, 1, 1, 2, 1, 1, 1, 2, 1, 1, 1, 2, 1, 1, 1, 2, 1, 1, 1, 2, 1, 1, 1, 2, 1, 1, 1, 2, 1, 1, 1, 2, 1, 1, 1, 2, 1, 1, 1, 2, 1, 1, 1, 2, 1, 1, 1, 2, 1, 1, 1, 2, 1, 1, 1, 2, 1, 1, 1, 2, 1, 1, 1, 4 ),
 ( 2, 2 ),
 ( 0.000000000000000000, 0.02086768923310218168, 0.04173537846620436337, 0.06260306769930654158, 0.08347075693240872674, 0.08760306741796972108, 0.09173537790353071542, 0.09586768838909170976, 0.09999999887465270410, 0.1208676881077558607, 0.1417353773408590034, 0.1626030665739621461, 0.1834707558070652889, 0.1876030668552989000, 0.1917353779035325112, 0.1958676889517661501, 0.1999999999999997613, 0.2208676892331019326, 0.2417353784662041316, 0.2626030676993063029, 0.2834707569324084742, 0.2876030674179692603, 0.2917353779035299910, 0.2958676883890907217, 0.2999999988746515633, 0.3208676881077546783, 0.3417353773408577933, 0.3626030665739610193, 0.3834707558070641342, 0.3876030668552974401, 0.3917353779035308570, 0.3958676889517641628, 0.3999999999999974687, 0.4208676892330996400, 0.4417353784662018112, 0.4626030676993039825, 0.4834707569324061538, 0.4876030674179669955, 0.4917353779035279482, 0.4958676883890887899, 0.4999999988746497426, 0.5208676881077528575, 0.5417353773408559725, 0.5626030665739591985, 0.5834707558070623135, 0.5876030668552957303, 0.5917353779035293693, 0.5958676889517627862, 0.5999999999999963141, 0.6208676892330985408, 0.6417353784662007676, 0.6626030676993028834, 0.6834707569324051102, 0.6876030674179660629, 0.6917353779035269046, 0.6958676883890879683, 0.6999999988746489210, 0.7208676881077520360, 0.7417353773408550399, 0.7626030665739583769, 0.7834707558070614919, 0.7876030668552953529, 0.7917353779035292138, 0.7958676889517631858, 0.7999999999999970468, 0.8208676892330992736, 0.8417353784662013894, 0.8626030676993036161, 0.8834707569324058429, 0.8876030674179671287, 0.8917353779035284145, 0.8958676883890894782, 0.8999999988746509860, 0.9208676881077541010, 0.9417353773408572160, 0.9626030665739603309, 0.9834707558070634459, 0.9876030668552975289, 0.9917353779035318340, 0.9958676889517659170, 1.000000000000000000 ),
 ( 0.000000000000000000, 1.000000000000000000 ),
 .UNSPECIFIED. ) ;
#1841 = CARTESIAN_POINT ( 'NONE',  ( 2.726939712873757582, -7.639521561486008139, 0.000000000000000000 ) ) ;
#1842 = CARTESIAN_POINT ( 'NONE',  ( 8.274838854007523281, 0.3405508158861555446, -0.000000000000000000 ) ) ;
#1843 = APPLICATION_PROTOCOL_DEFINITION ( 'international standard', 'config_control_design', 1994, #1634 ) ;
#1844 = EDGE_CURVE ( 'NONE', #621, #2152, #2587, .T. ) ;
#1845 = AXIS2_PLACEMENT_3D ( 'NONE', #203, #2532, #796 ) ;
#1846 = VERTEX_POINT ( 'NONE', #1632 ) ;
#1847 = CARTESIAN_POINT ( 'NONE',  ( -6.993672153534657099, 4.594372933012287774, 0.000000000000000000 ) ) ;
#1848 = CARTESIAN_POINT ( 'NONE',  ( -2.322464272711822542, 6.995915273871762707, 12.00000000000000178 ) ) ;
#1849 = EDGE_CURVE ( 'NONE', #1794, #2056, #1249, .T. ) ;
#1850 = CC_DESIGN_APPROVAL ( #2290, ( #520 ) ) ;
#1851 = CARTESIAN_POINT ( 'NONE',  ( 6.400658039661260013, 4.543412586211410975, 11.99999999999998934 ) ) ;
#1852 = CARTESIAN_POINT ( 'NONE',  ( -4.799971562413369419, -1.559605301985937054, 12.00000000000001776 ) ) ;
#1853 = AXIS2_PLACEMENT_3D ( 'NONE', #1559, #1544, #15 ) ;
#1854 = DIRECTION ( 'NONE',  ( 0.000000000000000000, 0.000000000000000000, 1.000000000000000000 ) ) ;
#1855 = AXIS2_PLACEMENT_3D ( 'NONE', #840, #1072, #1472 ) ;
#1856 = CARTESIAN_POINT ( 'NONE',  ( 4.483872434540852936, 3.615900976672863365, 0.000000000000000000 ) ) ;
#1857 = PERSON_AND_ORGANIZATION_ROLE ( 'creator' ) ;
#1858 = CARTESIAN_POINT ( 'NONE',  ( -8.781005085690724243, 0.6630142691165636926, 12.00000000000000000 ) ) ;
#1859 = VERTEX_POINT ( 'NONE', #1248 ) ;
#1860 = APPROVAL ( #1449, 'æœª' ) ;
#1861 = CARTESIAN_POINT ( 'NONE',  ( 0.000000000000000000, 7.500000000000000000, 12.00000000000000000 ) ) ;
#1862 = CARTESIAN_POINT ( 'NONE',  ( 8.512945476436204473, 4.345483665702682963, 0.000000000000000000 ) ) ;
#1863 = PLANE ( 'NONE',  #2264 ) ;
#1864 = EDGE_CURVE ( 'NONE', #81, #1680, #620, .T. ) ;
#1865 = CARTESIAN_POINT ( 'NONE',  ( 6.298954255771805677, -4.683395835600492774, 11.99999999999999822 ) ) ;
#1866 = ORIENTED_EDGE ( 'NONE', *, *, #2665, .F. ) ;
#1867 = APPLICATION_CONTEXT ( 'configuration controlled 3d designs of mechanical parts and assemblies' ) ;
#1868 = FACE_OUTER_BOUND ( 'NONE', #428, .T. ) ;
#1869 = VECTOR ( 'NONE', #177, 1000.000000000000000 ) ;
#1870 = CARTESIAN_POINT ( 'NONE',  ( 4.799971562413226422, -1.559605301985975245, 0.000000000000000000 ) ) ;
#1871 = COORDINATED_UNIVERSAL_TIME_OFFSET ( 8, 0, .AHEAD. ) ;
#1872 = ORIENTED_EDGE ( 'NONE', *, *, #2423, .F. ) ;
#1873 = CYLINDRICAL_SURFACE ( 'NONE', #410, 10.00000000000000000 ) ;
#1874 = B_SPLINE_CURVE_WITH_KNOTS ( 'NONE', 3,
 ( #2709, #2094, #1895, #2306 ),
 .UNSPECIFIED., .F., .F.,
 ( 4, 4 ),
 ( 0.000000000000000000, 1.170086868559611526 ),
 .UNSPECIFIED. ) ;
#1875 = CARTESIAN_POINT ( 'NONE',  ( 7.993670886075939563, 13.50000000000000000, 10.69720253164557988 ) ) ;
#1876 = CARTESIAN_POINT ( 'NONE',  ( -2.322464272711823874, 6.995915273871765372, -0.000000000000000000 ) ) ;
#1877 = CARTESIAN_POINT ( 'NONE',  ( 5.472734944175829952, 3.988905485927467520, 0.000000000000000000 ) ) ;
#1878 = EDGE_CURVE ( 'NONE', #1285, #1698, #2062, .T. ) ;
#1879 = DIRECTION ( 'NONE',  ( -1.000000000000000000, 1.734723475976807094E-16, 3.556183125752454544E-15 ) ) ;
#1880 = CARTESIAN_POINT ( 'NONE',  ( -6.111278549054369513, 4.468440144895414967, 11.99999999999998579 ) ) ;
#1881 = PERSON_AND_ORGANIZATION ( #2239, #516 ) ;
#1882 = ORIENTED_EDGE ( 'NONE', *, *, #1908, .F. ) ;
#1883 = CARTESIAN_POINT ( 'NONE',  ( -2.957494971647745885, -7.827703132443417644, 0.000000000000000000 ) ) ;
#1884 = CARTESIAN_POINT ( 'NONE',  ( 2.286106919659029124, 6.903616756053240877, 0.000000000000000000 ) ) ;
#1885 = CARTESIAN_POINT ( 'NONE',  ( 5.472734944175834393, 3.988905485927471961, 12.00000000000000000 ) ) ;
#1886 = CARTESIAN_POINT ( 'NONE',  ( 6.714272332570423885, -5.697735100902648675, 12.00000000000000000 ) ) ;
#1887 = VECTOR ( 'NONE', #1413, 1000.000000000000000 ) ;
#1888 = VERTEX_POINT ( 'NONE', #570 ) ;
#1889 = DIRECTION ( 'NONE',  ( 0.000000000000000000, 0.000000000000000000, 1.000000000000000000 ) ) ;
#1890 = APPROVAL ( #689, 'æœª' ) ;
#1891 = VERTEX_POINT ( 'NONE', #1681 ) ;
#1892 = DIRECTION ( 'NONE',  ( 1.000000000000000000, 0.000000000000000000, 0.000000000000000000 ) ) ;
#1893 = CIRCLE ( 'NONE', #73, 10.00000000000000000 ) ;
#1894 = VERTEX_POINT ( 'NONE', #2505 ) ;
#1895 = CARTESIAN_POINT ( 'NONE',  ( -6.387725773860197798, -4.868748366796358695, 12.00000000000000000 ) ) ;
#1896 = ORIENTED_EDGE ( 'NONE', *, *, #155, .F. ) ;
#1897 = CARTESIAN_POINT ( 'NONE',  ( 2.208344767702614231, -6.928883210751566324, 12.00000000000000000 ) ) ;
#1898 = CALENDAR_DATE ( 2025, 6, 6 ) ;
#1899 = CARTESIAN_POINT ( 'NONE',  ( -6.111278549054373954, 4.468440144895413191, 0.000000000000000000 ) ) ;
#1900 = CARTESIAN_POINT ( 'NONE',  ( 2.840609691912021617E-14, -5.046988775295464968, 11.99999999999996980 ) ) ;
#1901 = B_SPLINE_CURVE_WITH_KNOTS ( 'NONE', 3,
 ( #1301, #263, #910, #1121 ),
 .UNSPECIFIED., .F., .F.,
 ( 4, 4 ),
 ( 0.000000000000000000, 1.170086868559627957 ),
 .UNSPECIFIED. ) ;
#1902 = ORIENTED_EDGE ( 'NONE', *, *, #313, .T. ) ;
#1903 = LINE ( 'NONE', #2542, #1969 ) ;
#1904 = CARTESIAN_POINT ( 'NONE',  ( -6.494314511372124343, -5.139339640982581336, 11.99999999999999822 ) ) ;
#1905 = VERTEX_POINT ( 'NONE', #2526 ) ;
#1906 = CARTESIAN_POINT ( 'NONE',  ( -2.506329113924055108, 13.50000000000000000, 0.6962025316455769941 ) ) ;
#1907 = COORDINATED_UNIVERSAL_TIME_OFFSET ( 8, 0, .AHEAD. ) ;
#1908 = EDGE_CURVE ( 'NONE', #2686, #81, #1658, .T. ) ;
#1909 = ORIENTED_EDGE ( 'NONE', *, *, #2132, .F. ) ;
#1910 = DIRECTION ( 'NONE',  ( 1.000000000000000000, 0.000000000000000000, 0.000000000000000000 ) ) ;
#1911 = AXIS2_PLACEMENT_3D ( 'NONE', #1290, #1913, #832 ) ;
#1912 = EDGE_LOOP ( 'NONE', ( #823, #1999, #7, #395 ) ) ;
#1913 = DIRECTION ( 'NONE',  ( 0.000000000000000000, 1.000000000000000000, 0.000000000000000000 ) ) ;
#1914 = DATE_AND_TIME ( #1063, #2072 ) ;
#1915 = CARTESIAN_POINT ( 'NONE',  ( -2.053333403260152679, 5.381790948875194935, 11.99999999999999645 ) ) ;
#1916 = CARTESIAN_POINT ( 'NONE',  ( 5.935829879567855016, 4.370651491258982446, -0.000000000000000000 ) ) ;
#1917 = CARTESIAN_POINT ( 'NONE',  ( 8.512945476436200920, 4.345483665702679410, 11.99999999999998046 ) ) ;
#1918 = CARTESIAN_POINT ( 'NONE',  ( -7.848792042523779600, 0.08651440597800476306, 0.000000000000000000 ) ) ;
#1919 = DIRECTION ( 'NONE',  ( -0.000000000000000000, -0.000000000000000000, -1.000000000000000000 ) ) ;
#1920 = CARTESIAN_POINT ( 'NONE',  ( -2.233182758817002789, 7.975075403754638970, 0.000000000000000000 ) ) ;
#1921 = CC_DESIGN_APPROVAL ( #578, ( #49 ) ) ;
#1922 = VERTEX_POINT ( 'NONE', #2300 ) ;
#1923 = CARTESIAN_POINT ( 'NONE',  ( 6.604370679972711322, 4.570562234860818585, 12.00000000000000000 ) ) ;
#1924 = ORIENTED_EDGE ( 'NONE', *, *, #2024, .F. ) ;
#1925 = EDGE_CURVE ( 'NONE', #1523, #897, #1612, .T. ) ;
#1926 = ORIENTED_EDGE ( 'NONE', *, *, #1764, .T. ) ;
#1927 = CARTESIAN_POINT ( 'NONE',  ( 2.957494971740006751, -7.827703132519469698, 11.99999999999999822 ) ) ;
#1928 = SECURITY_CLASSIFICATION_LEVEL ( 'unclassified' ) ;
#1929 = CARTESIAN_POINT ( 'NONE',  ( -6.422946048514706519, -4.954215774865630806, 0.000000000000000000 ) ) ;
#1930 = DIRECTION ( 'NONE',  ( 1.000000000000000000, 0.000000000000000000, 0.000000000000000000 ) ) ;
#1931 = CARTESIAN_POINT ( 'NONE',  ( 9.441328775402123341, 1.488213670286770096, 11.99999999999998224 ) ) ;
#1932 = CARTESIAN_POINT ( 'NONE',  ( -7.371191737761322749, -0.04693806959179951804, -0.000000000000000000 ) ) ;
#1933 = CARTESIAN_POINT ( 'NONE',  ( 11.49367088607593956, 2.000000000000000000, 10.69620253164558044 ) ) ;
#1934 = PRODUCT_DEFINITION_FORMATION_WITH_SPECIFIED_SOURCE ( 'ä»', '', #1628, .NOT_KNOWN. ) ;
#1935 = CARTESIAN_POINT ( 'NONE',  ( 2.082915758131235417, 8.556114783037306992, 0.000000000000000000 ) ) ;
#1936 = VERTEX_POINT ( 'NONE', #1647 ) ;
#1937 = CARTESIAN_POINT ( 'NONE',  ( 2.306000219333810275, 7.693511175637102184, 0.000000000000000000 ) ) ;
#1938 = COORDINATED_UNIVERSAL_TIME_OFFSET ( 8, 0, .AHEAD. ) ;
#1939 = ORIENTED_EDGE ( 'NONE', *, *, #1284, .F. ) ;
#1940 = VECTOR ( 'NONE', #58, 1000.000000000000000 ) ;
#1941 = DIRECTION ( 'NONE',  ( 0.000000000000000000, 0.000000000000000000, 1.000000000000000000 ) ) ;
#1942 = ORIENTED_EDGE ( 'NONE', *, *, #52, .T. ) ;
#1943 = DIRECTION ( 'NONE',  ( 0.000000000000000000, 1.000000000000000000, 0.000000000000000000 ) ) ;
#1944 = PERSON_AND_ORGANIZATION_ROLE ( 'design_supplier' ) ;
#1945 = CC_DESIGN_DATE_AND_TIME_ASSIGNMENT ( #2327, #430, ( #1462 ) ) ;
#1946 = CARTESIAN_POINT ( 'NONE',  ( -6.298936487484960267, -4.683415911144960475, 0.000000000000000000 ) ) ;
#1947 = DIRECTION ( 'NONE',  ( 1.131341397376179805E-16, -1.000000000000000000, 0.000000000000000000 ) ) ;
#1948 = EDGE_CURVE ( 'NONE', #1020, #1958, #1223, .T. ) ;
#1949 = CARTESIAN_POINT ( 'NONE',  ( -2.053333403260146905, 5.381790948875212699, 0.000000000000000000 ) ) ;
#1950 = CARTESIAN_POINT ( 'NONE',  ( -8.512945476436211578, 4.345483665702684739, 12.00000000000002132 ) ) ;
#1951 = CARTESIAN_POINT ( 'NONE',  ( -2.957494971740012080, -7.827703132519475027, 12.00000000000000000 ) ) ;
#1952 = CARTESIAN_POINT ( 'NONE',  ( -9.441328775402126894, 1.488213670286777424, 12.00000000000002309 ) ) ;
#1953 = CARTESIAN_POINT ( 'NONE',  ( -6.422946048514709183, -4.954215774865640576, 0.000000000000000000 ) ) ;
#1954 = B_SPLINE_CURVE_WITH_KNOTS ( 'NONE', 3,
 ( #2395, #276, #1298, #2756 ),
 .UNSPECIFIED., .F., .F.,
 ( 4, 4 ),
 ( 0.000000000000000000, 1.170086868559555127 ),
 .UNSPECIFIED. ) ;
#1955 = CARTESIAN_POINT ( 'NONE',  ( 11.99367088607593956, 2.000000000000000000, -1.803797468354420230 ) ) ;
#1956 = EDGE_LOOP ( 'NONE', ( #2136, #1178, #1896, #1150, #855, #1780 ) ) ;
#1957 = CIRCLE ( 'NONE', #1736, 9.999999999999998224 ) ;
#1958 = VERTEX_POINT ( 'NONE', #2717 ) ;
#1959 = CARTESIAN_POINT ( 'NONE',  ( 2.082915758131442363, -6.443885216962728535, -0.000000000000000000 ) ) ;
#1961 = LINE ( 'NONE', #1738, #522 ) ;
#1960 = CC_DESIGN_APPROVAL ( #231, ( #1462 ) ) ;
#1962 = COORDINATED_UNIVERSAL_TIME_OFFSET ( 8, 0, .AHEAD. ) ;
#1963 = CARTESIAN_POINT ( 'NONE',  ( -7.371191737761324525, -0.04693806959179953192, 12.00000000000000000 ) ) ;
#1964 = CARTESIAN_POINT ( 'NONE',  ( 5.907343465574443009, -4.241403345711033168, 0.000000000000000000 ) ) ;
#1965 = CARTESIAN_POINT ( 'NONE',  ( -5.935829880206394904, 4.370651491784906639, 11.99999999999999822 ) ) ;
#1966 = ADVANCED_FACE ( 'NONE', ( #1868 ), #591, .F. ) ;
#1967 = DIRECTION ( 'NONE',  ( 1.000000000000000000, 0.000000000000000000, 0.000000000000000000 ) ) ;
#1968 = CARTESIAN_POINT ( 'NONE',  ( 11.99367088607593956, 14.00000000000000000, -11.80379746835441956 ) ) ;
#1969 = VECTOR ( 'NONE', #2336, 1000.000000000000000 ) ;
#1970 = CARTESIAN_POINT ( 'NONE',  ( 4.824518969025302972, -3.147041245337506066, 12.00000000000000178 ) ) ;
#1971 = LINE ( 'NONE', #2195, #1545 ) ;
#1972 = ORIENTED_EDGE ( 'NONE', *, *, #912, .T. ) ;
#1973 = APPROVAL_PERSON_ORGANIZATION ( #1881, #535, #2044 ) ;
#1974 = ORIENTED_EDGE ( 'NONE', *, *, #1948, .F. ) ;
#1975 = CARTESIAN_POINT ( 'NONE',  ( 6.422935811018236407, -4.954223950520269426, 11.99999999999999645 ) ) ;
#1976 = CARTESIAN_POINT ( 'NONE',  ( -2.506329113924055108, 2.000000000000000000, 8.183694709364671027 ) ) ;
#1977 = APPROVAL_ROLE ( '' ) ;
#1978 = CARTESIAN_POINT ( 'NONE',  ( -7.570614269378572736, -0.02291015667874325354, 12.00000000000002309 ) ) ;
#1979 = CARTESIAN_POINT ( 'NONE',  ( 6.530671864760535072, -5.231638159654002251, 12.00000000000000178 ) ) ;
#1980 = CARTESIAN_POINT ( 'NONE',  ( -8.512945476436204473, 4.345483665702679410, 0.000000000000000000 ) ) ;
#1981 = CIRCLE ( 'NONE', #1708, 2.281000000000001027 ) ;
#1982 = LINE ( 'NONE', #2235, #690 ) ;
#1983 = APPROVAL ( #1128, 'æœª' ) ;
#1984 = CARTESIAN_POINT ( 'NONE',  ( 6.993672153459121965, 4.594372933007668358, 12.00000000000000178 ) ) ;
#1985 = CARTESIAN_POINT ( 'NONE',  ( -2.507690216013500617, -7.437910395382268725, 11.99999999999999645 ) ) ;
#1986 = VERTEX_POINT ( 'NONE', #851 ) ;
#1987 = CARTESIAN_POINT ( 'NONE',  ( 0.000000000000000000, 0.000000000000000000, 0.000000000000000000 ) ) ;
#1988 = VECTOR ( 'NONE', #1833, 1000.000000000000000 ) ;
#1989 = VERTEX_POINT ( 'NONE', #422 ) ;
#1990 = CARTESIAN_POINT ( 'NONE',  ( 2.082915758131441475, -6.443885216962724982, 12.00000000000000000 ) ) ;
#1991 = APPLICATION_PROTOCOL_DEFINITION ( 'international standard', 'config_control_design', 1994, #2489 ) ;
#1992 = CARTESIAN_POINT ( 'NONE',  ( 2.880948904180684167, -7.764603423839084861, -0.000000000000000000 ) ) ;
#1993 = DIRECTION ( 'NONE',  ( 0.000000000000000000, 1.000000000000000000, 0.000000000000000000 ) ) ;
#1994 = B_SPLINE_CURVE_WITH_KNOTS ( 'NONE', 3,
 ( #1979, #2157, #2363, #2586 ),
 .UNSPECIFIED., .F., .F.,
 ( 4, 4 ),
 ( 0.000000000000000000, 1.170086868559555127 ),
 .UNSPECIFIED. ) ;
#1995 = CARTESIAN_POINT ( 'NONE',  ( -2.284244450223209544, 7.783358316048087922, 11.99999999999999289 ) ) ;
#1996 = CARTESIAN_POINT ( 'NONE',  ( -20.50632911392404623, 15.00000000000000000, -14.30379746835441956 ) ) ;
#1997 = DIRECTION ( 'NONE',  ( 0.000000000000000000, 0.000000000000000000, 1.000000000000000000 ) ) ;
#1998 = CARTESIAN_POINT ( 'NONE',  ( 2.082915758131441475, -6.443885216962724982, 12.00000000000000000 ) ) ;
#1999 = ORIENTED_EDGE ( 'NONE', *, *, #1465, .F. ) ;
#2000 = ORIENTED_EDGE ( 'NONE', *, *, #1097, .T. ) ;
#2001 = CARTESIAN_POINT ( 'NONE',  ( 2.317644985622997922, -7.207163419353229017, 0.000000000000000000 ) ) ;
#2002 = APPROVAL_DATE_TIME ( #968, #578 ) ;
#2003 = EDGE_CURVE ( 'NONE', #1429, #1108, #16, .T. ) ;
#2004 = CARTESIAN_POINT ( 'NONE',  ( -6.772155392964793741, -0.01029943717862135885, 12.00000000000000000 ) ) ;
#2005 = DIRECTION ( 'NONE',  ( -0.000000000000000000, -0.000000000000000000, -1.000000000000000000 ) ) ;
#2006 = CARTESIAN_POINT ( 'NONE',  ( -2.322464272711821653, 6.995915273871759155, -0.000000000000000000 ) ) ;
#2007 = B_SPLINE_CURVE_WITH_KNOTS ( 'NONE', 3,
 ( #2153, #862, #2095, #233 ),
 .UNSPECIFIED., .F., .F.,
 ( 4, 4 ),
 ( 0.000000000000000000, 1.170086868559664151 ),
 .UNSPECIFIED. ) ;
#2008 = CARTESIAN_POINT ( 'NONE',  ( 6.894656006666349590, 4.588316846032622465, 0.000000000000000000 ) ) ;
#2009 = CARTESIAN_POINT ( 'NONE',  ( -6.111278549054357967, 4.468440144895409638, 12.00000000000000888 ) ) ;
#2010 = AXIS2_PLACEMENT_3D ( 'NONE', #819, #1498, #2108 ) ;
#2011 = DIRECTION ( 'NONE',  ( 0.000000000000000000, -1.000000000000000000, 0.000000000000000000 ) ) ;
#2012 = CARTESIAN_POINT ( 'NONE',  ( -8.358504278852759484, 0.3938515699128868341, 12.00000000000000000 ) ) ;
#2013 = B_SPLINE_CURVE_WITH_KNOTS ( 'NONE', 3,
 ( #1419, #2245, #128, #983 ),
 .UNSPECIFIED., .F., .F.,
 ( 4, 4 ),
 ( 0.000000000000000000, 1.170086868559718551 ),
 .UNSPECIFIED. ) ;
#2014 = CARTESIAN_POINT ( 'NONE',  ( -2.726950651943752746, -7.639514351464538500, 11.99999999999999645 ) ) ;
#2015 = ORIENTED_EDGE ( 'NONE', *, *, #2338, .T. ) ;
#2016 = ORIENTED_EDGE ( 'NONE', *, *, #649, .T. ) ;
#2017 = CARTESIAN_POINT ( 'NONE',  ( 8.781005085690733125, 0.6630142691165690216, 12.00000000000000000 ) ) ;
#2018 = PERSON_AND_ORGANIZATION ( #2239, #516 ) ;
#2019 = CARTESIAN_POINT ( 'NONE',  ( -6.763445381126883760, -6.753463966749090552, 12.00000000000001776 ) ) ;
#2020 = PRODUCT_RELATED_PRODUCT_CATEGORY ( 'detail', '', ( #1410 ) ) ;
#2021 = CARTESIAN_POINT ( 'NONE',  ( -2.286106919623239531, 6.903616755961531126, 12.00000000000000178 ) ) ;
#2022 = CARTESIAN_POINT ( 'NONE',  ( 11.49367088607593956, 2.000000000000000000, 8.183694709364671027 ) ) ;
#2023 = CARTESIAN_POINT ( 'NONE',  ( 6.763445381126884648, -6.753463966749099434, 12.00000000000000178 ) ) ;
#2024 = EDGE_CURVE ( 'NONE', #152, #1894, #2112, .T. ) ;
#2025 = CARTESIAN_POINT ( 'NONE',  ( 3.344043840211337049, -8.146349429696927658, 0.000000000000000000 ) ) ;
#2026 = CARTESIAN_POINT ( 'NONE',  ( 4.408389392193487133, -6.067627457811999747, 12.00000000000000000 ) ) ;
#2027 = CARTESIAN_POINT ( 'NONE',  ( 5.991008889722120756, -4.294704099293353394, -0.000000000000000000 ) ) ;
#2028 = VERTEX_POINT ( 'NONE', #1485 ) ;
#2029 = AXIS2_PLACEMENT_3D ( 'NONE', #2622, #503, #306 ) ;
#2030 = PRODUCT_DEFINITION_SHAPE ( 'NONE', 'NONE',  #2767 ) ;
#2031 = CARTESIAN_POINT ( 'NONE',  ( 8.512945476436215131, 4.345483665702673193, 12.00000000000000533 ) ) ;
#2032 = CALENDAR_DATE ( 2025, 6, 6 ) ;
#2033 = ORIENTED_EDGE ( 'NONE', *, *, #2460, .F. ) ;
#2034 = CARTESIAN_POINT ( 'NONE',  ( 2.306000219333810275, 7.693511175637102184, 12.00000000000000000 ) ) ;
#2035 = CARTESIAN_POINT ( 'NONE',  ( -6.111278549054369513, 4.468440144895414967, 11.99999999999998579 ) ) ;
#2036 = CARTESIAN_POINT ( 'NONE',  ( -2.317659613296777277, -7.207161661007002174, 11.99999999999999112 ) ) ;
#2037 = CARTESIAN_POINT ( 'NONE',  ( 6.494314511675443491, -5.139339641752596499, 0.000000000000000000 ) ) ;
#2038 = EDGE_CURVE ( 'NONE', #1538, #1698, #1903, .T. ) ;
#2039 = CIRCLE ( 'NONE', #822, 2.281000000000001027 ) ;
#2040 = CARTESIAN_POINT ( 'NONE',  ( 29.49367088607594667, 0.000000000000000000, 10.69620253164558044 ) ) ;
#2041 = CARTESIAN_POINT ( 'NONE',  ( 4.799971562413226422, -1.559605301985975245, 0.000000000000000000 ) ) ;
#2042 = ORIENTED_EDGE ( 'NONE', *, *, #1229, .F. ) ;
#2043 = CARTESIAN_POINT ( 'NONE',  ( 5.935829879567860345, 4.370651491258986887, -0.000000000000000000 ) ) ;
#2044 = APPROVAL_ROLE ( '' ) ;
#2045 = ORIENTED_EDGE ( 'NONE', *, *, #801, .T. ) ;
#2046 = LINE ( 'NONE', #349, #2075 ) ;
#2047 = CARTESIAN_POINT ( 'NONE',  ( -2.284244450223213097, 7.783358316048081704, 12.00000000000001243 ) ) ;
#2048 = CARTESIAN_POINT ( 'NONE',  ( 2.840609691912021617E-14, -5.046988775295464968, 11.99999999999996980 ) ) ;
#2049 = CARTESIAN_POINT ( 'NONE',  ( -9.441328775402105578, 1.488213670286778534, 11.99999999999998934 ) ) ;
#2050 = PRODUCT ( '\X2\57065f279f7f8f6e\X0\2', '\X2\57065f279f7f8f6e\X0\2', '', ( #2644 ) ) ;
#2051 = DIRECTION ( 'NONE',  ( 1.000000000000000000, 0.000000000000000000, 0.000000000000000000 ) ) ;
#2052 = EDGE_CURVE ( 'NONE', #2758, #2493, #408, .T. ) ;
#2053 = CARTESIAN_POINT ( 'NONE',  ( 5.752902267991022889, -0.2897712499213898063, 0.000000000000000000 ) ) ;
#2054 = CARTESIAN_POINT ( 'NONE',  ( 7.570611421465326174, -0.02292461178216047279, 0.000000000000000000 ) ) ;
#2055 = PERSON_AND_ORGANIZATION ( #2239, #516 ) ;
#2056 = VERTEX_POINT ( 'NONE', #1279 ) ;
#2057 = DIRECTION ( 'NONE',  ( -0.000000000000000000, -0.000000000000000000, -1.000000000000000000 ) ) ;
#2058 = CARTESIAN_POINT ( 'NONE',  ( 9.465876182014035578, 3.075649613638225865, 0.000000000000000000 ) ) ;
#2059 = CARTESIAN_POINT ( 'NONE',  ( -2.284244450223212208, 7.783358316048074599, 0.000000000000000000 ) ) ;
#2060 = APPROVAL_PERSON_ORGANIZATION ( #1361, #701, #2243 ) ;
#2061 = CARTESIAN_POINT ( 'NONE',  ( -8.108283999563166589, 0.2327444237725096177, 12.00000000000002309 ) ) ;
#2062 = LINE ( 'NONE', #824, #896 ) ;
#2063 = CARTESIAN_POINT ( 'NONE',  ( 2.233182759024218367, 7.975075402953396342, 12.00000000000000000 ) ) ;
#2064 = CC_DESIGN_PERSON_AND_ORGANIZATION_ASSIGNMENT ( #417, #2122, ( #1224 ) ) ;
#2065 = CARTESIAN_POINT ( 'NONE',  ( -2.322464272711822542, 6.995915273871762707, 12.00000000000000178 ) ) ;
#2066 = CALENDAR_DATE ( 2025, 6, 6 ) ;
#2067 = ADVANCED_FACE ( 'NONE', ( #631 ), #131, .T. ) ;
#2068 = CARTESIAN_POINT ( 'NONE',  ( -4.799971562413360537, -1.559605301985931058, 11.99999999999999645 ) ) ;
#2069 = ORIENTED_EDGE ( 'NONE', *, *, #168, .T. ) ;
#2070 = CARTESIAN_POINT ( 'NONE',  ( -3.006329113924055108, 2.000000000000000000, -1.803797468354420230 ) ) ;
#2071 = CARTESIAN_POINT ( 'NONE',  ( 11.49367088607593956, 13.50000000000000000, 0.6962025316455769941 ) ) ;
#2072 = LOCAL_TIME ( 16, 46, 52.00000000000000000, #435 ) ;
#2073 = DIRECTION ( 'NONE',  ( 1.000000000000000000, 0.000000000000000000, 0.000000000000000000 ) ) ;
#2074 = CARTESIAN_POINT ( 'NONE',  ( 9.465876182014008933, 3.075649613638228086, 0.000000000000000000 ) ) ;
#2075 = VECTOR ( 'NONE', #1182, 1000.000000000000000 ) ;
#2076 = VERTEX_POINT ( 'NONE', #2714 ) ;
#2077 = CARTESIAN_POINT ( 'NONE',  ( 11.99367088607593956, 2.000000000000000000, -11.80379746835441956 ) ) ;
#2078 = CIRCLE ( 'NONE', #376, 2.281000000000000139 ) ;
#2079 = CARTESIAN_POINT ( 'NONE',  ( 2.361250188460723987, 7.192995230092972037, 11.99999999999999645 ) ) ;
#2080 = CALENDAR_DATE ( 2025, 6, 6 ) ;
#2081 = EDGE_LOOP ( 'NONE', ( #1057, #1287, #1567, #204, #1090, #1581 ) ) ;
#2082 = CARTESIAN_POINT ( 'NONE',  ( -5.907343465571187835, -4.241403345709341188, 0.000000000000000000 ) ) ;
#2083 = EDGE_CURVE ( 'NONE', #841, #2258, #988, .T. ) ;
#2084 = DIRECTION ( 'NONE',  ( -0.000000000000000000, -0.000000000000000000, -1.000000000000000000 ) ) ;
#2085 = B_SPLINE_CURVE_WITH_KNOTS ( 'NONE', 1,
 ( #1098, #61 ),
 .UNSPECIFIED., .F., .F.,
 ( 2, 2 ),
 ( 0.000000000000000000, 1.000000000000000000 ),
 .UNSPECIFIED. ) ;
#2086 = LINE ( 'NONE', #1443, #196 ) ;
#2087 = CARTESIAN_POINT ( 'NONE',  ( 5.850233213782773056, -8.052155225990537346, 11.99999999999999289 ) ) ;
#2088 = DIRECTION ( 'NONE',  ( 0.000000000000000000, 0.000000000000000000, 1.000000000000000000 ) ) ;
#2089 = CIRCLE ( 'NONE', #1116, 2.281000000000000139 ) ;
#2090 = LOCAL_TIME ( 16, 46, 52.00000000000000000, #1938 ) ;
#2091 = DIRECTION ( 'NONE',  ( 0.000000000000000000, 0.000000000000000000, 1.000000000000000000 ) ) ;
#2092 = PERSON_AND_ORGANIZATION ( #2730, #1572 ) ;
#2093 = ORIENTED_EDGE ( 'NONE', *, *, #354, .F. ) ;
#2094 = CARTESIAN_POINT ( 'NONE',  ( -6.236290550841554925, -4.450965751114441815, 12.00000000000000000 ) ) ;
#2095 = CARTESIAN_POINT ( 'NONE',  ( 6.160239743473693075, 4.555640707412949908, 0.000000000000000000 ) ) ;
#2096 = AXIS2_PLACEMENT_3D ( 'NONE', #380, #836, #439 ) ;
#2097 = CARTESIAN_POINT ( 'NONE',  ( 7.493692351462871493, 4.624955478445708756, 12.00000000000000000 ) ) ;
#2098 = CARTESIAN_POINT ( 'NONE',  ( 2.208344759784729217, 8.071116819863787484, 0.000000000000000000 ) ) ;
#2099 = EDGE_LOOP ( 'NONE', ( #366, #604, #9, #2270 ) ) ;
#2100 = APPROVAL_PERSON_ORGANIZATION ( #481, #578, #509 ) ;
#2101 = ADVANCED_FACE ( 'NONE', ( #719 ), #29, .F. ) ;
#2102 = PLANE ( 'NONE',  #1408 ) ;
#2103 = VERTEX_POINT ( 'NONE', #2187 ) ;
#2104 = CARTESIAN_POINT ( 'NONE',  ( -6.696538678762608221, 4.577647825018110517, 11.99999999999999467 ) ) ;
#2105 = VERTEX_POINT ( 'NONE', #1757 ) ;
#2106 = FACE_OUTER_BOUND ( 'NONE', #1956, .T. ) ;
#2107 = VERTEX_POINT ( 'NONE', #1324 ) ;
#2108 = DIRECTION ( 'NONE',  ( 1.000000000000000000, 0.000000000000000000, 0.000000000000000000 ) ) ;
#2109 = CALENDAR_DATE ( 2025, 6, 6 ) ;
#2110 = CARTESIAN_POINT ( 'NONE',  ( 0.000000000000000000, 7.500000000000000000, 12.00000000000000000 ) ) ;
#2111 = CARTESIAN_POINT ( 'NONE',  ( 2.317644985622998366, -7.207163419353229905, 12.00000000000000178 ) ) ;
#2112 = LINE ( 'NONE', #1295, #1746 ) ;
#2113 = ADVANCED_FACE ( 'NONE', ( #1515 ), #2173, .T. ) ;
#2114 = CARTESIAN_POINT ( 'NONE',  ( -5.484842658736543974, -3.972240646507763095, 12.00000000000000000 ) ) ;
#2115 = ORIENTED_EDGE ( 'NONE', *, *, #423, .T. ) ;
#2116 = CARTESIAN_POINT ( 'NONE',  ( 2.429053010526672551, 7.266506548827921463, 0.000000000000000000 ) ) ;
#2117 = CIRCLE ( 'NONE', #2742, 2.281000000000000139 ) ;
#2118 = ORIENTED_EDGE ( 'NONE', *, *, #1484, .T. ) ;
#2119 = CARTESIAN_POINT ( 'NONE',  ( 4.493670886075944892, 2.000000000000000000, -1.803797468354420230 ) ) ;
#2120 = VERTEX_POINT ( 'NONE', #1964 ) ;
#2121 = CARTESIAN_POINT ( 'NONE',  ( 2.306000219333810275, 7.693511175637102184, 0.000000000000000000 ) ) ;
#2122 = PERSON_AND_ORGANIZATION_ROLE ( 'classification_officer' ) ;
#2123 = CARTESIAN_POINT ( 'NONE',  ( -6.714272332570422108, -5.697735100902646010, 0.000000000000000000 ) ) ;
#2124 = CARTESIAN_POINT ( 'NONE',  ( 6.422935811018238184, -4.954223950520260544, 11.99999999999999645 ) ) ;
#2125 = CARTESIAN_POINT ( 'NONE',  ( 2.208344759784729217, 8.071116819863787484, 0.000000000000000000 ) ) ;
#2126 = CARTESIAN_POINT ( 'NONE',  ( -3.344043840211338381, -8.146349429696929434, 12.00000000000000000 ) ) ;
#2127 = DIRECTION ( 'NONE',  ( 0.000000000000000000, 1.000000000000000000, 0.000000000000000000 ) ) ;
#2128 = EDGE_CURVE ( 'NONE', #844, #2107, #2457, .T. ) ;
#2129 = CARTESIAN_POINT ( 'NONE',  ( 2.957494971739786038, -7.827703132519289397, 0.000000000000000000 ) ) ;
#2130 = VERTEX_POINT ( 'NONE', #1528 ) ;
#2131 = CARTESIAN_POINT ( 'NONE',  ( -6.993672185098409599, 4.594372934942809295, 12.00000000000000000 ) ) ;
#2132 = EDGE_CURVE ( 'NONE', #1750, #411, #1994, .T. ) ;
#2133 = ORIENTED_EDGE ( 'NONE', *, *, #1375, .F. ) ;
#2134 = DIRECTION ( 'NONE',  ( 1.665334536937734811E-16, -1.000000000000000222, 1.593840474611786012E-17 ) ) ;
#2135 = CIRCLE ( 'NONE', #936, 2.281000000000000139 ) ;
#2136 = ORIENTED_EDGE ( 'NONE', *, *, #1864, .T. ) ;
#2137 = LINE ( 'NONE', #610, #314 ) ;
#2138 = CALENDAR_DATE ( 2025, 6, 6 ) ;
#2139 = CARTESIAN_POINT ( 'NONE',  ( -8.781005085690722467, 0.6630142691165634705, -0.000000000000000000 ) ) ;
#2140 = CARTESIAN_POINT ( 'NONE',  ( 11.99367088607593956, 14.00000000000000000, 8.196202531645580436 ) ) ;
#2141 = DIRECTION ( 'NONE',  ( -1.000000000000000000, 0.000000000000000000, 0.000000000000000000 ) ) ;
#2142 = CARTESIAN_POINT ( 'NONE',  ( -2.317659613296777277, -7.207161661007003062, 12.00000000000000888 ) ) ;
#2143 = CARTESIAN_POINT ( 'NONE',  ( 6.530671864760534184, -5.231638159654003140, 12.00000000000000000 ) ) ;
#2144 = CARTESIAN_POINT ( 'NONE',  ( -5.472734944175701166, 3.988905485927053185, -0.000000000000000000 ) ) ;
#2145 = LOCAL_TIME ( 16, 46, 52.00000000000000000, #1796 ) ;
#2146 = VERTEX_POINT ( 'NONE', #271 ) ;
#2147 = CARTESIAN_POINT ( 'NONE',  ( -7.661477064454913055, -0.06469268076364427522, 12.00000000000000000 ) ) ;
#2148 = SECURITY_CLASSIFICATION_LEVEL ( 'unclassified' ) ;
#2149 = CC_DESIGN_DATE_AND_TIME_ASSIGNMENT ( #2303, #162, ( #1280 ) ) ;
#2150 = APPLICATION_CONTEXT ( 'configuration controlled 3d designs of mechanical parts and assemblies' ) ;
#2151 = EDGE_LOOP ( 'NONE', ( #994, #814, #1509, #1524, #596, #1939, #1167, #2521, #2359, #1752, #1195, #1806, #911, #924, #590, #1393, #2042, #2179, #2182, #1777 ) ) ;
#2152 = VERTEX_POINT ( 'NONE', #469 ) ;
#2153 = CARTESIAN_POINT ( 'NONE',  ( 6.993672153534662428, 4.594372933012287774, 0.000000000000000000 ) ) ;
#2154 = APPLICATION_PROTOCOL_DEFINITION ( 'international standard', 'config_control_design', 1994, #1867 ) ;
#2155 = EDGE_CURVE ( 'NONE', #1241, #2595, #843, .T. ) ;
#2156 = CARTESIAN_POINT ( 'NONE',  ( -5.472734944175701166, 3.988905485927054073, 12.00000000000000000 ) ) ;
#2157 = CARTESIAN_POINT ( 'NONE',  ( 6.387725773860205791, -4.868748366796374683, 12.00000000000000000 ) ) ;
#2158 = AXIS2_PLACEMENT_3D ( 'NONE', #738, #78, #1562 ) ;
#2159 = CARTESIAN_POINT ( 'NONE',  ( 2.343103861940805110, 7.491385036312877332, 11.99999999999998934 ) ) ;
#2160 = CARTESIAN_POINT ( 'NONE',  ( -8.781005085690724243, 0.6630142691165636926, 12.00000000000000000 ) ) ;
#2161 = CARTESIAN_POINT ( 'NONE',  ( -7.132923872213531524, 2.317627457812000191, 0.000000000000000000 ) ) ;
#2162 = CARTESIAN_POINT ( 'NONE',  ( -5.935829880206394904, 4.370651491784906639, 0.000000000000000000 ) ) ;
#2163 = CARTESIAN_POINT ( 'NONE',  ( 6.763445381126885536, -6.753463966749109204, 12.00000000000000533 ) ) ;
#2164 = DIRECTION ( 'NONE',  ( 1.000000000000000000, 0.000000000000000000, 0.000000000000000000 ) ) ;
#2165 = ORIENTED_EDGE ( 'NONE', *, *, #155, .T. ) ;
#2166 = CARTESIAN_POINT ( 'NONE',  ( -1.803797468354279454, 11.99367088607558607, -12.20598196460405482 ) ) ;
#2167 = VERTEX_POINT ( 'NONE', #1770 ) ;
#2168 = CARTESIAN_POINT ( 'NONE',  ( 9.441328775402123341, 1.488213670286784307, 12.00000000000000178 ) ) ;
#2169 = DIRECTION ( 'NONE',  ( -0.000000000000000000, -0.000000000000000000, -1.000000000000000000 ) ) ;
#2170 = SHAPE_DEFINITION_REPRESENTATION ( #1185, #448 ) ;
#2171 = CARTESIAN_POINT ( 'NONE',  ( -2.880948904819276901, -7.764603424365501994, 0.000000000000000000 ) ) ;
#2172 = EDGE_CURVE ( 'NONE', #1593, #2625, #764, .T. ) ;
#2173 = PLANE ( 'NONE',  #2681 ) ;
#2174 = CARTESIAN_POINT ( 'NONE',  ( -2.322464272711823874, 6.995915273871765372, -0.000000000000000000 ) ) ;
#2175 = CARTESIAN_POINT ( 'NONE',  ( -6.160239743473717056, 4.555640707412454304, 0.000000000000000000 ) ) ;
#2176 = DIRECTION ( 'NONE',  ( 0.000000000000000000, 1.000000000000000000, 0.000000000000000000 ) ) ;
#2177 = CARTESIAN_POINT ( 'NONE',  ( 3.344043840211336605, -8.146349429696927658, 12.00000000000000000 ) ) ;
#2178 = CARTESIAN_POINT ( 'NONE',  ( 2.208344767702384193, -6.928883210750679922, 0.000000000000000000 ) ) ;
#2179 = ORIENTED_EDGE ( 'NONE', *, *, #2320, .F. ) ;
#2180 =( NAMED_UNIT ( * ) PLANE_ANGLE_UNIT ( ) SI_UNIT ( $, .RADIAN. ) );
#2181 = AXIS2_PLACEMENT_3D ( 'NONE', #2211, #1125, #1765 ) ;
#2182 = ORIENTED_EDGE ( 'NONE', *, *, #555, .F. ) ;
#2183 = CARTESIAN_POINT ( 'NONE',  ( -6.494314511372127896, -5.139339640982587554, -0.000000000000000000 ) ) ;
#2184 = DIRECTION ( 'NONE',  ( 0.000000000000000000, 0.000000000000000000, -1.000000000000000000 ) ) ;
#2185 = DATE_AND_TIME ( #1898, #1029 ) ;
#2186 = CARTESIAN_POINT ( 'NONE',  ( -2.317659613296775500, -7.207161661006985298, 0.000000000000000000 ) ) ;
#2187 = CARTESIAN_POINT ( 'NONE',  ( 4.493670886075944892, 13.50000000000000000, -8.418175746015899463 ) ) ;
#2188 = CC_DESIGN_PERSON_AND_ORGANIZATION_ASSIGNMENT ( #413, #619, ( #1462 ) ) ;
#2189 = CARTESIAN_POINT ( 'NONE',  ( -6.772155392964800846, -0.01029943717862169192, 0.000000000000000000 ) ) ;
#2190 = ADVANCED_FACE ( 'NONE', ( #453 ), #237, .F. ) ;
#2191 = CARTESIAN_POINT ( 'NONE',  ( 8.029557193585688424, 0.1842891645098989895, 0.000000000000000000 ) ) ;
#2192 = DIRECTION ( 'NONE',  ( 1.000000000000000000, 0.000000000000000000, -0.000000000000000000 ) ) ;
#2193 = AXIS2_PLACEMENT_3D ( 'NONE', #1130, #1309, #660 ) ;
#2194 = CARTESIAN_POINT ( 'NONE',  ( -2.317659613296776389, -7.207161661006991515, 0.000000000000000000 ) ) ;
#2195 = CARTESIAN_POINT ( 'NONE',  ( 0.9936708860759440043, 13.50000000000000000, 10.69720253164557988 ) ) ;
#2196 = ORIENTED_EDGE ( 'NONE', *, *, #2408, .F. ) ;
#2197 = LOCAL_TIME ( 16, 46, 52.00000000000000000, #1809 ) ;
#2198 = VERTEX_POINT ( 'NONE', #2377 ) ;
#2199 = CARTESIAN_POINT ( 'NONE',  ( -1.502155732314624625, -5.560879430289272563, 12.00000000000000355 ) ) ;
#2200 = CALENDAR_DATE ( 2025, 6, 6 ) ;
#2201 = CARTESIAN_POINT ( 'NONE',  ( 6.494314511675443491, -5.139339641752596499, 0.000000000000000000 ) ) ;
#2202 = CARTESIAN_POINT ( 'NONE',  ( 4.408389392193487133, -6.067627457811999747, 0.000000000000000000 ) ) ;
#2203 = CARTESIAN_POINT ( 'NONE',  ( -2.343130036895798352, 7.491379238793244966, 0.000000000000000000 ) ) ;
#2204 = CARTESIAN_POINT ( 'NONE',  ( -20.50632911392404623, 0.000000000000000000, 10.69620253164558044 ) ) ;
#2205 = CARTESIAN_POINT ( 'NONE',  ( -7.661477064454913055, -0.06469268076364427522, 12.00000000000000000 ) ) ;
#2206 = EDGE_CURVE ( 'NONE', #2566, #264, #1715, .T. ) ;
#2207 = CARTESIAN_POINT ( 'NONE',  ( -3.344043840211338381, -8.146349429696929434, 12.00000000000000000 ) ) ;
#2208 = CC_DESIGN_APPROVAL ( #292, ( #1934 ) ) ;
#2209 = ORIENTED_EDGE ( 'NONE', *, *, #313, .F. ) ;
#2210 = VECTOR ( 'NONE', #1585, 1000.000000000000000 ) ;
#2211 = CARTESIAN_POINT ( 'NONE',  ( 11.99367088607593956, 14.00000000000000000, -1.803797468354420230 ) ) ;
#2212 = CARTESIAN_POINT ( 'NONE',  ( -4.824518969025146653, -3.147041245337471871, 0.000000000000000000 ) ) ;
#2213 = PERSON_AND_ORGANIZATION_ROLE ( 'creator' ) ;
#2214 = CIRCLE ( 'NONE', #1589, 2.281000000000000139 ) ;
#2215 = CARTESIAN_POINT ( 'NONE',  ( -2.726950651943745196, -7.639514351464529618, 11.99999999999998224 ) ) ;
#2216 = CARTESIAN_POINT ( 'NONE',  ( 11.99367088607593956, 2.000000000000000000, -1.803797468354420230 ) ) ;
#2217 = CARTESIAN_POINT ( 'NONE',  ( -5.850233213782795261, -8.052155225990542675, 12.00000000000001776 ) ) ;
#2218 = CARTESIAN_POINT ( 'NONE',  ( 9.465876182014008933, 3.075649613638228086, 0.000000000000000000 ) ) ;
#2219 = CARTESIAN_POINT ( 'NONE',  ( -6.111278549054373954, 4.468440144895413191, 0.000000000000000000 ) ) ;
#2220 = CARTESIAN_POINT ( 'NONE',  ( 6.993672153534657987, 4.594372933012287774, 0.000000000000000000 ) ) ;
#2221 = CARTESIAN_POINT ( 'NONE',  ( -20.50632911392404623, 15.00000000000000000, -14.30379746835441956 ) ) ;
#2222 = CARTESIAN_POINT ( 'NONE',  ( -4.799971562413356985, -1.559605301985927950, 0.000000000000000000 ) ) ;
#2223 = VERTEX_POINT ( 'NONE', #484 ) ;
#2224 = EDGE_CURVE ( 'NONE', #897, #2120, #1219, .T. ) ;
#2225 = B_SPLINE_CURVE_WITH_KNOTS ( 'NONE', 3,
 ( #1133, #1118, #1759, #1069 ),
 .UNSPECIFIED., .F., .F.,
 ( 4, 4 ),
 ( 0.000000000000000000, 1.170086868559491178 ),
 .UNSPECIFIED. ) ;
#2226 = ORIENTED_EDGE ( 'NONE', *, *, #1079, .T. ) ;
#2227 = CARTESIAN_POINT ( 'NONE',  ( 8.274838854007532163, 0.3405508158861603740, 12.00000000000000000 ) ) ;
#2228 = PERSON_AND_ORGANIZATION_ROLE ( 'design_owner' ) ;
#2229 = EDGE_CURVE ( 'NONE', #2545, #2740, #2085, .T. ) ;
#2230 = CARTESIAN_POINT ( 'NONE',  ( 5.850233213782781938, -8.052155225990524912, 0.000000000000000000 ) ) ;
#2231 = CARTESIAN_POINT ( 'NONE',  ( -2.208344767702428602, 8.071116789248321766, 0.000000000000000000 ) ) ;
#2232 = CARTESIAN_POINT ( 'NONE',  ( -8.108283999563168365, 0.2327444237725095899, 0.000000000000000000 ) ) ;
#2233 = CARTESIAN_POINT ( 'NONE',  ( 1.502155732314772951, -5.560879430289009662, 12.00000000000001954 ) ) ;
#2234 = CARTESIAN_POINT ( 'NONE',  ( -5.484842658736537757, -3.972240646507759099, 12.00000000000000000 ) ) ;
#2235 = CARTESIAN_POINT ( 'NONE',  ( 11.49367088607593956, 2.000000000000000000, 0.6962025316455769941 ) ) ;
#2236 = CARTESIAN_POINT ( 'NONE',  ( 6.714272332570424773, -5.697735100902651340, -0.000000000000000000 ) ) ;
#2237 = VERTEX_POINT ( 'NONE', #918 ) ;
#2238 = AXIS2_PLACEMENT_3D ( 'NONE', #255, #2620, #75 ) ;
#2239 = PERSON ( 'æœª', 'æœª', 'æœª', ('æœª'), ('æœª'), ('æœª') ) ;
#2240 = B_SPLINE_CURVE_WITH_KNOTS ( 'NONE', 3,
 ( #2345, #2763, #386, #1688 ),
 .UNSPECIFIED., .F., .F.,
 ( 4, 4 ),
 ( 0.000000000000000000, 1.170086868559718551 ),
 .UNSPECIFIED. ) ;
#2241 = PRODUCT_RELATED_PRODUCT_CATEGORY ( 'detail', '', ( #2471 ) ) ;
#2242 = CARTESIAN_POINT ( 'NONE',  ( 2.102506451816423816, 6.437519814721499145, 12.00000000000000000 ) ) ;
#2243 = APPROVAL_ROLE ( '' ) ;
#2244 = ORIENTED_EDGE ( 'NONE', *, *, #1011, .F. ) ;
#2245 = CARTESIAN_POINT ( 'NONE',  ( 7.661477064454585317, -0.06469268076317491456, 0.000000000000000000 ) ) ;
#2246 = EDGE_CURVE ( 'NONE', #2493, #1020, #867, .T. ) ;
#2247 = CARTESIAN_POINT ( 'NONE',  ( -2.602085213965210642E-15, 9.953011224704631843, 12.00000000000000178 ) ) ;
#2248 = CARTESIAN_POINT ( 'NONE',  ( 4.483872434540841390, 3.615900976672866474, 0.000000000000000000 ) ) ;
#2249 = ADVANCED_BREP_SHAPE_REPRESENTATION ( '', ( #807, #287 ), #1483 ) ;
#2250 = CARTESIAN_POINT ( 'NONE',  ( -4.332906349846329164, -8.519353938951391925, 12.00000000000001776 ) ) ;
#2251 = CARTESIAN_POINT ( 'NONE',  ( -3.006329113924055108, 2.000000000000000000, -1.803797468354420230 ) ) ;
#2252 = CARTESIAN_POINT ( 'NONE',  ( 6.138221854008099498, -4.431360712238819666, 0.000000000000000000 ) ) ;
#2253 = VERTEX_POINT ( 'NONE', #2140 ) ;
#2254 = AXIS2_PLACEMENT_3D ( 'NONE', #802, #1839, #1236 ) ;
#2255 = PRODUCT_DEFINITION_SHAPE ( 'NONE', 'NONE',  #865 ) ;
#2256 = CARTESIAN_POINT ( 'NONE',  ( 6.894656006666345149, 4.588316846032622465, 0.000000000000000000 ) ) ;
#2257 = PERSON_AND_ORGANIZATION_ROLE ( 'creator' ) ;
#2258 = VERTEX_POINT ( 'NONE', #707 ) ;
#2259 = CARTESIAN_POINT ( 'NONE',  ( -3.006329113924055108, 2.000000000000000000, -1.803797468354420230 ) ) ;
#2260 = CARTESIAN_POINT ( 'NONE',  ( -2.082915758131234085, 8.556114783037310545, 12.00000000000000000 ) ) ;
#2261 = ADVANCED_FACE ( 'NONE', ( #497 ), #1724, .T. ) ;
#2262 = CARTESIAN_POINT ( 'NONE',  ( 5.935829879567855016, 4.370651491258982446, -0.000000000000000000 ) ) ;
#2263 = CARTESIAN_POINT ( 'NONE',  ( 5.991008889722119868, -4.294704099293352506, -0.000000000000000000 ) ) ;
#2264 = AXIS2_PLACEMENT_3D ( 'NONE', #1259, #799, #2713 ) ;
#2265 = DIRECTION ( 'NONE',  ( 0.000000000000000000, -1.000000000000000000, 0.000000000000000000 ) ) ;
#2266 = CARTESIAN_POINT ( 'NONE',  ( 2.966545570604290027, 4.083099689633559848, 12.00000000000002132 ) ) ;
#2267 = B_SPLINE_CURVE_WITH_KNOTS ( 'NONE', 3,
 ( #559, #1577, #2467, #710 ),
 .UNSPECIFIED., .F., .F.,
 ( 4, 4 ),
 ( 0.000000000000000000, 1.170086868559555127 ),
 .UNSPECIFIED. ) ;
#2268 = CARTESIAN_POINT ( 'NONE',  ( 6.138221854008099498, -4.431360712238819666, 0.000000000000000000 ) ) ;
#2269 = CALENDAR_DATE ( 2025, 6, 6 ) ;
#2270 = ORIENTED_EDGE ( 'NONE', *, *, #1245, .F. ) ;
#2271 = CYLINDRICAL_SURFACE ( 'NONE', #781, 10.00000000000000000 ) ;
#2272 = CARTESIAN_POINT ( 'NONE',  ( 5.859283812879628961, 4.307551783296653447, 12.00000000000000178 ) ) ;
#2273 = CARTESIAN_POINT ( 'NONE',  ( 6.422935811018238184, -4.954223950520260544, 11.99999999999999645 ) ) ;
#2274 = CARTESIAN_POINT ( 'NONE',  ( 2.880948904180684167, -7.764603423839084861, -0.000000000000000000 ) ) ;
#2275 = CC_DESIGN_PERSON_AND_ORGANIZATION_ASSIGNMENT ( #358, #382, ( #1751 ) ) ;
#2276 = CARTESIAN_POINT ( 'NONE',  ( 8.029557193585688424, 0.1842891645098989895, 12.00000000000000000 ) ) ;
#2277 = CIRCLE ( 'NONE', #713, 2.281000000000000139 ) ;
#2278 = EDGE_CURVE ( 'NONE', #634, #1894, #1785, .T. ) ;
#2279 = CARTESIAN_POINT ( 'NONE',  ( 6.696543290711870711, 4.577635562164167560, 11.99999999999998934 ) ) ;
#2280 = B_SPLINE_CURVE_WITH_KNOTS ( 'NONE', 3,
 ( #1217, #1231, #818, #1060 ),
 .UNSPECIFIED., .F., .F.,
 ( 4, 4 ),
 ( 0.000000000000000000, 1.170086868559845339 ),
 .UNSPECIFIED. ) ;
#2281 = CARTESIAN_POINT ( 'NONE',  ( 8.108287476342527000, 0.2327317920795229922, 0.000000000000000000 ) ) ;
#2282 = PERSON_AND_ORGANIZATION ( #2239, #516 ) ;
#2283 = CARTESIAN_POINT ( 'NONE',  ( -7.848792042523773382, 0.08651440597800413856, 12.00000000000000355 ) ) ;
#2284 = ORIENTED_EDGE ( 'NONE', *, *, #1576, .T. ) ;
#2285 = FACE_OUTER_BOUND ( 'NONE', #727, .T. ) ;
#2286 = DIRECTION ( 'NONE',  ( 1.000000000000000000, 0.000000000000000000, 0.000000000000000000 ) ) ;
#2287 = LOCAL_TIME ( 16, 46, 52.00000000000000000, #59 ) ;
#2288 = CARTESIAN_POINT ( 'NONE',  ( 6.422935811018229302, -4.954223950520262321, 0.000000000000000000 ) ) ;
#2289 = CARTESIAN_POINT ( 'NONE',  ( 4.408389392193487133, -6.067627457811999747, 0.000000000000000000 ) ) ;
#2290 = APPROVAL ( #1739, 'æœª' ) ;
#2291 = CARTESIAN_POINT ( 'NONE',  ( 2.053333403260017676, 5.381790948875003089, 0.000000000000000000 ) ) ;
#2292 = DATE_AND_TIME ( #770, #1 ) ;
#2293 = ORIENTED_EDGE ( 'NONE', *, *, #1878, .T. ) ;
#2294 = CARTESIAN_POINT ( 'NONE',  ( -6.530671864687544570, -5.231638159468708693, 12.00000000000000000 ) ) ;
#2295 = CARTESIAN_POINT ( 'NONE',  ( 2.208344759784730105, 8.071116819863791036, 0.000000000000000000 ) ) ;
#2296 = AXIS2_PLACEMENT_3D ( 'NONE', #2612, #2400, #492 ) ;
#2297 = CARTESIAN_POINT ( 'NONE',  ( 2.082915758131233641, 8.556114783037310545, 0.000000000000000000 ) ) ;
#2298 = CARTESIAN_POINT ( 'NONE',  ( 7.371191738586973408, -0.04693806964190170433, 0.000000000000000000 ) ) ;
#2299 = ORIENTED_EDGE ( 'NONE', *, *, #942, .T. ) ;
#2300 = CARTESIAN_POINT ( 'NONE',  ( -3.006329113924055108, 14.00000000000000000, 8.196202531645580436 ) ) ;
#2301 = AXIS2_PLACEMENT_3D ( 'NONE', #200, #171, #1671 ) ;
#2302 = FACE_OUTER_BOUND ( 'NONE', #281, .T. ) ;
#2303 = DATE_AND_TIME ( #573, #401 ) ;
#2304 = CC_DESIGN_PERSON_AND_ORGANIZATION_ASSIGNMENT ( #1526, #2375, ( #2471 ) ) ;
#2305 = ORIENTED_EDGE ( 'NONE', *, *, #946, .T. ) ;
#2306 = CARTESIAN_POINT ( 'NONE',  ( -6.530671864760560830, -5.231638159654074194, 11.99999999999999822 ) ) ;
#2307 = CARTESIAN_POINT ( 'NONE',  ( 29.49367088607594667, 15.00000000000000000, -14.30379746835441956 ) ) ;
#2308 = CARTESIAN_POINT ( 'NONE',  ( -6.938893903907228378E-15, 9.953011224704635396, 0.000000000000000000 ) ) ;
#2309 = CARTESIAN_POINT ( 'NONE',  ( 2.726939712873765131, -7.639521561486025902, 12.00000000000001243 ) ) ;
#2310 = DIRECTION ( 'NONE',  ( 0.000000000000000000, 0.000000000000000000, 1.000000000000000000 ) ) ;
#2311 = CIRCLE ( 'NONE', #2448, 2.280999999999999250 ) ;
#2312 = ORIENTED_EDGE ( 'NONE', *, *, #2320, .T. ) ;
#2313 = CARTESIAN_POINT ( 'NONE',  ( 2.284257538061051473, 7.783357719253970686, 0.000000000000000000 ) ) ;
#2314 = VERTEX_POINT ( 'NONE', #1293 ) ;
#2315 = CARTESIAN_POINT ( 'NONE',  ( 8.358504278684787181, 0.3938515698058769887, 12.00000000000000000 ) ) ;
#2316 = ORIENTED_EDGE ( 'NONE', *, *, #1450, .T. ) ;
#2317 = CARTESIAN_POINT ( 'NONE',  ( -2.208344767702428602, 8.071116789248321766, 0.000000000000000000 ) ) ;
#2318 = VECTOR ( 'NONE', #2558, 1000.000000000000000 ) ;
#2319 = DIRECTION ( 'NONE',  ( 0.000000000000000000, 1.000000000000000000, 0.000000000000000000 ) ) ;
#2320 = EDGE_CURVE ( 'NONE', #1059, #1071, #2559, .T. ) ;
#2321 = CARTESIAN_POINT ( 'NONE',  ( 4.824518969025301196, -3.147041245337504289, 11.99999999999998579 ) ) ;
#2322 = CC_DESIGN_APPROVAL ( #1983, ( #1615 ) ) ;
#2323 = CARTESIAN_POINT ( 'NONE',  ( 7.661477064454585317, -0.06469268076317491456, 12.00000000000000000 ) ) ;
#2324 = CARTESIAN_POINT ( 'NONE',  ( -9.465876182014010709, 3.075649613638217428, 11.99999999999996625 ) ) ;
#2325 = ORIENTED_EDGE ( 'NONE', *, *, #1786, .T. ) ;
#2326 = PLANE ( 'NONE',  #2301 ) ;
#2327 = DATE_AND_TIME ( #1672, #2090 ) ;
#2328 = ORIENTED_EDGE ( 'NONE', *, *, #1041, .T. ) ;
#2329 = ORIENTED_EDGE ( 'NONE', *, *, #89, .F. ) ;
#2330 = DIRECTION ( 'NONE',  ( 1.000000000000000000, 0.000000000000000000, 0.000000000000000000 ) ) ;
#2331 = APPROVAL_STATUS ( 'not_yet_approved' ) ;
#2332 = CARTESIAN_POINT ( 'NONE',  ( -5.935829880206402009, 4.370651491784913745, 0.000000000000000000 ) ) ;
#2333 = CARTESIAN_POINT ( 'NONE',  ( -2.082915758131141715, -6.443885216963101570, 12.00000000000000000 ) ) ;
#2334 = EDGE_CURVE ( 'NONE', #2314, #759, #514, .T. ) ;
#2335 = EDGE_CURVE ( 'NONE', #2223, #414, #153, .T. ) ;
#2336 = DIRECTION ( 'NONE',  ( 0.000000000000000000, -1.000000000000000000, 0.000000000000000000 ) ) ;
#2337 = CARTESIAN_POINT ( 'NONE',  ( -4.483872434540642438, 3.615900976672627554, 0.000000000000000000 ) ) ;
#2338 = EDGE_CURVE ( 'NONE', #2667, #41, #1225, .T. ) ;
#2339 = DIRECTION ( 'NONE',  ( -0.000000000000000000, -0.000000000000000000, -1.000000000000000000 ) ) ;
#2340 = CARTESIAN_POINT ( 'NONE',  ( -5.752902267991386154, -0.2897712499215123749, 11.99999999999999289 ) ) ;
#2341 = ORIENTED_EDGE ( 'NONE', *, *, #2083, .T. ) ;
#2342 = CARTESIAN_POINT ( 'NONE',  ( -20.50632911392404623, 0.000000000000000000, -14.30379746835441956 ) ) ;
#2343 = EDGE_LOOP ( 'NONE', ( #2722, #445, #1107, #2045, #969, #227, #1926, #24, #2747, #2627, #524, #2015, #1247, #805, #110, #1032, #1272, #1374, #1405, #1682 ) ) ;
#2344 = ORIENTED_EDGE ( 'NONE', *, *, #580, .F. ) ;
#2345 = CARTESIAN_POINT ( 'NONE',  ( 7.272175591122630678, -0.04088198262578426195, 12.00000000000000178 ) ) ;
#2346 = PERSON_AND_ORGANIZATION ( #2239, #516 ) ;
#2347 = CARTESIAN_POINT ( 'NONE',  ( -8.512945476436211578, 4.345483665702677634, 11.99999999999999822 ) ) ;
#2348 = CARTESIAN_POINT ( 'NONE',  ( 5.752902267991030882, -0.2897712499213903614, 11.99999999999999822 ) ) ;
#2349 = CARTESIAN_POINT ( 'NONE',  ( -2.284244450223212208, 7.783358316048074599, 0.000000000000000000 ) ) ;
#2350 = CC_DESIGN_DATE_AND_TIME_ASSIGNMENT ( #1819, #758, ( #1615 ) ) ;
#2351 = CARTESIAN_POINT ( 'NONE',  ( -8.274838854705524938, 0.3405508163308300085, 0.000000000000000000 ) ) ;
#2352 = CARTESIAN_POINT ( 'NONE',  ( 7.661477064454585317, -0.06469268076317491456, 0.000000000000000000 ) ) ;
#2353 = CARTESIAN_POINT ( 'NONE',  ( -2.966545570604167903, 4.083099689633610474, 0.000000000000000000 ) ) ;
#2354 = EDGE_CURVE ( 'NONE', #1717, #1456, #88, .T. ) ;
#2355 = ORIENTED_EDGE ( 'NONE', *, *, #2246, .T. ) ;
#2356 = CARTESIAN_POINT ( 'NONE',  ( -2.306000219333798729, 7.693511175637147481, 0.000000000000000000 ) ) ;
#2357 = EDGE_LOOP ( 'NONE', ( #2069, #1882, #2329, #1619 ) ) ;
#2358 = VECTOR ( 'NONE', #1036, 1000.000000000000000 ) ;
#2359 = ORIENTED_EDGE ( 'NONE', *, *, #993, .F. ) ;
#2360 = DIRECTION ( 'NONE',  ( -0.000000000000000000, -0.000000000000000000, -1.000000000000000000 ) ) ;
#2361 = CALENDAR_DATE ( 2025, 6, 6 ) ;
#2362 = CARTESIAN_POINT ( 'NONE',  ( -7.493692351462883039, 4.624955478445708756, 12.00000000000000000 ) ) ;
#2363 = CARTESIAN_POINT ( 'NONE',  ( 6.236290550841929736, -4.450965751114215330, 12.00000000000000000 ) ) ;
#2364 = CARTESIAN_POINT ( 'NONE',  ( -6.298936487484960267, -4.683415911144960475, 0.000000000000000000 ) ) ;
#2365 = CARTESIAN_POINT ( 'NONE',  ( -5.935829880206394904, 4.370651491784906639, 0.000000000000000000 ) ) ;
#2366 = CARTESIAN_POINT ( 'NONE',  ( -6.993672153534657099, 4.594372933012287774, 0.000000000000000000 ) ) ;
#2367 = CARTESIAN_POINT ( 'NONE',  ( -6.763445381126882872, -6.753463966749075453, 11.99999999999998046 ) ) ;
#2368 = CARTESIAN_POINT ( 'NONE',  ( 7.371191738586973408, -0.04693806964190170433, 12.00000000000000000 ) ) ;
#2369 = CARTESIAN_POINT ( 'NONE',  ( 4.493670886075944892, 2.000000000000000000, -8.418175746015899463 ) ) ;
#2370 = ORIENTED_EDGE ( 'NONE', *, *, #580, .T. ) ;
#2371 = EDGE_CURVE ( 'NONE', #159, #83, #1278, .T. ) ;
#2372 =( NAMED_UNIT ( * ) PLANE_ANGLE_UNIT ( ) SI_UNIT ( $, .RADIAN. ) );
#2373 = ORIENTED_EDGE ( 'NONE', *, *, #2246, .F. ) ;
#2374 = FACE_OUTER_BOUND ( 'NONE', #2564, .T. ) ;
#2375 = PERSON_AND_ORGANIZATION_ROLE ( 'design_owner' ) ;
#2376 = CARTESIAN_POINT ( 'NONE',  ( -8.108283999563166589, 0.2327444237725096177, 12.00000000000002309 ) ) ;
#2377 = CARTESIAN_POINT ( 'NONE',  ( 6.993672153534662428, 4.594372933012287774, 0.000000000000000000 ) ) ;
#2378 = AXIS2_PLACEMENT_3D ( 'NONE', #2251, #2454, #2424 ) ;
#2379 = CARTESIAN_POINT ( 'NONE',  ( 6.696543290711865382, 4.577635562164167560, 12.00000000000000355 ) ) ;
#2380 = CARTESIAN_POINT ( 'NONE',  ( -2.082915758131233197, 8.556114783037314098, -0.000000000000000000 ) ) ;
#2381 = PLANE ( 'NONE',  #425 ) ;
#2382 = DIRECTION ( 'NONE',  ( 1.000000000000000000, 0.000000000000000000, 0.000000000000000000 ) ) ;
#2383 = CARTESIAN_POINT ( 'NONE',  ( -6.138228046494666579, -4.431347343853155429, 0.000000000000000000 ) ) ;
#2384 = CARTESIAN_POINT ( 'NONE',  ( -2.208344767702430822, 8.071116789248312884, 12.00000000000000000 ) ) ;
#2385 = ORIENTED_EDGE ( 'NONE', *, *, #1642, .F. ) ;
#2386 = CC_DESIGN_DATE_AND_TIME_ASSIGNMENT ( #1078, #451, ( #520 ) ) ;
#2387 = ORIENTED_EDGE ( 'NONE', *, *, #1626, .T. ) ;
#2388 = CARTESIAN_POINT ( 'NONE',  ( 2.317644985622995257, -7.207163419353227241, 11.99999999999999289 ) ) ;
#2389 = FACE_OUTER_BOUND ( 'NONE', #2151, .T. ) ;
#2390 = APPROVAL_ROLE ( '' ) ;
#2391 = AXIS2_PLACEMENT_3D ( 'NONE', #698, #2594, #894 ) ;
#2392 = CARTESIAN_POINT ( 'NONE',  ( -1.502155732314618630, 9.439120569711043629, 12.00000000000001599 ) ) ;
#2393 = CARTESIAN_POINT ( 'NONE',  ( 4.408389392193384992, 6.067627457812251102, 12.00000000000000000 ) ) ;
#2394 = CARTESIAN_POINT ( 'NONE',  ( 5.935829879567858569, 4.370651491258985111, 12.00000000000000000 ) ) ;
#2395 = CARTESIAN_POINT ( 'NONE',  ( 6.530671864760534184, -5.231638159654003140, 12.00000000000000000 ) ) ;
#2396 = DIRECTION ( 'NONE',  ( 0.000000000000000000, 0.000000000000000000, 1.000000000000000000 ) ) ;
#2397 = CARTESIAN_POINT ( 'NONE',  ( -2.880948904819274681, -7.764603424365499329, 0.000000000000000000 ) ) ;
#2398 = CARTESIAN_POINT ( 'NONE',  ( 8.358504278852747049, 0.3938515699128781189, 0.000000000000000000 ) ) ;
#2399 = ORIENTED_EDGE ( 'NONE', *, *, #407, .F. ) ;
#2400 = DIRECTION ( 'NONE',  ( 0.000000000000000000, 0.000000000000000000, 1.000000000000000000 ) ) ;
#2401 = LINE ( 'NONE', #1134, #1240 ) ;
#2402 = CARTESIAN_POINT ( 'NONE',  ( 6.714272332570423885, -5.697735100902650451, 12.00000000000000000 ) ) ;
#2404 = DIRECTION ( 'NONE',  ( 1.000000000000000000, 0.000000000000000000, 0.000000000000000000 ) ) ;
#2403 = CC_DESIGN_APPROVAL ( #164, ( #1362 ) ) ;
#2405 = DATE_AND_TIME ( #526, #2145 ) ;
#2406 = CARTESIAN_POINT ( 'NONE',  ( -6.494314511372124343, -5.139339640982581336, -0.000000000000000000 ) ) ;
#2407 = DIRECTION ( 'NONE',  ( 1.000000000000000000, 0.000000000000000000, 0.000000000000000000 ) ) ;
#2408 = EDGE_CURVE ( 'NONE', #2642, #2076, #873, .T. ) ;
#2409 = B_SPLINE_CURVE_WITH_KNOTS ( 'NONE', 3,
 ( #1171, #102, #175, #2294 ),
 .UNSPECIFIED., .F., .F.,
 ( 4, 4 ),
 ( 0.000000000000000000, 1.170086868559611526 ),
 .UNSPECIFIED. ) ;
#2410 = CARTESIAN_POINT ( 'NONE',  ( 2.233182759024220143, 7.975075402953391013, 11.99999999999999822 ) ) ;
#2411 = DIRECTION ( 'NONE',  ( 0.000000000000000000, 1.000000000000000000, 0.000000000000000000 ) ) ;
#2412 = CARTESIAN_POINT ( 'NONE',  ( -7.272175590768164000, -0.04088198260448330790, 11.99999999999999645 ) ) ;
#2413 = CARTESIAN_POINT ( 'NONE',  ( 6.422935811018236407, -4.954223950520269426, 11.99999999999999645 ) ) ;
#2414 = ORIENTED_EDGE ( 'NONE', *, *, #274, .F. ) ;
#2415 = LOCAL_TIME ( 16, 46, 52.00000000000000000, #371 ) ;
#2416 = ORIENTED_EDGE ( 'NONE', *, *, #2128, .T. ) ;
#2417 = CARTESIAN_POINT ( 'NONE',  ( 5.850233213782775721, -8.052155225990523135, 11.99999999999999645 ) ) ;
#2418 = COORDINATED_UNIVERSAL_TIME_OFFSET ( 8, 0, .AHEAD. ) ;
#2419 = CARTESIAN_POINT ( 'NONE',  ( -5.752902267991376384, -0.2897712499215156501, 11.99999999999997513 ) ) ;
#2420 = CARTESIAN_POINT ( 'NONE',  ( -7.661477064454913055, -0.06469268076364427522, 0.000000000000000000 ) ) ;
#2421 = CARTESIAN_POINT ( 'NONE',  ( 5.991008889722119868, -4.294704099293352506, -0.000000000000000000 ) ) ;
#2422 = CARTESIAN_POINT ( 'NONE',  ( -9.441328775402123341, 1.488213670286770540, 0.000000000000000000 ) ) ;
#2423 = EDGE_CURVE ( 'NONE', #1346, #1922, #2046, .T. ) ;
#2424 = DIRECTION ( 'NONE',  ( 0.000000000000000000, 0.000000000000000000, 1.000000000000000000 ) ) ;
#2425 = CARTESIAN_POINT ( 'NONE',  ( -2.286106919623239531, 6.903616755961531126, 12.00000000000000178 ) ) ;
#2426 = EDGE_CURVE ( 'NONE', #608, #1061, #2013, .T. ) ;
#2427 = CARTESIAN_POINT ( 'NONE',  ( -6.714272332570423885, -5.697735100902650451, 0.000000000000000000 ) ) ;
#2428 = APPROVAL_PERSON_ORGANIZATION ( #1307, #292, #1541 ) ;
#2429 = ORIENTED_EDGE ( 'NONE', *, *, #1264, .T. ) ;
#2430 = VECTOR ( 'NONE', #1741, 1000.000000000000000 ) ;
#2431 = ORIENTED_EDGE ( 'NONE', *, *, #685, .T. ) ;
#2432 = CARTESIAN_POINT ( 'NONE',  ( 2.880948904180683279, -7.764603423839081309, 11.99999999999999822 ) ) ;
#2433 = SHAPE_DEFINITION_REPRESENTATION ( #2255, #1479 ) ;
#2434 = AXIS2_PLACEMENT_3D ( 'NONE', #396, #2091, #22 ) ;
#2435 = CARTESIAN_POINT ( 'NONE',  ( -5.991008890419743160, -4.294704099738190450, 12.00000000000000000 ) ) ;
#2436 = CARTESIAN_POINT ( 'NONE',  ( -20.50632911392404623, 0.000000000000000000, -14.30379746835441956 ) ) ;
#2437 = CARTESIAN_POINT ( 'NONE',  ( -6.772155392964799958, -0.01029943717862171447, 12.00000000000000000 ) ) ;
#2438 = CARTESIAN_POINT ( 'NONE',  ( 4.824518969025303861, -3.147041245337514948, 0.000000000000000000 ) ) ;
#2439 = CARTESIAN_POINT ( 'NONE',  ( 1.502155732314765624, -5.560879430288991898, 0.000000000000000000 ) ) ;
#2440 = DIRECTION ( 'NONE',  ( 1.000000000000000000, 0.000000000000000000, 0.000000000000000000 ) ) ;
#2441 = CC_DESIGN_PERSON_AND_ORGANIZATION_ASSIGNMENT ( #1404, #2721, ( #1410 ) ) ;
#2442 = CARTESIAN_POINT ( 'NONE',  ( 2.322464273014720249, 6.995915274641615333, 12.00000000000000000 ) ) ;
#2443 = ORIENTED_EDGE ( 'NONE', *, *, #2596, .F. ) ;
#2444 = EDGE_CURVE ( 'NONE', #753, #1846, #338, .T. ) ;
#2445 = CARTESIAN_POINT ( 'NONE',  ( -5.752902267991392371, -0.2897712499215197579, 0.000000000000000000 ) ) ;
#2446 = APPLICATION_PROTOCOL_DEFINITION ( 'international standard', 'config_control_design', 1994, #437 ) ;
#2447 = ORIENTED_EDGE ( 'NONE', *, *, #1212, .F. ) ;
#2448 = AXIS2_PLACEMENT_3D ( 'NONE', #1791, #1775, #2382 ) ;
#2449 = DIRECTION ( 'NONE',  ( 1.000000000000000000, 0.000000000000000000, 0.000000000000000000 ) ) ;
#2450 = CARTESIAN_POINT ( 'NONE',  ( -2.361237320893931013, 7.193002405491952800, 12.00000000000001599 ) ) ;
#2451 = PRODUCT_DEFINITION_SHAPE ( 'NONE', 'NONE',  #1814 ) ;
#2452 = CARTESIAN_POINT ( 'NONE',  ( 4.799971562413223758, -1.559605301985985903, 0.000000000000000000 ) ) ;
#2453 = CARTESIAN_POINT ( 'NONE',  ( -7.493692351462883039, 4.624955478445708756, 12.00000000000000000 ) ) ;
#2454 = DIRECTION ( 'NONE',  ( 0.000000000000000000, 1.000000000000000000, 0.000000000000000000 ) ) ;
#2455 = CARTESIAN_POINT ( 'NONE',  ( 7.493692351462880374, 4.624955478445709645, 12.00000000000000000 ) ) ;
#2456 = ORIENTED_EDGE ( 'NONE', *, *, #2596, .T. ) ;
#2457 = CIRCLE ( 'NONE', #2193, 2.281000000000000139 ) ;
#2458 = CARTESIAN_POINT ( 'NONE',  ( 6.763445381126877542, -6.753463966749102099, 0.000000000000000000 ) ) ;
#2459 = SECURITY_CLASSIFICATION_LEVEL ( 'unclassified' ) ;
#2460 = EDGE_CURVE ( 'NONE', #1061, #2198, #642, .T. ) ;
#2461 = APPROVAL_PERSON_ORGANIZATION ( #324, #1573, #2629 ) ;
#2462 = ORIENTED_EDGE ( 'NONE', *, *, #2408, .T. ) ;
#2463 = DIRECTION ( 'NONE',  ( 1.000000000000000000, 0.000000000000000000, 0.000000000000000000 ) ) ;
#2464 = CARTESIAN_POINT ( 'NONE',  ( 6.894656006666345149, 4.588316846032622465, 0.000000000000000000 ) ) ;
#2465 = CARTESIAN_POINT ( 'NONE',  ( 3.344043840211333052, -8.146349429696924105, 12.00000000000000000 ) ) ;
#2466 = CARTESIAN_POINT ( 'NONE',  ( -2.507690216013501949, -7.437910395382269613, 12.00000000000001421 ) ) ;
#2467 = CARTESIAN_POINT ( 'NONE',  ( 6.236290550841929736, -4.450965751114215330, 0.000000000000000000 ) ) ;
#2468 =( GEOMETRIC_REPRESENTATION_CONTEXT ( 3 ) GLOBAL_UNCERTAINTY_ASSIGNED_CONTEXT ( ( #1013 ) ) GLOBAL_UNIT_ASSIGNED_CONTEXT ( ( #1510, #2372, #637 ) ) REPRESENTATION_CONTEXT ( 'NONE', 'WORKASPACE' ) );
#2469 = CARTESIAN_POINT ( 'NONE',  ( 8.108287476342537659, 0.2327317920795298201, 12.00000000000001066 ) ) ;
#2470 = VERTEX_POINT ( 'NONE', #2646 ) ;
#2471 = PRODUCT ( '\X2\6cf558f34f53\X0\', '\X2\6cf558f34f53\X0\', '', ( #2584 ) ) ;
#2472 = CARTESIAN_POINT ( 'NONE',  ( -2.343130036895797907, 7.491379238793241413, 11.99999999999997513 ) ) ;
#2473 = APPROVAL_DATE_TIME ( #804, #1166 ) ;
#2474 = B_SPLINE_CURVE_WITH_KNOTS ( 'NONE', 3,
 ( #381, #2356, #877, #826 ),
 .UNSPECIFIED., .F., .F.,
 ( 4, 4 ),
 ( 0.000000000000000000, 1.170086868559755855 ),
 .UNSPECIFIED. ) ;
#2475 = ORIENTED_EDGE ( 'NONE', *, *, #1245, .T. ) ;
#2476 = AXIS2_PLACEMENT_3D ( 'NONE', #773, #2671, #2660 ) ;
#2477 = CC_DESIGN_PERSON_AND_ORGANIZATION_ASSIGNMENT ( #85, #940, ( #49 ) ) ;
#2478 = CARTESIAN_POINT ( 'NONE',  ( -2.306000219333798729, 7.693511175637147481, 12.00000000000000000 ) ) ;
#2479 = CARTESIAN_POINT ( 'NONE',  ( 2.286106919626245570, 6.903616755970015006, 12.00000000000000000 ) ) ;
#2480 = CARTESIAN_POINT ( 'NONE',  ( 2.233182759024218367, 7.975075402953396342, -0.000000000000000000 ) ) ;
#2481 = CARTESIAN_POINT ( 'NONE',  ( -5.752902267991376384, -0.2897712499215156501, 11.99999999999997513 ) ) ;
#2482 = AXIS2_PLACEMENT_3D ( 'NONE', #1488, #2339, #1711 ) ;
#2483 = DIRECTION ( 'NONE',  ( 0.000000000000000000, 1.000000000000000000, 0.000000000000000000 ) ) ;
#2484 = CARTESIAN_POINT ( 'NONE',  ( 2.284257538061052806, 7.783357719253968021, 11.99999999999999467 ) ) ;
#2485 = CARTESIAN_POINT ( 'NONE',  ( -2.602085213965210642E-15, 9.953011224704631843, 12.00000000000000178 ) ) ;
#2486 = APPROVAL_STATUS ( 'not_yet_approved' ) ;
#2487 = VERTEX_POINT ( 'NONE', #528 ) ;
#2488 =( NAMED_UNIT ( * ) PLANE_ANGLE_UNIT ( ) SI_UNIT ( $, .RADIAN. ) );
#2489 = APPLICATION_CONTEXT ( 'configuration controlled 3d designs of mechanical parts and assemblies' ) ;
#2490 = DIRECTION ( 'NONE',  ( 0.000000000000000000, -1.000000000000000000, 0.000000000000000000 ) ) ;
#2491 = CARTESIAN_POINT ( 'NONE',  ( 2.208344759784729217, 8.071116819863787484, 0.000000000000000000 ) ) ;
#2492 = CARTESIAN_POINT ( 'NONE',  ( 5.850233213782781938, -8.052155225990524912, 0.000000000000000000 ) ) ;
#2493 = VERTEX_POINT ( 'NONE', #1407 ) ;
#2494 = ADVANCED_FACE ( 'NONE', ( #957 ), #2271, .F. ) ;
#2495 = CARTESIAN_POINT ( 'NONE',  ( 7.272175590864936368, -0.04088198261002309181, 12.00000000000000000 ) ) ;
#2496 = AXIS2_PLACEMENT_3D ( 'NONE', #1875, #797, #165 ) ;
#2497 = CARTESIAN_POINT ( 'NONE',  ( 6.494314511675443491, -5.139339641752594723, 0.000000000000000000 ) ) ;
#2498 = CARTESIAN_POINT ( 'NONE',  ( -8.108283999563168365, 0.2327444237725066478, 11.99999999999999822 ) ) ;
#2499 = VERTEX_POINT ( 'NONE', #1847 ) ;
#2500 = CARTESIAN_POINT ( 'NONE',  ( 4.408389392193384992, 6.067627457812251102, 0.000000000000000000 ) ) ;
#2501 = CARTESIAN_POINT ( 'NONE',  ( -1.502155732314625736, 9.439120569711022313, 12.00000000000000533 ) ) ;
#2502 = CARTESIAN_POINT ( 'NONE',  ( 11.49367088607593956, 13.50000000000000000, 10.69620253164558044 ) ) ;
#2503 = APPROVAL_PERSON_ORGANIZATION ( #1334, #1983, #1977 ) ;
#2504 = CARTESIAN_POINT ( 'NONE',  ( 6.400658039661265342, 4.543412586211411863, 0.000000000000000000 ) ) ;
#2505 = CARTESIAN_POINT ( 'NONE',  ( -2.506329113924055108, 2.000000000000000000, 10.69620253164558044 ) ) ;
#2506 = PRODUCT_RELATED_PRODUCT_CATEGORY ( 'detail', '', ( #2050 ) ) ;
#2507 = EDGE_CURVE ( 'NONE', #861, #2758, #1625, .T. ) ;
#2508 = CARTESIAN_POINT ( 'NONE',  ( 5.472734944175829952, 3.988905485927467520, 12.00000000000000000 ) ) ;
#2509 = SHAPE_DEFINITION_REPRESENTATION ( #2451, #1017 ) ;
#2510 = CIRCLE ( 'NONE', #546, 10.00000000000000000 ) ;
#2511 = VERTEX_POINT ( 'NONE', #732 ) ;
#2512 = DIRECTION ( 'NONE',  ( 0.000000000000000000, 0.000000000000000000, 1.000000000000000000 ) ) ;
#2513 = CARTESIAN_POINT ( 'NONE',  ( -2.429053010527122414, 7.266506548828019163, 0.000000000000000000 ) ) ;
#2514 = FACE_OUTER_BOUND ( 'NONE', #1358, .T. ) ;
#2515 = CARTESIAN_POINT ( 'NONE',  ( 7.371191738586986730, -0.04693806964190243985, 12.00000000000000178 ) ) ;
#2516 = EDGE_LOOP ( 'NONE', ( #232, #361, #2762, #1652, #1152, #383, #1087, #98, #2196, #2613, #415, #373, #1507, #2749, #553, #1674, #309, #523, #1497, #163, #1204, #1317 ) ) ;
#2517 = CARTESIAN_POINT ( 'NONE',  ( 2.957494971740015188, -7.827703132519475027, 11.99999999999999822 ) ) ;
#2518 = ORIENTED_EDGE ( 'NONE', *, *, #2617, .T. ) ;
#2519 = CARTESIAN_POINT ( 'NONE',  ( 2.286106919659031345, 6.903616756053246206, 0.000000000000000000 ) ) ;
#2520 = APPROVAL_DATE_TIME ( #2746, #164 ) ;
#2521 = ORIENTED_EDGE ( 'NONE', *, *, #1925, .F. ) ;
#2522 = CARTESIAN_POINT ( 'NONE',  ( 11.99367088607593956, 2.000000000000000000, -1.803797468354420230 ) ) ;
#2523 = LINE ( 'NONE', #1094, #2718 ) ;
#2524 = CARTESIAN_POINT ( 'NONE',  ( -6.993672153534657987, 4.594372933012287774, 0.000000000000000000 ) ) ;
#2525 = CARTESIAN_POINT ( 'NONE',  ( 4.332906349846320282, -8.519353938951388372, 12.00000000000000533 ) ) ;
#2526 = CARTESIAN_POINT ( 'NONE',  ( -2.208344767700846756, -6.928883210746629828, 12.00000000000000000 ) ) ;
#2527 = CIRCLE ( 'NONE', #166, 10.00000000000000000 ) ;
#2528 = CC_DESIGN_SECURITY_CLASSIFICATION ( #1462, ( #2767 ) ) ;
#2529 = VERTEX_POINT ( 'NONE', #2231 ) ;
#2530 = CARTESIAN_POINT ( 'NONE',  ( 4.493670886075944892, 14.00000000000000000, 4.810580809307060335 ) ) ;
#2531 = ORIENTED_EDGE ( 'NONE', *, *, #889, .T. ) ;
#2532 = DIRECTION ( 'NONE',  ( -0.000000000000000000, -0.000000000000000000, -1.000000000000000000 ) ) ;
#2533 = EDGE_CURVE ( 'NONE', #1894, #1429, #542, .T. ) ;
#2534 = ORIENTED_EDGE ( 'NONE', *, *, #121, .T. ) ;
#2535 = CARTESIAN_POINT ( 'NONE',  ( -7.132923872213805083, -2.317627457812386105, 12.00000000000000000 ) ) ;
#2536 = APPROVAL_STATUS ( 'not_yet_approved' ) ;
#2537 = UNCERTAINTY_MEASURE_WITH_UNIT (LENGTH_MEASURE( 1.000000000000000082E-05 ), #432, 'distance_accuracy_value', 'NONE');
#2538 = CARTESIAN_POINT ( 'NONE',  ( 8.512945476436200920, 4.345483665702679410, 11.99999999999998046 ) ) ;
#2539 = CARTESIAN_POINT ( 'NONE',  ( 2.361250188460726651, 7.192995230092972037, 0.000000000000000000 ) ) ;
#2540 = ORIENTED_EDGE ( 'NONE', *, *, #2172, .T. ) ;
#2541 = LOCAL_TIME ( 16, 46, 52.00000000000000000, #2683 ) ;
#2542 = CARTESIAN_POINT ( 'NONE',  ( 29.49367088607594667, 15.00000000000000000, 10.69620253164558044 ) ) ;
#2543 = CARTESIAN_POINT ( 'NONE',  ( 2.957494971740006751, -7.827703132519469698, 11.99999999999999822 ) ) ;
#2544 = CARTESIAN_POINT ( 'NONE',  ( 2.306000219334031875, -7.306488824362877388, 0.000000000000000000 ) ) ;
#2545 = VERTEX_POINT ( 'NONE', #1394 ) ;
#2546 = DIRECTION ( 'NONE',  ( 1.000000000000000000, 0.000000000000000000, 0.000000000000000000 ) ) ;
#2547 = APPROVAL_DATE_TIME ( #23, #231 ) ;
#2548 = ORIENTED_EDGE ( 'NONE', *, *, #2354, .T. ) ;
#2549 = DIRECTION ( 'NONE',  ( 1.000000000000000000, 0.000000000000000000, 0.000000000000000000 ) ) ;
#2550 = EDGE_LOOP ( 'NONE', ( #250, #2429, #282, #1565, #784, #463, #1053, #1230, #534, #1580, #1074, #2316, #2582, #636, #1734, #1009, #1638, #2708, #1471, #310, #825, #1866 ) ) ;
#2551 = CARTESIAN_POINT ( 'NONE',  ( -7.272175590892508090, -0.04088198261208852990, 0.000000000000000000 ) ) ;
#2552 = APPROVAL_ROLE ( '' ) ;
#2553 = CC_DESIGN_PERSON_AND_ORGANIZATION_ASSIGNMENT ( #2346, #2751, ( #1934 ) ) ;
#2554 = CARTESIAN_POINT ( 'NONE',  ( 2.082915758131234973, 8.556114783037306992, 12.00000000000000000 ) ) ;
#2555 = CARTESIAN_POINT ( 'NONE',  ( 8.108287476342528777, 0.2327317920795215767, 12.00000000000000355 ) ) ;
#2556 = AXIS2_PLACEMENT_3D ( 'NONE', #2166, #249, #2134 ) ;
#2557 = ADVANCED_FACE ( 'NONE', ( #316 ), #1597, .F. ) ;
#2558 = DIRECTION ( 'NONE',  ( -1.508455196501574881E-16, 1.000000000000000000, 0.000000000000000000 ) ) ;
#2559 = CIRCLE ( 'NONE', #291, 2.281000000000001027 ) ;
#2560 = CARTESIAN_POINT ( 'NONE',  ( -8.274838854705517832, 0.3405508163308278435, 12.00000000000000000 ) ) ;
#2561 = AXIS2_PLACEMENT_3D ( 'NONE', #618, #1733, #2546 ) ;
#2562 = DIRECTION ( 'NONE',  ( -1.000000000000000000, -1.131341397376179805E-16, 0.000000000000000000 ) ) ;
#2563 = CARTESIAN_POINT ( 'NONE',  ( 1.366094737331735587E-14, 9.953011224704617632, 0.000000000000000000 ) ) ;
#2564 = EDGE_LOOP ( 'NONE', ( #1345, #2670, #2293, #1191 ) ) ;
#2565 = CARTESIAN_POINT ( 'NONE',  ( 2.208344767702384193, -6.928883210750679922, 0.000000000000000000 ) ) ;
#2566 = VERTEX_POINT ( 'NONE', #1611 ) ;
#2567 = ORIENTED_EDGE ( 'NONE', *, *, #502, .T. ) ;
#2568 = CARTESIAN_POINT ( 'NONE',  ( -2.286106919624192546, 6.903616755963952301, 0.000000000000000000 ) ) ;
#2569 = PERSON_AND_ORGANIZATION_ROLE ( 'creator' ) ;
#2570 = CARTESIAN_POINT ( 'NONE',  ( -6.772155392964800846, -0.01029943717862169192, 0.000000000000000000 ) ) ;
#2571 = CARTESIAN_POINT ( 'NONE',  ( 29.49367088607594667, 15.00000000000000000, -14.30379746835441956 ) ) ;
#2572 = SHAPE_REPRESENTATION ( '\X2\57065f279f7f8f6e\X0\1', ( #287 ), #1483 ) ;
#2573 = CARTESIAN_POINT ( 'NONE',  ( -6.400671641935995915, 4.543389483881964175, 11.99999999999999467 ) ) ;
#2574 = EDGE_CURVE ( 'NONE', #966, #2487, #1004, .T. ) ;
#2575 = CARTESIAN_POINT ( 'NONE',  ( -4.824518969025145765, -3.147041245337481641, 12.00000000000000711 ) ) ;
#2576 = DIRECTION ( 'NONE',  ( 0.000000000000000000, 0.000000000000000000, 1.000000000000000000 ) ) ;
#2577 = FACE_BOUND ( 'NONE', #1553, .T. ) ;
#2578 = ORIENTED_EDGE ( 'NONE', *, *, #198, .T. ) ;
#2579 = CARTESIAN_POINT ( 'NONE',  ( 2.656539040913401539, -7.579614208211558513, 0.000000000000000000 ) ) ;
#2580 = VERTEX_POINT ( 'NONE', #554 ) ;
#2581 = DIRECTION ( 'NONE',  ( 2.231988463174831739E-16, -2.634124254074058655E-16, 1.000000000000000000 ) ) ;
#2582 = ORIENTED_EDGE ( 'NONE', *, *, #2632, .F. ) ;
#2583 = CARTESIAN_POINT ( 'NONE',  ( 0.000000000000000000, 7.500000000000000000, 0.000000000000000000 ) ) ;
#2584 = MECHANICAL_CONTEXT ( 'NONE', #3, 'mechanical' ) ;
#2585 = CARTESIAN_POINT ( 'NONE',  ( -7.570614269378588723, -0.02291015667874116493, 0.000000000000000000 ) ) ;
#2586 = CARTESIAN_POINT ( 'NONE',  ( 5.907343465566889051, -4.241403345706220129, 12.00000000000000000 ) ) ;
#2587 = CIRCLE ( 'NONE', #397, 2.281000000000000139 ) ;
#2588 = CARTESIAN_POINT ( 'NONE',  ( 1.502155732314629066, 9.439120569711013431, 12.00000000000000355 ) ) ;
#2589 = CARTESIAN_POINT ( 'NONE',  ( -5.484842658736543974, -3.972240646507763095, 12.00000000000000000 ) ) ;
#2590 = APPROVAL_PERSON_ORGANIZATION ( #2601, #1890, #2390 ) ;
#2591 = CARTESIAN_POINT ( 'NONE',  ( 4.408389392193384992, 6.067627457812251102, 12.00000000000000000 ) ) ;
#2592 = CARTESIAN_POINT ( 'NONE',  ( -8.781005085690727796, 0.6630142691165661351, -0.000000000000000000 ) ) ;
#2593 = CARTESIAN_POINT ( 'NONE',  ( -5.752902267991392371, -0.2897712499215197579, 0.000000000000000000 ) ) ;
#2594 = DIRECTION ( 'NONE',  ( -0.000000000000000000, -0.000000000000000000, -1.000000000000000000 ) ) ;
#2595 = VERTEX_POINT ( 'NONE', #943 ) ;
#2596 = EDGE_CURVE ( 'NONE', #550, #1794, #2409, .T. ) ;
#2597 =( NAMED_UNIT ( * ) SI_UNIT ( $, .STERADIAN. ) SOLID_ANGLE_UNIT ( ) );
#2598 = ORIENTED_EDGE ( 'NONE', *, *, #789, .F. ) ;
#2599 = CARTESIAN_POINT ( 'NONE',  ( -2.082915758131141715, -6.443885216963101570, 0.000000000000000000 ) ) ;
#2600 = DIRECTION ( 'NONE',  ( 1.000000000000000000, 0.000000000000000000, 0.000000000000000000 ) ) ;
#2601 = PERSON_AND_ORGANIZATION ( #2239, #516 ) ;
#2602 = CARTESIAN_POINT ( 'NONE',  ( -2.102506451816739119, 6.437519814721698097, 12.00000000000000000 ) ) ;
#2603 = DIRECTION ( 'NONE',  ( -0.000000000000000000, 1.000000000000000000, 0.000000000000000000 ) ) ;
#2604 = VECTOR ( 'NONE', #1027, 1000.000000000000000 ) ;
#2605 = CARTESIAN_POINT ( 'NONE',  ( 1.301042606982605321E-14, 9.953011224704617632, 11.99999999999998757 ) ) ;
#2606 = B_SPLINE_CURVE_WITH_KNOTS ( 'NONE', 3,
 ( #1238, #1923, #8, #446 ),
 .UNSPECIFIED., .F., .F.,
 ( 4, 4 ),
 ( 0.000000000000000000, 1.170086868559664151 ),
 .UNSPECIFIED. ) ;
#2607 = DIRECTION ( 'NONE',  ( -0.000000000000000000, -0.000000000000000000, -1.000000000000000000 ) ) ;
#2608 = CARTESIAN_POINT ( 'NONE',  ( 5.859283812619222154, 4.307551783081990493, 12.00000000000000355 ) ) ;
#2609 = CARTESIAN_POINT ( 'NONE',  ( 2.082915758131442363, -6.443885216962728535, -0.000000000000000000 ) ) ;
#2610 = DIRECTION ( 'NONE',  ( -0.000000000000000000, -0.000000000000000000, -1.000000000000000000 ) ) ;
#2611 = VERTEX_POINT ( 'NONE', #2436 ) ;
#2612 = CARTESIAN_POINT ( 'NONE',  ( 0.000000000000000000, 0.000000000000000000, 0.000000000000000000 ) ) ;
#2613 = ORIENTED_EDGE ( 'NONE', *, *, #1353, .F. ) ;
#2614 = CARTESIAN_POINT ( 'NONE',  ( -4.799971562413356985, -1.559605301985927950, 0.000000000000000000 ) ) ;
#2615 = FACE_OUTER_BOUND ( 'NONE', #1458, .T. ) ;
#2616 = DATE_AND_TIME ( #916, #2287 ) ;
#2617 = EDGE_CURVE ( 'NONE', #507, #841, #1384, .T. ) ;
#2618 = VECTOR ( 'NONE', #2073, 1000.000000000000000 ) ;
#2619 = CARTESIAN_POINT ( 'NONE',  ( -5.752902267991392371, -0.2897712499215130411, 0.000000000000000000 ) ) ;
#2620 = DIRECTION ( 'NONE',  ( 1.000000000000000000, -1.508455196501569950E-16, 0.000000000000000000 ) ) ;
#2621 = CARTESIAN_POINT ( 'NONE',  ( 2.966545570604281590, 4.083099689633546525, 11.99999999999999289 ) ) ;
#2622 = CARTESIAN_POINT ( 'NONE',  ( -3.006329113924055108, 14.00000000000000000, -1.803797468354420230 ) ) ;
#2623 = CARTESIAN_POINT ( 'NONE',  ( 11.99367088607593956, 13.50000000000000000, -1.803797468354420230 ) ) ;
#2624 = CARTESIAN_POINT ( 'NONE',  ( 4.332906349846322946, -8.519353938951395477, 12.00000000000000355 ) ) ;
#2625 = VERTEX_POINT ( 'NONE', #384 ) ;
#2626 = MECHANICAL_CONTEXT ( 'NONE', #857, 'mechanical' ) ;
#2627 = ORIENTED_EDGE ( 'NONE', *, *, #2665, .T. ) ;
#2628 = CARTESIAN_POINT ( 'NONE',  ( -4.332906349846330052, -8.519353938951388372, 0.000000000000000000 ) ) ;
#2629 = APPROVAL_ROLE ( '' ) ;
#2630 = AXIS2_PLACEMENT_3D ( 'NONE', #2535, #808, #1676 ) ;
#2631 = CARTESIAN_POINT ( 'NONE',  ( 6.763445381126874878, -6.753463966749096770, 0.000000000000000000 ) ) ;
#2632 = EDGE_CURVE ( 'NONE', #639, #2146, #238, .T. ) ;
#2633 = CARTESIAN_POINT ( 'NONE',  ( -2.506329113924055108, 13.50000000000000000, 10.69620253164558044 ) ) ;
#2634 =( REPRESENTATION_RELATIONSHIP ('NONE','NONE', #448, #2572 ) REPRESENTATION_RELATIONSHIP_WITH_TRANSFORMATION ( #981 )SHAPE_REPRESENTATION_RELATIONSHIP( ) );
#2635 = CARTESIAN_POINT ( 'NONE',  ( 2.726939712873765131, -7.639521561486025902, 12.00000000000001243 ) ) ;
#2636 = CARTESIAN_POINT ( 'NONE',  ( -8.781005085690722467, 0.6630142691165634705, -0.000000000000000000 ) ) ;
#2637 = CARTESIAN_POINT ( 'NONE',  ( -3.006329113924055108, 2.000000000000000000, -11.80379746835441956 ) ) ;
#2638 = FACE_OUTER_BOUND ( 'NONE', #2734, .T. ) ;
#2639 = CARTESIAN_POINT ( 'NONE',  ( 5.484842658736842402, -3.972240646507677386, 12.00000000000000000 ) ) ;
#2640 = ORIENTED_EDGE ( 'NONE', *, *, #1041, .F. ) ;
#2641 = DATE_AND_TIME ( #847, #1092 ) ;
#2642 = VERTEX_POINT ( 'NONE', #1663 ) ;
#2643 = CARTESIAN_POINT ( 'NONE',  ( 2.726939712873757582, -7.639521561486008139, 0.000000000000000000 ) ) ;
#2644 = MECHANICAL_CONTEXT ( 'NONE', #437, 'mechanical' ) ;
#2645 = CARTESIAN_POINT ( 'NONE',  ( -6.714272332570423885, -5.697735100902648675, 12.00000000000000000 ) ) ;
#2646 = CARTESIAN_POINT ( 'NONE',  ( 2.208344767702428602, 8.071116789248321766, 0.000000000000000000 ) ) ;
#2647 = CARTESIAN_POINT ( 'NONE',  ( -2.507690216013500617, -7.437910395382268725, 11.99999999999999645 ) ) ;
#2648 = CC_DESIGN_PERSON_AND_ORGANIZATION_ASSIGNMENT ( #927, #1783, ( #766 ) ) ;
#2649 = CARTESIAN_POINT ( 'NONE',  ( 6.298954255771805677, -4.683395835600492774, 11.99999999999999822 ) ) ;
#2650 = CARTESIAN_POINT ( 'NONE',  ( -2.317659613296775500, -7.207161661006985298, 0.000000000000000000 ) ) ;
#2651 = EDGE_CURVE ( 'NONE', #2105, #490, #1874, .T. ) ;
#2652 = VECTOR ( 'NONE', #2265, 1000.000000000000000 ) ;
#2653 = CARTESIAN_POINT ( 'NONE',  ( 4.493670886075947557, 14.00000000000000000, -8.418175746015903016 ) ) ;
#2654 = MANIFOLD_SOLID_BREP ( 'Í¹Ì¨-À­Éì1', #35 ) ;
#2655 = CARTESIAN_POINT ( 'NONE',  ( -6.772155392964795517, -0.01029943717862140222, 0.000000000000000000 ) ) ;
#2656 = ORIENTED_EDGE ( 'NONE', *, *, #89, .T. ) ;
#2657 = CARTESIAN_POINT ( 'NONE',  ( 2.233182759024445740, -7.024924597046640962, 12.00000000000000000 ) ) ;
#2658 = SECURITY_CLASSIFICATION_LEVEL ( 'unclassified' ) ;
#2659 = VECTOR ( 'NONE', #1316, 1000.000000000000000 ) ;
#2660 = DIRECTION ( 'NONE',  ( 1.000000000000000000, 0.000000000000000000, 0.000000000000000000 ) ) ;
#2661 = CARTESIAN_POINT ( 'NONE',  ( -8.781005085690727796, 0.6630142691165661351, -0.000000000000000000 ) ) ;
#2662 = CARTESIAN_POINT ( 'NONE',  ( 2.880948904180681058, -7.764603423839082197, 11.99999999999999822 ) ) ;
#2663 = CARTESIAN_POINT ( 'NONE',  ( -4.824518969025145765, -3.147041245337467874, 11.99999999999998934 ) ) ;
#2664 = CARTESIAN_POINT ( 'NONE',  ( -6.530671864760538625, -5.231638159654014686, 0.000000000000000000 ) ) ;
#2665 = EDGE_CURVE ( 'NONE', #2258, #1139, #272, .T. ) ;
#2666 = CARTESIAN_POINT ( 'NONE',  ( 2.880948904180680614, -7.764603423839081309, -0.000000000000000000 ) ) ;
#2667 = VERTEX_POINT ( 'NONE', #2315 ) ;
#2668 = CARTESIAN_POINT ( 'NONE',  ( 7.848789467786623675, 0.08654109137163430721, 0.000000000000000000 ) ) ;
#2669 = PERSON_AND_ORGANIZATION ( #2239, #516 ) ;
#2670 = ORIENTED_EDGE ( 'NONE', *, *, #1172, .T. ) ;
#2671 = DIRECTION ( 'NONE',  ( 0.000000000000000000, 0.000000000000000000, 1.000000000000000000 ) ) ;
#2672 = APPROVAL_PERSON_ORGANIZATION ( #670, #164, #229 ) ;
#2673 = CARTESIAN_POINT ( 'NONE',  ( -2.102506451816741784, 6.437519814721704314, 12.00000000000000000 ) ) ;
#2674 = PRODUCT_DEFINITION_SHAPE ( 'NONE', 'NONE',  #2766 ) ;
#2675 = CARTESIAN_POINT ( 'NONE',  ( 6.138221854008094169, -4.431360712238817889, 0.000000000000000000 ) ) ;
#2676 = CARTESIAN_POINT ( 'NONE',  ( -2.507690216013505502, -7.437910395382286488, 0.000000000000000000 ) ) ;
#2677 = FACE_OUTER_BOUND ( 'NONE', #2081, .T. ) ;
#2678 = CARTESIAN_POINT ( 'NONE',  ( 7.570611421465326174, -0.02292461178216047279, 0.000000000000000000 ) ) ;
#2679 = ORIENTED_EDGE ( 'NONE', *, *, #343, .F. ) ;
#2680 = CC_DESIGN_PERSON_AND_ORGANIZATION_ASSIGNMENT ( #2092, #172, ( #2684 ) ) ;
#2681 = AXIS2_PLACEMENT_3D ( 'NONE', #1113, #2603, #1930 ) ;
#2682 = CARTESIAN_POINT ( 'NONE',  ( 5.991008889722120756, -4.294704099293353394, -0.000000000000000000 ) ) ;
#2683 = COORDINATED_UNIVERSAL_TIME_OFFSET ( 8, 0, .AHEAD. ) ;
#2684 = SECURITY_CLASSIFICATION ( '', '', #1439 ) ;
#2685 = EDGE_CURVE ( 'NONE', #2076, #881, #777, .T. ) ;
#2686 = VERTEX_POINT ( 'NONE', #2735 ) ;
#2687 = CARTESIAN_POINT ( 'NONE',  ( 7.132923872213531524, 2.317627457812000191, 0.000000000000000000 ) ) ;
#2688 = CARTESIAN_POINT ( 'NONE',  ( 6.111289349561179307, 4.468430124432425821, 0.000000000000000000 ) ) ;
#2689 = CARTESIAN_POINT ( 'NONE',  ( 2.284257538061051473, 7.783357719253976903, 0.000000000000000000 ) ) ;
#2690 = CARTESIAN_POINT ( 'NONE',  ( -8.512945476436211578, 4.345483665702677634, 11.99999999999999822 ) ) ;
#2691 = CARTESIAN_POINT ( 'NONE',  ( 2.306000219334031875, -7.306488824362877388, 12.00000000000000000 ) ) ;
#2692 = AXIS2_PLACEMENT_3D ( 'NONE', #1861, #2723, #1653 ) ;
#2693 = CARTESIAN_POINT ( 'NONE',  ( 2.507714799693548713, -7.437899700421643168, 0.000000000000000000 ) ) ;
#2694 = LOCAL_TIME ( 16, 46, 52.00000000000000000, #1095 ) ;
#2695 = CARTESIAN_POINT ( 'NONE',  ( 6.714272332570424773, -5.697735100902651340, -0.000000000000000000 ) ) ;
#2696 = COORDINATED_UNIVERSAL_TIME_OFFSET ( 8, 0, .AHEAD. ) ;
#2697 = ORIENTED_EDGE ( 'NONE', *, *, #789, .T. ) ;
#2698 = AXIS2_PLACEMENT_3D ( 'NONE', #2216, #2699, #114 ) ;
#2699 = DIRECTION ( 'NONE',  ( 0.000000000000000000, 1.000000000000000000, 0.000000000000000000 ) ) ;
#2700 = ADVANCED_FACE ( 'NONE', ( #2106 ), #1873, .F. ) ;
#2701 = CARTESIAN_POINT ( 'NONE',  ( -6.696538678762608221, 4.577647825018110517, 11.99999999999999467 ) ) ;
#2702 = CARTESIAN_POINT ( 'NONE',  ( 2.322464273014722469, 6.995915274641618886, 11.99999999999999822 ) ) ;
#2703 = CARTESIAN_POINT ( 'NONE',  ( 2.082915758131441919, -6.443885216962726759, -0.000000000000000000 ) ) ;
#2704 = CARTESIAN_POINT ( 'NONE',  ( 2.286106919659029124, 6.903616756053240877, 0.000000000000000000 ) ) ;
#2705 = CARTESIAN_POINT ( 'NONE',  ( 9.465876182014035578, 3.075649613638225865, 0.000000000000000000 ) ) ;
#2706 = PERSON_AND_ORGANIZATION ( #2239, #516 ) ;
#2707 = CARTESIAN_POINT ( 'NONE',  ( -6.111278549054364184, 4.468440144895414967, 0.000000000000000000 ) ) ;
#2708 = ORIENTED_EDGE ( 'NONE', *, *, #2206, .F. ) ;
#2709 = CARTESIAN_POINT ( 'NONE',  ( -5.907343465493205770, -4.241403345659660928, 12.00000000000000355 ) ) ;
#2710 = CARTESIAN_POINT ( 'NONE',  ( -2.966545570604171456, 4.083099689633597151, 11.99999999999998757 ) ) ;
#2711 = DESIGN_CONTEXT ( 'detailed design', #1867, 'design' ) ;
#2712 = EDGE_CURVE ( 'NONE', #2487, #1181, #2280, .T. ) ;
#2713 = DIRECTION ( 'NONE',  ( -1.000000000000000000, 0.000000000000000000, -0.000000000000000000 ) ) ;
#2714 = CARTESIAN_POINT ( 'NONE',  ( 2.208344767702412614, 8.071116789248383938, 12.00000000000000178 ) ) ;
#2715 = ORIENTED_EDGE ( 'NONE', *, *, #775, .T. ) ;
#2716 = ADVANCED_FACE ( 'NONE', ( #609 ), #1010, .T. ) ;
#2717 = CARTESIAN_POINT ( 'NONE',  ( 7.993670886075939563, 13.50000000000000000, -14.30379746835441956 ) ) ;
#2718 = VECTOR ( 'NONE', #1306, 1000.000000000000000 ) ;
#2719 = B_SPLINE_CURVE_WITH_KNOTS ( 'NONE', 3,
 ( #441, #2175, #243, #2366 ),
 .UNSPECIFIED., .F., .F.,
 ( 4, 4 ),
 ( 0.000000000000000000, 1.170086868559845339 ),
 .UNSPECIFIED. ) ;
#2720 = CARTESIAN_POINT ( 'NONE',  ( 5.472734944175834393, 3.988905485927471961, 0.000000000000000000 ) ) ;
#2721 = PERSON_AND_ORGANIZATION_ROLE ( 'design_owner' ) ;
#2722 = ORIENTED_EDGE ( 'NONE', *, *, #828, .T. ) ;
#2723 = DIRECTION ( 'NONE',  ( 0.000000000000000000, 0.000000000000000000, 1.000000000000000000 ) ) ;
#2724 = CYLINDRICAL_SURFACE ( 'NONE', #1648, 10.00000000000000000 ) ;
#2725 = CARTESIAN_POINT ( 'NONE',  ( 8.358504305523094757, 0.3938515869037635952, 12.00000000000000178 ) ) ;
#2726 = CARTESIAN_POINT ( 'NONE',  ( 5.484842658736839738, -3.972240646507677386, 12.00000000000000000 ) ) ;
#2727 = CC_DESIGN_DATE_AND_TIME_ASSIGNMENT ( #2405, #1379, ( #1814 ) ) ;
#2728 = CARTESIAN_POINT ( 'NONE',  ( -7.837972830483471931, 0.08896987981745686780, 12.00000000000000000 ) ) ;
#2729 = EDGE_CURVE ( 'NONE', #938, #1793, #1981, .T. ) ;
#2730 = PERSON ( 'NAUO-PER1', 'UNSPECIFIED', 'UNSPECIFIED', ('UNSPECIFIED'), ('UNSPECIFIED'), ('UNSPECIFIED') ) ;
#2731 = CARTESIAN_POINT ( 'NONE',  ( 2.343103861940804222, 7.491385036312879997, 0.000000000000000000 ) ) ;
#2732 = COORDINATED_UNIVERSAL_TIME_OFFSET ( 8, 0, .AHEAD. ) ;
#2733 = AXIS2_PLACEMENT_3D ( 'NONE', #765, #2411, #1827 ) ;
#2734 = EDGE_LOOP ( 'NONE', ( #1829, #2115, #2456, #858, #2299, #2416, #1075, #2387, #1045, #2534, #2370, #2284, #379, #68, #2462, #447, #1511, #1693, #1817, #1670 ) ) ;
#2735 = CARTESIAN_POINT ( 'NONE',  ( 11.99367088607593956, 2.000000000000000000, -11.80379746835441956 ) ) ;
#2736 = ADVANCED_BREP_SHAPE_REPRESENTATION ( '', ( #1728, #287 ), #1623 ) ;
#2737 = CARTESIAN_POINT ( 'NONE',  ( -2.506329113924055108, 13.50000000000000000, 8.183694709364671027 ) ) ;
#2738 = CARTESIAN_POINT ( 'NONE',  ( -2.053333403260146905, 5.381790948875212699, 0.000000000000000000 ) ) ;
#2739 = CARTESIAN_POINT ( 'NONE',  ( 6.138221854008105716, -4.431360712238824995, 11.99999999999999645 ) ) ;
#2740 = VERTEX_POINT ( 'NONE', #1254 ) ;
#2741 = DIRECTION ( 'NONE',  ( 0.000000000000000000, 0.000000000000000000, 1.000000000000000000 ) ) ;
#2742 = AXIS2_PLACEMENT_3D ( 'NONE', #2161, #1519, #853 ) ;
#2743 = ADVANCED_FACE ( 'NONE', ( #187 ), #1441, .F. ) ;
#2744 = VERTEX_POINT ( 'NONE', #2748 ) ;
#2745 = CARTESIAN_POINT ( 'NONE',  ( -8.358504278852759484, 0.3938515699128868341, 12.00000000000000000 ) ) ;
#2746 = DATE_AND_TIME ( #247, #261 ) ;
#2747 = ORIENTED_EDGE ( 'NONE', *, *, #1392, .T. ) ;
#2748 = CARTESIAN_POINT ( 'NONE',  ( 2.286106919659031345, 6.903616756053246206, 0.000000000000000000 ) ) ;
#2749 = ORIENTED_EDGE ( 'NONE', *, *, #1055, .T. ) ;
#2750 = DIRECTION ( 'NONE',  ( 0.000000000000000000, 0.000000000000000000, 1.000000000000000000 ) ) ;
#2751 = PERSON_AND_ORGANIZATION_ROLE ( 'creator' ) ;
#2752 = CARTESIAN_POINT ( 'NONE',  ( -6.400671641935991474, 4.543389483881962398, 0.000000000000000000 ) ) ;
#2753 = CARTESIAN_POINT ( 'NONE',  ( 7.570611421465314628, -0.02292461178216129158, 0.000000000000000000 ) ) ;
#2754 = ORIENTED_EDGE ( 'NONE', *, *, #1055, .F. ) ;
#2755 = CARTESIAN_POINT ( 'NONE',  ( 7.993670886075939563, 2.000000000000000000, -14.30379746835441956 ) ) ;
#2756 = CARTESIAN_POINT ( 'NONE',  ( 5.907343465469376831, -4.241403345644100042, 11.99999999999999645 ) ) ;
#2757 = CARTESIAN_POINT ( 'NONE',  ( -6.138228046494677237, -4.431347343853171417, 12.00000000000001066 ) ) ;
#2758 = VERTEX_POINT ( 'NONE', #830 ) ;
#2759 = DIRECTION ( 'NONE',  ( 0.000000000000000000, 0.000000000000000000, 1.000000000000000000 ) ) ;
#2760 = SECURITY_CLASSIFICATION_LEVEL ( 'unclassified' ) ;
#2761 = ORIENTED_EDGE ( 'NONE', *, *, #1786, .F. ) ;
#2762 = ORIENTED_EDGE ( 'NONE', *, *, #181, .F. ) ;
#2763 = CARTESIAN_POINT ( 'NONE',  ( 7.661477064454585317, -0.06469268076317491456, 12.00000000000000000 ) ) ;
#2764 = CARTESIAN_POINT ( 'NONE',  ( 2.284257538061051473, 7.783357719253976903, 0.000000000000000000 ) ) ;
#2765 = NEXT_ASSEMBLY_USAGE_OCCURRENCE ( 'NAUO1', ' ', ' ', #520, #1280, $ ) ;
#2766 = NEXT_ASSEMBLY_USAGE_OCCURRENCE ( 'NAUO2', ' ', ' ', #520, #1814, $ ) ;
#2767 = NEXT_ASSEMBLY_USAGE_OCCURRENCE ( 'NAUO3', ' ', ' ', #520, #865, $ ) ;
ENDSEC;
END-ISO-10303-21;
